voltage,packet_loss,response_time,sensor_health,system_health_percent
5.14901424590337,0.013924736524361086,106.96572495333636,0.9663737229647656,77.60133673110532
4.958520709648645,0.004725026847317355,105.66647185071334,0.976328751036187,85.76241638747348
5.194306561430208,0.009869053052257146,81.26960308389017,0.886650084754535,76.46728974305063
5.456908956922407,0.02552090234730598,111.59168443527477,0.8749376041453789,55.09691087193976
4.929753987582999,0.07985892657309564,70.19834648846764,0.922539789403793,75.23736140824471
4.929758912915246,0.01855210785706023,86.91631348479342,0.8115948892115826,80.54298503210805
5.473763844652217,0.0700410248884207,60.01824374204384,0.9382646321135194,53.83148385566986
5.230230418745872,0.019083603617344385,131.1725303392563,0.9564575210754493,69.33553172022935
4.8591576842195146,0.02238136062484421,95.36901012109409,0.8794883854514344,76.24512365636352
5.162768013075789,0.06092973091716067,143.33768069632623,0.8349231700014793,63.459154908275515
4.860974692156262,0.06609681890038084,116.0589985303899,0.8057636750281727,66.25333234184305
4.860281073928923,0.06257049683813272,108.96196426702049,0.92744911989742,69.88407588126184
5.07258868146981,0.045789870410907055,88.27544611438002,0.853798681326982,77.02462756527699
4.426015926602661,0.003297548903602541,79.0729992862516,0.8927779174242568,55.014581680479246
4.4825246502460905,0.061149429600166075,110.4594314779389,0.8772711043315062,46.27854351357675
4.831313741227708,0.02207709202819473,98.56971981454036,0.8349769591894926,73.40982787176911
4.696150663899673,0.03368464230987321,73.21459369029398,0.9016737336921409,67.42835879231284
5.0942741997785825,0.042915896956272084,69.66283166983362,0.8919187045481476,78.77825439382381
4.727592777343637,0.01574036294957352,80.82592541712833,0.9248295245739665,71.7085101479487
4.576308889599413,0.10972624241961061,136.4193445053246,0.8503769989059574,41.48520254060987
5.439694630676466,0.09724207312091293,144.26555836022607,0.8429278159706812,41.46401167466612
4.932267109854039,0.05020487131777837,104.0997829461782,0.9628690119512944,77.25269783798366
5.020258461406377,0.08805033523848868,102.97885592482577,0.9404384489928084,74.08782541721767
4.572575544135963,0.023239567506169054,93.27359256340958,0.9544412903383127,60.630064072657696
4.836685182642445,0.058271874718750796,81.31029303380996,0.8246579623510056,69.82245969437322
5.03327677691296,0.09388601476510375,127.50358115214487,0.8448079286654036,68.06629162855045
4.654701926773309,0.032274934089715636,137.47152787794272,0.915106303240728,58.995848769961476
5.1127094055037015,0.007240641424285817,82.1316182832143,0.9714402693745816,83.36698301530524
4.819808393024359,0.0652310979088558,98.34323243150797,0.9784229286336941,69.13797422465625
4.912491875062017,0.0158433237139253,91.00267398579665,0.9663819924509854,82.60038639707226
4.819488016331181,0.06117115922811557,91.59521850270046,0.8086795892168855,67.00767702972117
5.555683455352681,0.0672816713783815,123.71816510859725,0.9641758369311453,43.4784421998451
4.99595083257862,0.045218253285920496,73.76076909267756,0.9798182355042163,85.1945997626457
4.68268672131323,0.007064954748111991,109.32939381872612,0.8113498180305304,65.19551704531499
5.246763473630956,0.07884107844737953,114.56476214611732,0.8832561787553976,59.57667717553192
4.633746905008693,0.004760754900236756,97.15697652796362,0.9073220646593404,65.74144470587653
5.062659078501427,0.004782756447302429,117.86135653973545,0.8465500745767,80.66790766037948
4.412098962836067,0.004353551640499293,102.953036810749,0.9033371312074221,51.844343967162686
4.601544185330471,0.050927817848896224,124.34259842312224,0.977191157592213,55.563041752025846
5.059058370760737,0.11928382055074199,69.55589390148292,0.9733885012691529,71.07610530697924
5.221539973998623,0.02617646009205465,93.02449477986261,0.9879674562514962,73.23803219331808
5.051410484356992,0.009163410542176917,98.5637371429793,0.8968219596789084,83.6209248365342
4.965305515283528,0.007038909349795373,46.555852310573016,0.882113389058784,89.84917706466074
4.909668891323213,0.026219238345385712,78.28094532842931,0.9331575638064706,81.48230447087144
4.556443402889772,0.021414688017419952,83.72801491282428,0.8833521155202069,59.46864178989504
4.784046737481588,0.026009927937302755,118.964119896467,0.8083889192001716,67.4126814526566
4.8618083687120635,0.04254061681658999,85.86313307370798,0.943984290434091,75.62078210154633
5.317136667865674,0.030484303178724408,83.63842025388045,0.8561967882565648,65.15924819099412
5.103085486870539,0.042877096700239065,116.34971561312383,0.8098170624534381,71.94467597048819
4.47108795339118,0.04168738046742677,67.64178708419891,0.8041242153053809,51.33047573104452
5.097225190818438,0.06859483411232219,58.575118651128555,0.9862722537154637,77.7451966432418
4.884475315875105,0.05184350791977016,92.76815399861307,0.8504152017288338,73.02348139925614
4.796923399908213,0.013550742283122679,71.0458646384329,0.8895798385046128,76.46980295827333
5.183502886652261,0.034791958150197894,71.80641410680701,0.9901152905797711,76.39269747924939
5.309299856748785,0.035222591392749816,111.46867583375963,0.893503395756145,62.88182021790736
5.27938403573486,0.04167708052362647,117.51947675825159,0.8157218647052623,61.54788539564453
4.748234743033208,0.008871253638757352,115.7772843170425,0.9103872094493318,70.1934122934613
4.907236287244635,0.06409843919927054,122.17553320614465,0.8176397306908131,68.95465264798935
5.099379029421069,0.043901890759614176,124.82268640029604,0.8190175756747073,71.3500574942583
5.292663538136708,0.05198040653994136,57.42819582346138,0.970295414760492,68.30621544367003
4.856247728646413,0.026991067925910543,109.00823919858934,0.857884308672918,73.58306578349764
4.9443023070008545,0.03192494628365271,89.40783600860883,0.9357340400224873,81.64329367709223
4.668099507798192,0.06427885408475224,85.05151508019128,0.9017848670657324,59.97468818847419
4.641138012775799,0.10908423932334259,111.20829264417411,0.8444653382408829,47.87412236844679
5.243757746718259,0.048233816295027085,65.39409040208497,0.9035640597306416,69.67133490705471
5.406872008571247,0.01737630719684753,64.9778278825536,0.8137987071799506,62.759424761541716
4.9783969635259,0.006183235247789133,112.67145488163435,0.8694424699179419,83.89803643458103
5.301059869367608,0.04168748429804811,109.75572035021796,0.9045672450040984,62.799058058296495
5.10849080751429,0.03078343854668093,102.7346531174302,0.8456788676171304,75.51314780774005
4.8064640736184625,0.0023726878631690033,82.40173190553726,0.9320376260362722,78.43252056780412
5.108418681652524,0.002045109430542775,114.87659269164249,0.8103623843392614,77.90770110388812
5.461410969939791,0.03582254275920238,113.60605784120952,0.8969619795741254,53.520594197093764
4.989252188267015,0.06939307912032547,101.70609030094909,0.9429991562578767,77.6355435230347
5.469393096744202,0.04296020907997647,76.45357917460457,0.8859892117913546,55.466809151718046
4.214076468773077,0.06588840988975687,91.49503308540986,0.9749172830637876,33.31016899565584
5.246570751312567,0.004480193176224317,116.75667355048886,0.9264385562481331,71.3868297147261
5.026114120471451,0.01284177343472152,126.54382445603574,0.9916985832117475,83.68647597513608
4.91029779486024,0.03391575333146139,93.46926793247343,0.8568243625549958,77.32006514974775
5.027528232960651,0.037945879187032974,95.00654064383475,0.9877578661709494,82.9109274033415
4.403729325619732,0.03198966122641174,96.76621783949878,0.9213645179771394,48.17597892881509
4.934098433648747,0.11243315344832752,105.49786017821944,0.9490357798426797,67.61186258070732
5.107133771453524,0.045382129054672024,88.37865399879952,0.9804322234086894,77.53543342288157
5.443368213422454,0.033683005960625095,42.11629884856833,0.9102394375983642,62.33861516766942
4.844518934517906,0.09834273536068931,123.85538003294194,0.972436158389933,62.98291093147541
4.757451919132044,0.04995448796319045,135.893778943251,0.908339387917611,62.53135181747118
4.849472886924639,0.028783685624588967,87.75200280788575,0.9198397855234476,76.27241580147037
5.274620635310622,0.028424182348094785,78.66693262162451,0.8890197145794771,69.17283555857553
5.098625332897905,0.04908845942838519,97.25798955219555,0.8291277103680206,73.57596636400878
4.841071938869888,0.0585025054458793,96.24992232542454,0.9107006466697734,70.27796121616439
5.153980229934007,0.09530736203874733,119.91037154325919,0.9954896460532362,64.3838376648863
5.029123264804412,0.001942499523908573,101.09278883290075,0.9574371991464569,87.00069428278803
5.2905934971598665,0.03695307538081756,84.14754339257634,0.9494996969506873,67.59666846304148
4.789384071836794,0.10290847152745093,73.63181098883902,0.928661760545926,63.136827693124644
4.90170135602067,0.029038242183126884,117.31268369639346,0.8695817346974489,75.4067113580808
4.882367554060353,0.01431715787504799,111.99022482328499,0.8339230388956758,76.27391785794899
4.560945515560364,0.09995616204183672,121.21119756183637,0.844910320328538,43.44039327773348
5.088836083119372,0.05365668461164842,80.63626498557812,0.8012644179085301,74.58299418070318
5.078316581653967,0.03525427023533765,136.7687379905666,0.934696084179671,75.02991244999811
5.001534036992738,5.983065056548026e-06,65.12610985885526,0.9623755117112868,92.64195956901744
4.929623859987456,0.009158285862797818,114.1920204280296,0.853782270239612,80.06013208181696
4.575388777384876,0.0902823798753982,61.80834465606197,0.8183700799288545,51.16753679475372
4.873806403170392,0.030036927037919475,84.19337236603064,0.8671454135643836,76.84641616922022
4.8971856450419695,0.0851300345960511,131.22045860895918,0.8584102458833957,65.1077925698825
4.759316819233514,0.013676982394862144,116.62728508951979,0.8901752721555464,69.64823872894048
4.951614286500197,0.02291080158858134,89.07559169025636,0.8528204108642022,81.80908599998303
5.121215257044361,0.007313200458873244,89.62325914356623,0.8679465410690058,80.02670941553083
5.565855770363159,0.04814553301425426,102.01244221670885,0.9815109558698485,48.255798721798406
5.052373343849552,0.014627755910287529,110.28281981521445,0.8669670705779213,80.97449541252075
5.07726511721683,0.0161567296498169,125.03158765365393,0.9571036093459794,79.57949694107188
4.97766622527015,0.08567365806626184,90.87531990783012,0.9251667400448919,75.22472761638457
4.424368635410287,0.014823054489334419,67.76429873025597,0.8675075891262748,53.812381860716975
4.992045837365235,0.11320997629436749,103.1393725409752,0.9635576539560701,71.49846962278286
5.018069062982308,0.013565379568554307,90.85138324983211,0.919015213919253,86.17621523918022
5.738972633745586,0.024459909830628568,73.98732590503106,0.8017237455197801,40.62839782056303
4.942291710565663,0.005939820229861654,105.95337830625589,0.81374564031448,81.32610457512456
5.090464202700084,0.026170956675048054,95.73772491814421,0.9505279118904638,80.0832900827326
4.989586469088427,0.04222959975365645,106.13024412939589,0.8893055579170389,80.21383492765833
4.64939658871414,0.04169176200444383,82.11111599625639,0.8811015583487082,62.12095058953035
5.342846844354506,0.017655866531029,109.73421060650998,0.8291654368391617,62.39069703520752
5.225579909806032,0.03614573387237853,73.65803606490043,0.8314637187922541,70.30681610013633
5.237309584112914,0.14515858954528554,83.44537220606834,0.9595504900191801,54.83410910120908
4.7271837635615785,0.004199216980027655,95.14171537825445,0.965803426792291,72.80304026471094
5.42083829328083,0.054960621933599324,134.83636829919428,0.9120005081277459,51.26198244574582
4.5794446811623155,0.06038206552615984,115.69650737096987,0.8590255619611376,51.32023154294072
5.176057128140081,0.006019364004766161,121.54385008535579,0.9865401633335661,76.11008596901597
5.657136687742994,0.013640030800877855,128.3415406668629,0.9247924781990453,44.18748961258332
4.702839102460794,0.04364075349639163,172.05664271621748,0.9593284238903577,57.605137329374266
4.8301106811191685,0.11612270704959694,100.83178135116869,0.8006565840576432,58.31818835574656
5.029895409526293,0.028307030653916532,128.4080184625971,0.8900639201750721,78.9206973875767
4.848957303765141,0.03748707276839465,120.25270508803882,0.9741898172639911,72.77290314712518
4.53480097068016,0.036217285559746196,119.92065006615051,0.8676466566465443,52.016333533163504
5.020568892441808,0.031816459841908146,135.48479236080362,0.9453102353744562,79.35112294861403
4.681308885882169,0.02277413479627907,91.61373938031048,0.9315349650257291,66.93173829597181
5.142077729190555,0.006318619480336591,90.0262995212724,0.8304436732708599,78.13378683980619
4.724172729729859,0.032616473480159766,106.39531026963724,0.9549807654508811,67.01797704382147
5.464980321505262,0.003776722336767742,96.34600456156225,0.8225053580625599,58.35017906426408
4.765024012299129,0.03966878842716577,106.37001705996346,0.9455828193143881,68.2257771541643
4.903381545138298,0.07165852258493638,131.25497570106023,0.9981936673558189,70.29249009756775
5.244055165210901,0.07089785262146799,90.43706554587443,0.9915962863623525,65.51023136678533
4.6307407050698135,0.04480243464119642,93.90642074812538,0.960048348611401,60.93440200542483
5.068237980381239,0.011065955619600823,103.48622007053154,0.9069034848459404,82.03527552405117
5.392142826284728,0.057644554074689255,95.43363147949661,0.934964915164148,56.98068246704621
4.517755029631632,0.01074720512580216,61.71988343973025,0.9456216780688186,62.19366622643092
5.055390157559692,0.0212582949872769,88.39744714602121,0.8016803048556478,80.6817076808378
5.077964838274527,0.03131190443337108,113.74746484475008,0.8204732441905913,75.66004243785954
5.234546861533193,0.07589669113635761,128.75093501865294,0.9194118264157725,60.05582766400492
4.628914786736575,0.03846576325432345,76.90762864924547,0.8013069080285818,60.30039801169309
4.603863016074717,0.012492608399128054,76.81435201538314,0.9817811301546995,66.3120771061695
5.15658246968507,0.06662472974836638,100.60467605434671,0.8979325426450155,68.5095256041065
5.0890954019699555,0.00033994981589049664,58.48809870244327,0.8515534151210243,85.78554184159526
5.075147855103763,0.021710234226903772,91.10059594025745,0.8787642339195199,80.69981864410329
5.103934462849093,0.022731232087753284,65.27915880897213,0.9701552821280006,83.22943717755423
4.795992583526453,0.0028495916912615743,127.38122599684931,0.9854385747528231,74.30276515326946
5.069676109148301,0.0504113384153725,84.61337691299191,0.823246996095464,76.26133491940614
5.087921741989605,0.023853930569074682,133.05668372678053,0.9555921267911154,76.95278005840677
4.78569457459209,0.07278471244415749,122.27042706916677,0.915645423643306,62.30983337485121
5.559732353343427,0.03485719348852319,87.07365404605167,0.9171005515328974,50.822125402168695
5.142149876273536,0.011133588327619143,78.56080726307844,0.9558904243791653,81.06269693572041
4.642608950839206,0.04512731232270909,96.12908501664823,0.8445689373571915,59.06591044742498
5.196966082590149,0.08060453596613681,97.90706751483593,0.9062089935949916,64.42482777008681
4.707595498931804,0.05465949061044656,106.92293887904803,0.8638705230901619,60.84192291823969
5.2361253811227355,0.011560763129202534,84.46913420939643,0.8189024689953031,72.0294986222219
5.3475786737022215,0.034156541115976255,114.92789747044407,0.8210158891113208,58.94932644565228
4.753795304494487,0.014897180468557602,105.30656109999799,0.8272942941250302,69.00837097188636
5.289012838773297,0.10383960334385435,93.19209686568271,0.9229799697809676,56.22367888107513
5.12383427808095,0.0450545004654386,85.75918689163954,0.8211660396754621,73.65917034967251
5.246618047998347,0.09596681755453222,96.30230033802628,0.9140207685180347,59.45807982347739
5.5690378947961845,0.025833087558475173,83.66197496344861,0.917659411595452,51.96975391402183
4.926383565199139,0.03155530266471317,101.16877389767176,0.9807793020243782,80.34842716296173
4.773879150692753,0.0056563623182141545,101.7087737043982,0.9252753192651029,73.91892370869532
4.733145671112343,0.10849565338277965,105.23414566952678,0.9971175681763003,57.133329055896965
4.755256914510369,0.06549812704302793,135.32484819343708,0.806198515988167,58.08218131458758
4.976869487175769,0.052001330919216465,97.35110560600855,0.9408292273290237,79.89344357864329
5.102345592444993,0.0378206291767188,120.09195734248965,0.8052960156106087,72.28289465475581
5.083007239799006,0.013056855609548623,104.59174793951404,0.9458755155749408,81.51937278817478
5.248154974710807,0.009971440967211571,95.23511396203092,0.8771700418408072,71.63487481288293
5.003900567563372,0.016103863216074207,97.61681460097532,0.9222615530785179,86.03393606525937
5.436060223147195,0.0474787158032222,98.823471816639,0.8619076144176676,54.070384347374414
4.920602950028613,0.09544594471334518,105.59535415456432,0.8318210078305298,66.99617003586916
5.816050749976886,0.0759169068396564,80.8135846956206,0.9447025036178565,30.46211057823347
5.187700204329502,0.05096921778980203,70.69319233110066,0.9809240760540173,73.64176735972985
4.742852733075115,0.03119974844505244,113.08594786948551,0.836716488740007,65.31693670560065
4.678732250581667,0.056838167258394856,117.96247665162518,0.9841406002407201,60.084774285792655
5.144741724572955,0.05094301650723177,114.91271665605606,0.8280364218409088,68.7435008207505
4.932961164402244,0.01146168816937097,103.09944037112945,0.9471323765099062,82.89112013181419
5.2142001482276275,0.16570546078841808,115.34449254906578,0.9918890316358012,50.595503365889094
5.141971287372064,0.04385422811655594,114.26858052034285,0.8294741763512475,70.06621401518345
4.978151326202938,0.034159422333302505,115.7525871790991,0.8870180093510707,79.73026769129241
4.745961884579478,0.03167975406307882,82.80918357315772,0.8674914964716799,69.0746615374247
4.54554583259424,0.12584015274819269,78.06096405690738,0.8776955500368196,43.604541638471176
4.866045514379894,0.021809742535208548,92.22861506495458,0.9506279478263553,78.480966932544
5.256919638297042,0.006708581717650385,99.6523178091469,0.9322377865111119,72.25805839383747
5.064228123239062,0.07386468365078465,95.16157745735421,0.9937373928925639,75.42520017015445
4.626278366386404,0.019106892255613326,62.46619337324249,0.8370959006712845,65.20596682094369
5.051954277755355,0.0032698072734852167,134.43385224270284,0.908652173865176,81.12193049668916
5.115595213918651,0.04828164509433601,94.51908022228528,0.8898252290838053,74.16663696017814
4.73484276913966,0.03362589951147966,103.45408833153907,0.98377122178515,68.37669682420675
5.046117531783659,0.07152193928183957,124.89097981526118,0.802123846495392,70.05803614908628
5.0174626155338,0.08457344445326817,53.100554609575894,0.9978340801534189,80.91285254209257
4.6571089106508134,0.035350153000268086,89.76612256176575,0.8959468628745058,63.06633669032213
5.107336208104485,0.03458663626891545,92.2576545284039,0.9251079294467195,77.64822520948759
5.16823535791047,0.030705549114306677,93.27379909098711,0.8720105111611431,73.41287647234994
5.324915372952583,0.044456527832464385,96.53026818572094,0.9705053339390998,63.59367830818524
5.316140615610471,0.022758531893573197,128.94269596889689,0.9123975890236765,62.97146546291961
4.586699189612872,0.019969575883885527,113.46917751454446,0.932562187249953,59.51084098773413
4.718652488025463,0.07983135604136211,119.16070537257659,0.9297809416121353,57.823994170308524
5.154510580162598,0.09580580901775217,100.94240543621848,0.8727964279795466,63.72018185355037
5.154135785273662,0.055377647231671046,72.01253907708997,0.8151981991613232,71.54791587434708
5.154514305891814,0.020501057587028453,58.406059297079864,0.96154124521881,81.04420198310511
6.155819447196416,0.01443472167226174,69.41184553536738,0.8579431838368635,18.70330404057631
5.17126715320795,0.004451426675696384,107.1953140833204,0.9697860456955409,77.73244631174734
5.340669692054179,0.04012581048676607,100.6353942539527,0.9217286017581653,61.91197951350237
5.286200529047961,0.053471918577123426,95.79672704887984,0.8707407916194956,62.64232359805575
5.195417375391739,0.014393677819432755,92.62846186519727,0.9188494297947245,75.23004821295551
4.905419226607896,0.07566701673614014,140.23443150885493,0.9290985384722875,67.53362870461301
5.227690766147981,0.028252279028808985,83.5419281804705,0.9413366815517344,72.57325298978745
4.768152435638728,0.0648249835100083,118.55638912232118,0.9644676269014143,63.79911223761863
4.928954417977997,0.11702132110174655,100.03825872041988,0.8319509884435969,64.8192608102478
4.854390935651269,0.0793713575841,98.78120976428006,0.9888288769537233,69.2562090641076
5.024562241815897,0.046061499532227074,123.53275097233488,0.8821681228855022,76.9071279216887
5.694397570002053,0.08580880407650111,129.2506076538289,0.9720900596752755,31.98156561652428
4.439820442222476,0.010071540655951977,95.20901086230323,0.8440959190735571,52.23951273019656
5.205878057112354,0.08307027120114525,115.98405438484284,0.805805794440943,59.704486343421536
4.5161852386431045,0.0415181320753249,107.27782724300107,0.9146688087245701,52.308987957478834
4.85842044026317,0.08373265620191707,100.14874277619829,0.8649332558144878,66.22911882417255
5.32668517909021,0.06623609027567105,104.08509885314052,0.9968924009895899,59.99281384771451
5.019284005728639,0.01313457417440177,86.23982370310324,0.8208906909430767,84.66660497867262
4.676676566621208,0.024338053773132334,93.8780121333783,0.8094605732007044,63.7512961819789
4.78540888722201,0.0066418134389962,88.38729440494588,0.8090035637106266,73.46960305118911
5.203879324680403,0.020963323209468605,118.02753432857838,0.8433747390447589,69.68748338579285
4.780890010484859,0.06776942855899255,98.09597768917875,0.9158382232730677,65.19515304178611
5.064937576874592,0.03987661556325811,74.04571950769923,0.9011126747289384,80.73993459684459
5.013671551971144,0.02469082152908063,85.53125553673824,0.8700151609667124,84.32326131802968
4.804519895718255,0.03520128167361927,36.014707095756435,0.8177586214833819,75.74470321214442
5.643183226797598,0.05451237616495233,90.11014796235703,0.8467474189588637,41.156083550342835
5.1901757066954035,0.027320714592130174,100.75290130194298,0.8368294129569434,71.15264853840083
4.392457224002718,0.0780751524240988,97.27728302266053,0.9491333674312097,41.0910996229064
5.055936294430828,0.010756162187736718,139.60308703062785,0.9559892766002629,80.18987483493227
4.801464060569484,0.05528739002820833,111.49812081830073,0.955402802612364,67.75297910035498
5.255730000438867,0.061997226987101375,110.60903706178301,0.9938081088828297,64.17187439708104
4.762243778470189,0.10428508770174859,67.13461930859444,0.9768475892668064,62.91535340742577
4.96557906755993,0.012312116207329731,92.70715891765735,0.899560949435701,84.80842971944463
5.151496183694137,0.003927713335885916,90.2667438535261,0.8829872041818331,78.95414167625295
5.259726558251036,0.045783031504169715,84.27837602383984,0.9831537035418924,68.78418824776624
4.6399110778832675,0.10109368738925258,84.00238668973307,0.9222450504096293,53.27527390382745
4.899649629247715,0.005991707286261309,63.83754092116752,0.858879733405119,83.87406223790936
4.857516406651714,0.046622489049910246,74.48293590637343,0.9128928055430335,75.26717356183961
4.804001230227886,0.051570930313620325,117.48186805529897,0.9984298845392252,68.72484515188472
5.529636272084329,0.059953403657114976,97.14170616013635,0.9698940120304724,48.91252275096881
5.121494513288287,0.020306572521761344,89.87195163451332,0.8562559432119083,77.80226702522542
4.6217348136994865,0.007906662982872532,99.89177330694584,0.9905908851834434,65.94072974751259
5.275358584116433,0.06971893654960232,123.34781357402302,0.9962924222958232,60.61171155908782
5.63664685910379,0.04640180022739822,100.08421041751572,0.8462333918830831,41.757165215572975
5.309739578165344,0.018421775845174643,110.80748261862075,0.9791184237002682,67.15397914544647
4.544189010213796,0.022454736565283576,83.06790315223485,0.9766405435397665,60.509150683607096
4.854729778140125,0.047585376601232326,87.62740098506562,0.8079507146468081,71.54225439265223
5.380073344755987,0.05429452282189601,107.07953770127351,0.9339378386123374,57.02222389347579
4.787699160314366,0.006888321530857205,137.85307416674226,0.8610561426062339,69.66451682468384
5.133145828443869,0.0017855416192368578,128.59549719029746,0.9349225252983752,77.58231983742009
5.232390216028801,0.018356275742378293,111.65656138912277,0.9827117388380487,71.79172431476391
4.721920858526575,0.02201538496651239,103.02867520321436,0.8997558495979037,67.70519323825428
4.98214239318146,0.06474650307827803,128.0213871125434,0.8828825661577305,74.07208074104618
4.027619797979279,0.04955452656626108,115.89356646090248,0.9843062542374834,22.32077733247698
4.692683707599713,0.012179536060359866,54.126759552586776,0.9948229835477065,74.21787576262425
4.924229554582052,0.05818340748594976,78.92138304289556,0.8124472655587606,75.0830691589163
4.625665045410545,0.040036862684580656,106.76280650715863,0.9845696138296415,60.549484947822585
5.48972339117949,0.001329981814301856,64.26064868898055,0.8165537067043778,60.32210852227481
4.570957586611811,0.013764092088175705,82.04821990486276,0.867457242676718,61.337164246530364
4.867986653990905,0.012588855557843961,86.00370112684053,0.9525148244860654,80.64079728281496
5.039222173185827,0.04526306715871009,94.87668187508332,0.955407396387939,80.47768927529431
5.432381986719834,0.0016488692639179126,94.25139583547585,0.9451643781358332,63.28789838639134
4.569241354646168,0.00047954067891833527,94.21759145666346,0.8078224976122137,60.81724098351028
5.348949125646488,0.11843786547169795,116.50615034480627,0.8265932096048187,46.178621798071774
5.003069918305876,0.06698677408735522,94.69552269098932,0.9872432996439497,80.04310251232423
4.705547404685615,0.018030033221256955,92.30739735857532,0.8162922776791782,66.72344511567438
5.138631042278981,0.04854704969710992,73.01655791712967,0.8157091833946234,73.41260788487413
5.059717908672041,0.025917503282758863,120.4869240397165,0.9671291875515741,79.82319133432357
4.819934936852362,0.03957755876300469,86.57004972105028,0.9282531506445773,73.16752043747753
5.020940625497006,0.02686706622825523,78.2593934399745,0.870331211169036,84.29418741532464
4.884405920941472,0.07948213227426179,104.26181149737943,0.8331420974143253,67.3786962138976
5.034055203575375,0.037281017232572294,84.66117475233874,0.976834083978563,83.43509940492906
5.198639202356314,0.01689556508928563,89.48094520411412,0.9977075515257025,76.55336960533097
5.4758050448436055,0.07210952884915087,105.16920348638138,0.8099943456885659,46.31823454714422
4.628655350351945,0.031664252054393605,93.47034752440888,0.9108226764180404,61.83910198887757
5.63991001239688,0.026073928966452893,146.23218750601268,0.852260716981163,40.11630550024123
4.41437366014325,0.03570113012430573,98.50342913361604,0.9664773667099409,48.98645451078634
4.954464471489325,0.015319548831681674,112.35676437758444,0.8692146183549612,81.11855189394801
5.176495161945373,0.020461349649773447,61.1661190501411,0.942925857837268,79.08299308754286
5.084297560320509,0.009334729438093638,82.7870173617054,0.9079046843052554,83.42132891498997
4.813190144053822,0.017558360981193944,78.26172610166574,0.908304676318994,76.49757541226352
4.9375633248928175,0.029928519324121983,80.91240553394742,0.9715998862360843,83.10527876627769
4.85209971960235,0.0495991643398538,108.31075987674005,0.8940808851849129,70.73665024118719
4.823190572916737,0.02398586806922783,120.71130135554819,0.9691199068288961,73.10482216564313
5.2548806291063075,0.011286648276653719,106.89261009269022,0.8726853656075151,69.77861131500478
5.107104645789514,0.02515587912228185,95.46710752867382,0.834956588492861,76.95276040127672
4.792127121421804,0.006435171842617975,87.38289922575161,0.8910954755313231,75.64597109696685
5.269879962629975,0.0977851745063679,122.27199502373018,0.8996711562754045,54.90564968938136
5.092189856262983,0.09872931788811712,141.42510908309725,0.8956766395275583,63.430232823244914
5.243858635651688,0.07432400614451909,102.70111409567382,0.9616660823758565,63.1830911771706
5.188888652577083,0.04228799256085644,118.78726128143146,0.9129357882920195,68.70347159894378
4.751301496723379,0.11537453362766341,106.8674069959095,0.9776888143517606,56.63894534669747
4.831945687940909,0.028868205874185534,115.11009812931178,0.9028370989831884,72.13224256205929
5.224188081536979,0.11438125603130024,76.70906443779768,0.8449430165764009,58.619480590834485
5.18311107963004,0.028260703837527396,90.23727439715752,0.8258991680525506,72.26848556790377
4.993729521810756,0.03193689626456783,107.90938880091169,0.9736725641889242,83.51574927264748
5.035198214992635,0.04369186625671022,124.24981888163958,0.8112345597804423,75.13403646938028
5.383299468736528,0.02073470477721834,83.6373155672465,0.8235219223839525,61.99853305017997
4.822528583349251,0.039308324899919436,59.33401777919747,0.8127317037835282,73.77669856371796
5.164129214351012,0.012265483443272267,90.03471147117502,0.8847468394363641,77.00389026405826
4.939342204269832,0.055693872204506875,120.202614286965,0.9065231232787188,74.11665246239177
4.934695639031834,0.024950722474362867,68.322088178243,0.8039749462045201,81.58642007702173
5.329633055596157,0.006120736418875464,76.46160215736832,0.9031172333783208,69.72009065322882
5.2476249046964085,0.008340665890116963,103.11837172102224,0.8787518942581253,71.15460654775822
5.244052890800192,0.06054568863078483,97.68057494477073,0.9547290364911796,65.60149649271729
5.391643642146299,0.012687101490348376,111.88932963106454,0.9659913243492446,62.729209771548234
5.0063011524898275,0.06577014852424685,75.42546479108842,0.9369934872772411,80.95373183840931
5.204585891388489,0.08113558964159655,93.50042811662664,0.8946991070633248,64.09844740005501
4.906919973021963,0.0634356931173065,123.90370804806196,0.8432297190083977,69.37406798908356
5.097249905746533,0.07664631936505174,76.14207612726432,0.969422973460512,74.4423096069341
4.960957083689695,0.12302113492223496,129.53824592620538,0.8683338280088834,63.61710675060357
5.029098789497816,0.03260018806009642,78.65166028222623,0.8712583774389899,82.92404594167377
5.178547107631074,0.04995420926474112,116.98763154755221,0.9832023094374089,69.75932518641737
4.754533795029959,0.07185026621845793,92.5408297957375,0.9951194511195827,65.14279381184673
5.627716182705638,0.006225884241048887,77.10183484722046,0.9796261912769009,53.28548674232037
4.69819478555009,0.029114011176893488,90.06201905694803,0.9996469447122163,68.5113224450209
4.63574341616368,0.04570997648115546,110.89858376357988,0.9737817687802954,59.67388549689541
5.3474332620500205,0.02693175142652255,99.86292010197018,0.9408715035240164,63.9453796233037
5.237498808188881,0.04490559978222708,122.36938822886688,0.8587638799142946,63.95257031673229
5.1872359451156465,0.04580815114632347,128.71480121869763,0.9905914097799753,68.83496869484243
5.188503652779284,0.07327123617987903,76.339386693643,0.9753253663227508,69.57166406335183
4.996325968145926,0.018740108906776454,74.8746171017931,0.8481493584831307,86.4440672122224
4.730823688554251,0.006630337833674824,73.90412452758316,0.8978324946483655,73.42110807841283
5.022741367458118,0.11477536729956776,82.01607807903962,0.8140111321251101,69.49782769217599
4.796851486546366,0.012483581311814505,122.0842904163949,0.9906617726534435,73.54335840743916
5.292535920025325,0.0300016893656164,111.2072390133347,0.9145536655442912,65.11794080319038
4.955882785549359,0.01664949791373895,89.09944854155137,0.8490401091856331,82.92639977545821
4.752350840962246,0.021084041315251118,99.77794818754332,0.8584798627247752,69.17024669618829
4.903584247504102,0.10117646054459033,128.08611010331876,0.9961312745259719,66.15260024874514
5.123879436282687,0.006385070596030287,138.16021701958238,0.9231228583608395,76.2559086988928
4.830882634158808,0.0363642761853465,105.18768666885605,0.8841366248212807,71.56228045126652
4.753333881330071,0.002537013865137581,46.81437631905203,0.8999690923571076,78.13742501527057
5.073106163447574,0.08008530008627668,105.94574189519946,0.8197100144754688,69.4004612801935
5.0734899713326165,0.01256437324915909,118.69496259082695,0.8150045520145752,78.13654051387796
4.847917047388661,0.028406429892616335,104.4926463171215,0.918541548660077,74.53562470091659
4.858688508314503,0.050871431546366225,114.53029837469568,0.9024008072880633,70.48558207520696
5.069614981207291,0.013670711977993622,107.14130748920769,0.8718306382606883,80.4949763471565
4.565574697550803,0.06439019677894244,75.3070916503627,0.913222790502273,55.00969898121599
4.577760867687034,0.08992419965346607,82.27523133273074,0.8145351898874345,49.24020277767774
4.784466733624269,0.059058766814379965,93.57695625739687,0.9887982342863093,68.62745805528564
4.9359658544864455,0.00923058555699617,121.30829556476704,0.8587423375568444,79.81738063029749
5.093272269679401,0.027055724835279647,84.68231863358758,0.8143557581343999,78.16418839327322
5.442606865084866,0.05624924700720298,109.11805266335294,0.8339008545148209,50.77241286778874
5.257297886960606,0.013311031373938017,106.07385187842394,0.8190947828965034,68.33998254636062
4.9520184410109716,0.023021923403341655,131.7239453015826,0.8357209008719363,77.2098414374375
4.9942951376291935,0.05471631905746495,99.16640443741171,0.8833508109653224,79.20063617469715
4.6992411906086575,0.1486376194622237,64.90483163447483,0.9476101787871042,52.120548929480506
4.994446059202283,0.04499108179869047,112.93740929793556,0.854469669491008,78.71375374236001
4.913402408323958,0.07955700744773332,142.76110423268008,0.8871853243883288,66.33818944677607
5.096815568101427,0.0019384903542813518,114.24766689732913,0.9857514575776473,82.19055482259223
4.751830716934303,0.026124546268722734,84.24676816379186,0.8591643478651951,69.94977121667448
5.1558039542723515,0.024367871263013187,78.36108241642071,0.958943950652942,78.33935282562369
5.459821673900773,0.016540656280437657,80.94062332985189,0.8315633744964733,58.46680628083224
4.9673719554629425,0.03226458713184677,140.06623760764091,0.8356643492514495,75.90929248226443
5.120513516629682,0.042125041845969366,93.45345118957128,0.8912305746952531,74.9296991002716
5.207043197513333,0.027245436134253353,86.74713212343944,0.8468204500932773,71.7522885185836
4.879633858434249,0.052289882080185576,96.83126711745533,0.980605614758852,74.86353477745863
5.067227744543125,0.030783161543991296,93.66185902788597,0.8101504582246956,78.18568435751912
5.003777720234538,0.04691058027461287,131.35300719575008,0.9194545132287679,77.99053928973613
5.029302829564649,0.0484731887328029,79.71045017967394,0.920845879229904,81.4167244828313
4.76809706484336,0.10824129418958682,123.61286463320894,0.8132051855038895,53.75244700892048
5.007353052277683,0.018713496120202736,102.44184192902169,0.9465128429741783,85.43786511189
5.149399487373635,0.008816671409827793,124.1405302685537,0.8937795089024392,75.17506719730116
5.4353430823385125,0.036530663054520296,131.65238087468103,0.9446146746989617,54.126871008022334
5.287781247825562,0.008267497625054718,101.6959526782619,0.965384997187014,70.63110516262219
5.645954737253467,0.027170298053565224,93.69872780801668,0.8645798703981388,45.08889568391831
4.769795731133585,0.048767836226006285,101.32357663730207,0.8968971765870976,66.67815430212589
5.2616961910162034,0.06803066162517427,98.10458655989737,0.8521521559536023,61.32621375833396
5.0550026017215055,0.05957487179864786,66.86067088522543,0.840302692704467,77.88359989247928
5.656940879965302,0.011409476809866299,131.04960747570146,0.8001189516085315,41.769543965202416
4.757510514393455,0.012668411297819886,104.91570034762381,0.9927263024159675,72.91332518249128
4.748083447345767,0.13745542790125162,76.73801629897892,0.8881856938659297,54.35660490297898
4.820182206366793,0.06749445341246461,58.64953359603183,0.8026139546117749,69.2740901027702
4.362831282707058,0.026091182816010684,53.44801534139302,0.8017877155136097,48.54715231615475
4.842273493495772,0.02499940818827759,115.40960873375006,0.8576705137102391,72.39894778233445
4.772260201533891,0.0032428430610903745,87.6204486318581,0.8027875357420238,73.14289148452457
5.045118135942862,0.013233288303844515,90.90198663789734,0.8749029235317097,83.71577840469607
5.102526792733148,0.041474757885404404,109.76308529077647,0.8125877002877896,72.90262422987863
5.562851251764766,0.0005961617192976575,89.67903687796444,0.807850318230062,53.32860331302422
5.285127151455815,0.11057778865969567,110.93048832107027,0.93387627881491,53.890179357887924
4.826928903301279,0.04895381504377515,101.90528128753431,0.981368257888577,71.70949897052856
4.7304755985954925,0.104558070407573,98.31740833701528,0.8818773166604559,55.95063085410119
5.147575751451952,0.08083617462489735,68.54499188617022,0.9673540860551866,71.512611251635
4.603930037893807,0.07448147614545807,83.60537287122281,0.8058530922271495,52.820105409230436
5.549437629756306,0.002035734784679173,112.05070731173731,0.9555380111940365,54.634071489626756
5.353832036216386,0.055863177189160756,86.35956370271897,0.8125599984645783,58.00584484766239
4.859247304368589,0.02296996054086004,124.10739111568981,0.9676878846394703,75.05236276220676
4.486059641272737,0.003512785813317869,146.92802647986798,0.9764732689744128,53.473323335868
5.406161712249624,0.09492731803349269,113.12770601682645,0.9571947684764629,49.22232432784529
4.965638046424215,0.006413498006514581,129.85663782730316,0.9641498048822579,83.27359039939054
5.371344893592038,0.07348658309774955,114.41454476592136,0.9122969132664638,53.50080270855242
4.52167170236169,0.016834838860933163,89.31475954655625,0.8529769885165304,56.903140128236416
4.820187493113868,0.01607058035428216,104.00303329614849,0.9286462005321934,74.97328321471876
5.001573109915455,0.07991842846867299,140.26641892194885,0.8879083298152723,71.64937383888231
5.014094178129422,0.020716821108788003,89.52892514745098,0.8010673121838092,83.11527987484753
4.864980358556227,0.001079115572014639,79.21345402243853,0.895365141286967,81.72291160106688
5.18685497970425,0.0722528072615603,77.31611153769461,0.9302375849101091,68.8239206729437
4.679713871185221,0.026039511625055516,95.64941232332902,0.8027767319382642,63.36749893378734
4.9572861544936115,0.017501134078285855,79.93055822713876,0.9242720672216316,85.30438467959256
5.036088689513569,0.07774987802708089,133.48038854874474,0.9305063812433713,71.43428569511666
5.154331650217625,0.02968308822583996,104.32713069182576,0.8316215156477794,72.48735499683954
5.213484463426667,0.020146298333971885,119.43452619521005,0.8862148370313019,69.94983156540921
4.662607372448639,0.02889541957058272,94.02669218840603,0.9928665201778265,65.87679059604689
4.539765748779313,0.03353341857082985,77.19605604487764,0.9768378455599565,59.173083447845684
5.383303046569552,0.006382688808916865,73.81212109133446,0.8821642845716505,66.3064874667889
5.099694203593877,0.020179130091639165,81.84016515643758,0.8699692536048311,80.20684682707436
4.775454039033034,0.010266815248766003,106.95050988053423,0.8248161361953712,70.7884917905211
5.465345592656757,0.08362141914082978,110.39765863535895,0.807037816908032,44.637042044094876
5.034702390287857,0.030870292636350175,112.06392146117369,0.8594925554884157,79.27077165092697
5.353789155219148,0.06274519613182013,70.22654632436286,0.9880566694164477,62.09935002297079
5.020255544423033,0.020469767728792474,99.99181628203459,0.9917226902667334,85.5494743524304
5.618224377464596,0.07281442418730616,79.47876338215215,0.9625038681152552,43.2865747481182
5.526602252732961,0.0398763878286577,108.02931935169056,0.8701649627039719,49.02277398063406
4.925310755456278,0.020671024269423004,109.58154110994904,0.8287252865764223,78.03434330749674
5.291471285286306,0.019335845552049025,76.55653905947123,0.9191066951211359,70.33782604648987
5.193612784875544,0.027721931314548167,119.36059214392697,0.9293010014412363,70.87490402471715
5.410589467259705,0.04534578600681553,146.77645883056488,0.8849147138491208,51.58341245732132
4.710522961825968,0.017989763273181053,116.69671475169325,0.9383293591117281,67.02982892564617
5.205815437999532,0.005099598009060232,96.74331920897791,0.9493363771303471,76.19852964037818
5.317527346054876,0.07532308854060359,93.66908593580516,0.956612332714956,59.41523401633548
4.472378154073065,0.04251080129474005,95.81872036654983,0.9004596222715014,50.393389458947965
4.645022446200268,0.001124794771621699,84.78532306445979,0.9583281555119467,69.22065836006577
4.388230346671969,0.07138593743897667,105.04796413304099,0.8050952852538914,38.1830394762454
4.919177949666633,0.03577614704601266,77.23074817691392,0.9360808733477739,80.78279757236014
5.215262676738789,0.017607053617362135,62.20604426804199,0.847126791410096,75.16511275446608
5.450707115628808,0.032550177157507326,104.39203363627098,0.8541040583375307,54.71792429176892
5.022228434125933,0.028970708552442066,100.42466131551642,0.8182603413213465,80.64342836445302
5.4885846636713875,0.05583312731429607,88.57659967125612,0.8384784527186359,50.22186016981944
4.585969562535532,0.002536905732601926,74.34606754779267,0.9984016466004006,67.31106406947039
4.488985268193454,0.10082608272568745,105.7948805382807,0.883078026112695,41.29727615117994
4.983335690331014,0.012966206738858382,80.19649922859098,0.9855530797377371,88.74662208092772
5.115219634681792,0.004084949294783299,97.22111298269331,0.8325799056385597,79.40356633937684
4.990191575571772,0.007081038165459377,135.29943708252887,0.840811768419704,81.63563046962861
4.379767369988037,0.01564923883409313,113.02379539150769,0.9115626707630142,47.36753025027775
4.973263988146163,0.009156141566214904,72.61734675236607,0.8699065081758165,87.15881354211729
4.608659149848544,0.044337075107903,74.50296857975395,0.9287830417149592,60.99435170105097
5.200901764649012,0.02986567061451333,103.03638185487517,0.884409315144086,70.85059164627651
5.109979473829054,0.05867738075535091,72.49358635881958,0.9623194474930924,76.596654770934
4.718036064101794,0.032547058309448026,59.96549037531427,0.8863118142342168,69.92979234684333
4.845839924798992,0.002982975855854837,110.64744022593447,0.9144698364876528,77.52760181672089
4.682235943433315,0.008713868419393249,106.41871508641735,0.8642146400047458,66.26949763454309
4.981196270818049,0.04278234550442974,109.01196662558264,0.9408081974877308,80.3693917106148
5.286542696150372,0.019661059860351725,105.26070363635807,0.9309468417931428,67.95114572415198
4.704282186099337,0.0657826902129172,98.6937857665521,0.8794002065548115,60.10815318846367
5.151213954655353,0.07932077952588044,86.75622904646679,0.8552064205581194,67.45755129831245
4.840922714488268,0.029443617381779193,110.32269932175886,0.9228208749640598,73.46296782913448
4.762138150321297,0.004543644744678287,130.597669768103,0.9886303298422016,71.7595819276098
4.967890892013632,0.006596575414604618,89.97541985113092,0.8265286048053203,84.61699731962057
4.689427303274188,0.15161931023387493,79.58519579583403,0.959823323669112,49.8606885551689
4.833905208395845,0.0014950052603943352,77.29761161177521,0.9085983545616182,80.2522676447464
4.640636632223345,0.10388127210780673,82.66539533332565,0.9051119390347718,52.691706364592584
5.589417539874916,0.04333159975533048,104.05197048952148,0.9923368295151959,47.57674718555721
5.010579065591519,0.029482548308218174,57.207448728928796,0.9211749595137113,87.64562813565749
4.790082347602224,0.014330226592410043,108.78340848864651,0.9661035655497037,73.69913732940138
5.0641939732202665,0.022284465572326124,112.87826020592311,0.9028954497751394,79.57577474584556
4.966301585092751,0.006605063292075063,64.03843280114239,0.849970673451018,87.5829058006599
4.933709120140033,0.015438910136074912,80.41639127444802,0.9388980542916219,84.4430326463784
5.184250010013027,0.02096707963672868,101.59361959690828,0.9846353808888008,75.33328311179424
5.2272523130141915,0.07792359982366638,97.13060539391205,0.9682460191220151,64.32818108864765
4.840849655716842,0.08118968112565826,110.39274936537181,0.839672721248017,64.02670666258494
4.827254527806596,0.06746482491876579,97.17726356967268,0.8633778238124301,67.0653780498622
4.917484490854507,0.046199947779216405,125.29539053549931,0.9033761347947356,73.65706092673274
4.309423650579324,0.024637153288977615,93.57661201912636,0.914320659047213,43.798598020444445
4.545442681340434,0.004851534533295437,80.33934026560493,0.8387628228917057,60.74015313170536
5.410062280233357,0.027657875237754603,78.73116267476487,0.8460024680030329,60.294514992919545
5.493490314050385,0.03814978517163437,114.70937018563379,0.9517662138070873,52.232500638810095
4.925289188133086,0.0386815196273399,100.59242283913832,0.9460634833429885,78.57715072683013
5.17296708891673,0.02969604645876967,112.6743180145039,0.9678417629257783,73.25697115324594
5.093375046363061,0.07764566281024049,112.26244998458368,0.9865859614560463,71.25612202734283
5.923664242536571,0.11503245208610435,59.60300294472319,0.8616522237805384,18.598021816028552
5.335872473430373,0.039664756908324036,77.19834797953112,0.9719189913141159,65.6164830862582
4.96162472255577,0.07532285761473222,79.58749918992359,0.9332023582552373,77.10435195724877
4.713337867819872,0.007707584127800832,83.67871623016475,0.9915540847783599,73.10734452257293
4.518066103922728,0.04688370930438421,91.59289346846948,0.8544148312046832,51.98041711695278
5.061039090760167,0.05060858093092921,119.98299189234372,0.8539343003279052,73.82675423207436
4.773094776414709,0.048464466163503195,123.96964704767798,0.9408586897385454,65.53622575036016
4.573323887120698,0.023583427694012206,94.14218339594007,0.9856821548076553,61.161343829699156
4.806028134727242,0.007881227094744432,94.97438277350511,0.9649111649572869,76.9802890412181
4.6755355989156815,0.0681105289290549,85.89132551885427,0.9454079115586712,60.63458227487065
5.5061424905217695,0.02928665167137372,101.78375394477088,0.8774618396114777,52.60931421574024
5.264491927084835,0.01868902894453289,104.05041765467874,0.9435534669403948,69.79315760656999
4.997608207605015,0.030405325338021403,116.1295111000453,0.9602191152861629,82.88712485131639
5.4439832416670075,0.02424864813179136,115.96877451965106,0.9506571359581208,57.13997354740816
5.023210492294285,0.034394650605462915,53.957638978618974,0.9353621596572246,86.75965216680606
4.741614739601521,0.014212109025762181,96.94910104725764,0.8094262503381406,68.85868292426396
5.456937223180897,0.015287778111359899,127.68200061780207,0.9319429866229617,56.161259563121234
5.161673013105397,0.006969583383302089,91.23770145390166,0.8956589310965821,78.04359018272234
4.688826153702063,0.05436872232019885,122.78483636726577,0.9923138543099371,60.74205432356613
4.942898396574917,0.02436024960186335,93.87096399977622,0.9214379766754142,81.9615294877462
4.737314523984573,0.0823651825332339,103.49846934883928,0.9216454512470599,59.96715614914655
4.5851600807107,0.026774568615838098,77.26218615201702,0.99881103747395,63.343421684543564
5.277853264259493,0.09706605724006605,78.0150288486697,0.8187175579561812,57.34174383267718
5.572824992141039,0.08669990929384627,114.50983144526029,0.8552632570200707,38.279796073336094
4.580429727854257,0.05888675236239273,117.63636560401329,0.9312158877938052,52.85345201237131
5.168890771007171,0.023734292131844283,100.52857812400985,0.863047251206875,73.5144971315296
4.804807229263452,0.02112501941227198,75.44951514723218,0.8692300295858244,74.9593299209596
4.853862384870591,0.058189988618163005,100.8760911321443,0.9785289879594217,71.986215445485
4.822281822728339,0.00041646952479837754,125.14469921348555,0.9158707810079594,75.07738463379121
4.740802769096055,0.07412603757337319,134.8573294010352,0.820573116560831,56.25498990087041
5.014556488383448,0.044600202705147994,93.66584135348171,0.8621725171465244,80.31344649880323
4.750714965076689,0.03655343149674857,66.8026429948442,0.8152116752998837,69.18385238660233
5.081137047733952,0.028107061409519237,116.80727199109558,0.9112259866894291,77.45951045921402
4.984928567165259,0.020011197399789404,94.48073807089999,0.834653639275198,83.33903339836107
4.928315585940077,0.01524375612232651,118.8608128312208,0.9714230300050213,80.95475105503401
4.72773090138752,0.05060378031578151,105.6214445003524,0.9154628052913,63.820398691674754
4.8269686008295,0.028274578206657016,82.331117884763,0.811875128386219,73.38132009801951
5.226617367747727,0.06830698304305242,101.16488721318763,0.8601751327248638,63.243924411857066
5.150275156287314,0.03641707851328914,126.16676734108655,0.9232675334472253,71.36960278060363
4.706733426560435,0.08362416654243797,97.01692022065512,0.8670996636387657,57.5006818629702
5.029799691628768,0.058008541256497195,79.30389673109245,0.9026353337187911,79.6330543150659
5.225416137011536,0.12586620721854766,68.22711662806687,0.9818724589365472,60.40983821244993
4.499178415663589,0.0005630215241741662,84.55670626270697,0.8700071941012557,58.81072496694362
5.163008057713981,0.027280849841344563,91.79727476458037,0.8671745724939577,74.29115303438059
4.801212872316246,0.0746016786242835,116.39998271834519,0.9639513682625398,64.52154963874854
5.171179600577948,0.016893196676534574,77.58301464376757,0.863751304583354,76.71196909113327
4.771022253037245,0.03142410888590959,131.07503771459272,0.8155916688280785,64.75204845445055
4.458535369800645,0.015691894795025273,73.25695578317617,0.836188990847499,54.556422207417256
4.511737268635051,0.008154053852618682,146.62972185113674,0.9897600501592603,54.613356858281804
5.014425483998415,0.027328225926390743,134.51037113508943,0.9866585585155443,81.31737112793844
5.077916750516445,0.07652633097686555,102.82332498775985,0.8449624181556296,70.4629611868201
4.728705012468677,0.02154035674989751,67.04612930460816,0.9107003746197372,72.00064179756994
5.191577737633212,0.09703761882583863,98.89151876035156,0.8274736200846006,60.61001344378835
4.501543981319312,0.00632411773974615,92.26318084026988,0.9349355257023072,58.616413648215946
4.980176060405805,0.001739734668610847,74.51425553898153,0.8370611592019621,87.83940105419775
4.636695140071263,0.060779712229808144,105.82019254494884,0.8099580845843208,54.70189400699606
4.804449167659352,0.0611487481001782,83.52713740288712,0.9649793614417599,70.04151133308089
5.014219601394924,0.04067316800764616,85.70188305900837,0.8650800765447252,81.77726194015132
4.7418759904148144,0.07487424856765819,95.92642730855289,0.8217044807120194,60.12286902312523
4.884633336731053,0.038596696461159735,88.50182342588593,0.966780790172445,77.77392919554951
5.301887842764332,0.07095255076512738,141.5631323422006,0.9524794955092297,56.137123495335516
4.8269324391430555,0.11342635940365456,89.28570734000901,0.9367516900863937,62.40845550576212
5.250707633619543,0.04969088239371028,108.8176202278895,0.9822497419689058,66.26714244036005
4.661087943602714,0.029205969916408482,102.91044984420724,0.897845217374127,62.95024049176341
5.158941253374585,0.02345425963621356,107.05500450517744,0.8256112995173596,72.75211139192233
5.43247058619737,0.1205314158309042,108.58176807221864,0.8122692819790239,41.35926128588078
4.258506649961813,0.006634148841609554,117.62722973212244,0.8636882035919318,40.02631777009374
4.760931423358857,0.042420662473955484,105.32892151237284,0.8173661660274832,65.10721719975045
5.173121638154162,0.03771546907594303,104.4979158977264,0.907101888069417,71.64762752097455
4.939086384187102,0.06517603419017508,101.16954136936279,0.8028998035646316,72.50981985705623
5.111343762011392,0.0006254342547282986,97.2316429532005,0.8887526603018752,81.27744805182466
4.818804443985254,0.05562522210460803,81.76404236678646,0.8356920579707171,69.32192024615973
5.02597693624187,0.014466453404003595,98.78263245159597,0.8736536087734317,83.86622474519632
4.953296829382376,0.05052337082063875,104.82534750531067,0.9350068149541378,77.83690568839845
5.350334618497942,0.04488641878406163,108.0432911314559,0.8701927542101403,58.84648604357145
5.076326252990364,0.053105522759770735,103.60569545980472,0.868267977440043,74.45938640943297
5.101280798622561,0.0704792983945597,95.34089973102932,0.9981501465679004,73.78017028171746
4.876436910163259,0.055728675452927826,98.85840193608205,0.9437629445452572,73.21633198915333
4.853718132778252,0.03370194203246516,88.92707030898416,0.9027723423700103,75.33053647832713
4.870232543654113,0.00670379029637835,106.26447982013127,0.9158751301995159,78.89943869676725
5.118335642713489,0.01486757132746842,95.57743544171757,0.9240365263037622,79.5927127199739
4.873704655753921,0.088180364759985,103.6112187639494,0.8049150797881685,64.93240435060596
5.086932457068924,0.001921368360763672,120.01606086765105,0.8160529181050495,78.8152995970859
5.6226202395936316,0.050580078077484165,85.81282180715161,0.9298378702713304,45.071249137470936
5.2613374110295075,0.021878167569055584,111.93390761820969,0.8728937717696628,67.3025148764435
4.902192940349647,0.012399054718365107,100.66420359770746,0.8110888080463851,78.42707401438102
5.360364176649184,0.1349984562193237,140.4238719916151,0.8595026492103253,41.276046753195416
4.877577388093535,0.052067087285768476,95.67399343072981,0.8260566840842781,71.7983145313594
4.3885626394466435,0.08445659177187224,113.90329166302132,0.9832627684452643,38.92019580362093
4.697574106724779,0.052820328274498604,100.30706903511954,0.840585078510623,60.71239182901245
4.438762423692244,0.0039762497315892036,72.23390983373012,0.8287382394788105,55.08068176799943
4.894545954787607,0.10146592587208061,89.58621808961712,0.9252337634177233,67.99892186583709
5.005525513756866,0.07240550561942684,117.60942210856787,0.9043823860553666,75.13434884192456
5.502931193682585,0.006088332864953586,91.34611078783453,0.9151864908071584,58.07999718666158
5.0980782121292485,0.04042411021345381,55.594873703207725,0.887189629608063,80.23599596206749
4.934269841357341,0.04060417324357301,99.37193966150993,0.893433862186426,77.89704777248201
5.248821674355047,0.035653205059358886,78.1532740409798,0.9557595111694259,71.0225815990839
4.336659407297635,0.04165319733706596,102.63635465193438,0.8439844369651335,40.56763811140742
5.07068436743257,0.010678179208922297,131.02294162796036,0.8793058605662468,78.64103412123637
5.23125955816609,0.003967697132804218,115.38914621605807,0.9915650769855898,73.82165885821996
4.556424126266047,0.039432362301665524,130.73311657479957,0.8379971402372091,51.15722437797723
5.343126212962079,0.006568918803096794,88.76975957111017,0.8587547190083734,66.7252078248672
5.101548922248324,0.03443174215295193,97.13667332728936,0.8383133848571982,75.7949037065728
4.87541362582976,0.16006864948174893,79.1112760638444,0.8040990992716271,56.68537450657134
5.189834559831885,0.004358359151457231,86.3191310991981,0.8539659850083341,76.40357912761517
5.6812078573413185,0.09088045400760074,81.4623033542764,0.8092934891924479,33.5350999068021
5.054559876517549,0.02210493448606943,73.86554061576085,0.8309370252813267,82.64285368008713
5.074466175890101,0.043363834418636504,127.3171325066268,0.872536414013523,73.74646931340625
4.862191730137927,0.061307280802025785,58.16079409947156,0.8041442434137916,72.80221714630045
4.745046689160563,0.0360826329795793,127.40277809609114,0.9505913131861433,65.56195485681062
5.249100744963274,0.03993564008951721,124.92117849840463,0.9591178027539093,65.75384749401373
4.74317485222734,0.0014988767081377842,109.99585350957996,0.8822827604836726,71.0117294861352
5.0214698711658174,0.006032487647153924,77.70985463811861,0.9969331958748539,89.97461303666309
4.856702765970465,0.001453444819616588,68.35649777113585,0.9357987829615398,83.06447511740262
5.143693947723918,0.015940340793226513,89.03192637472871,0.9487443495961498,79.05900637203108
5.100098631586085,0.06176667176824177,112.50240912679848,0.8384600847332268,70.24804212158332
5.31126198327737,0.036803770625267324,100.06127274881348,0.9674875245643427,65.14733862597322
4.846995080343576,0.045005641481043336,79.13001009810485,0.9890092796043013,75.9360431807336
4.919037519411988,0.04497794541246014,122.96409569312979,0.8472620333147584,73.04439044983248
4.706370885265308,0.06422212186908689,133.68766656363076,0.937292858877276,58.126025356737884
4.8667120219771665,0.034407502077012736,95.46801671970805,0.9493882097326662,76.2825585297606
5.113190147913456,0.03794240363394594,102.18673807194692,0.8610338343619098,74.51923346014425
5.227096584993606,0.07944031205965783,69.82302632741008,0.8950018005144593,65.37589146898316
4.723350402746712,0.013252295900155604,91.71226567781929,0.8195078187161449,68.63210958632037
5.260881776031698,0.022787128997575363,110.20879956001987,0.8346189607919017,66.60052334829787
5.406691357641486,0.0392960799593428,107.09713080515554,0.812314104729439,55.240675561682664
5.12403047096711,0.029145728181012798,89.84664301580587,0.9120330981090587,77.44231017542207
5.56303874376742,0.07268661206095617,94.51512983047107,0.9250525794554538,44.364222170873354
4.7678632402689285,0.04310770480298387,91.05578526910897,0.9832239166867466,70.16453850251217
4.626603589006575,0.014540345274972367,94.4307057256323,0.9084369621247204,64.14083221907984
4.466383925328716,0.07673198499105284,108.46469605036253,0.85212227416162,42.66921364926121
5.448813293446755,0.01359586552324953,60.649258292617546,0.8118947093182238,61.20479092180997
5.1963096969062175,0.009834085729124661,98.51300970384156,0.9769906105501673,76.43481656687744
4.983324598726863,0.07611016666466844,106.99951071251378,0.8957716157056107,74.79843216677236
5.083990587895946,0.08915678233890763,88.59030628717845,0.9474643978884643,71.67730470445852
4.662353285810487,0.014007618287591003,90.41333912070237,0.8029298697191178,64.65731788780266
5.7337255938850475,0.029089061629358006,90.99211118369101,0.8976277845328835,40.466449694782014
5.0387663545925685,0.03472094888420241,90.4190005292568,0.8651445246332997,80.72686683155584
5.032818438381468,0.038682670281057416,100.11767555700747,0.8060662545227654,78.33805068970787
5.217729987169608,0.006871217034218892,102.58005516027568,0.9551345614144917,74.75020392695298
5.144302769521014,0.08406916990618175,57.98971367532401,0.9025803305787227,70.98409358685397
5.06716520728374,0.07448517418107727,113.05760742944577,0.8666360485982262,70.82427166483397
4.762857663366407,0.0010565117400542015,94.20002231306081,0.9611596967814798,75.41617474529978
5.141440507140799,0.04239653663864735,138.65926350937067,0.8893846903700333,69.07585653221855
5.56460734894251,0.04286124059746718,76.16702922202583,0.8006995912736603,48.09166187709994
5.403626013846493,0.08763795153073815,82.65370982491336,0.9888895264076651,54.149165985261675
5.477955987991819,0.07991126966006436,95.94182042833478,0.8511365480924771,46.76449919049729
4.8466352970706446,0.005722918734638812,108.26450899372071,0.9661151044126683,78.43553120292415
4.703118553922426,0.08499356217653023,60.984653452569965,0.9632830768162546,62.60527509993412
4.962263923970106,0.015702087188872744,83.41799895767787,0.8324747862721463,83.68821818955058
5.016717473686608,0.06654436913959187,111.82640321147687,0.8948005362429553,75.72866661157616
5.3282574555412845,0.11052612392104967,81.03752107134915,0.8080397956996986,51.78267788622455
4.4922606110855545,0.08074720534274846,127.40052752752455,0.8709103345776924,42.1017098025224
5.458865095838184,0.025288519176206163,90.92232802301855,0.946195768673924,58.50649894445466
4.952597630426303,0.0034110614113938877,82.01253597316207,0.8474138940220716,85.39122289699432
4.871935679015774,0.05642956481296431,112.2048851557904,0.8234255861484621,69.099729226392
4.69636868742195,0.0355269818957102,132.15234773648893,0.9014247101870018,61.26633339105162
4.5035429984402695,0.035760861398545965,108.32792517487793,0.9073972768747265,52.16360371664101
5.246951175188574,0.019656733180696846,125.20858798446517,0.9351657862642316,68.41687643841915
5.021995390156521,0.03953729003683358,133.53270681273926,0.9518275493605182,78.43296339102015
4.613011730077684,0.0030196166328327577,81.56282640144843,0.9391619062529311,66.9547167946499
4.611476368380915,0.018601529275650886,118.76782668119174,0.9690824416589702,61.40321887656748
4.899264590212962,0.03368072905828526,69.53058981392905,0.844581292856408,78.84233292977017
5.500706457586817,0.010025331770698167,108.4980506357277,0.9139533492432993,55.88307470047944
4.922122594590919,0.07346418531975916,98.57364218970362,0.872019071484265,71.89074508820619
4.549057114064568,0.009589737100501702,124.85900406084124,0.9924224714003285,58.867515300721266
4.926277080774216,0.019386121663275958,123.44503025969682,0.8880559046829648,78.0853216646512
4.918182929075699,0.03131461336217182,111.39566701068804,0.9919427866267113,79.09307277168158
4.190934007117528,0.1181776416771908,105.96855798965638,0.9538131308118212,22.208800992743864
4.9837115400446566,0.03675802832675589,110.16737353443902,0.9436927724137398,81.3661062484969
4.930719640937396,0.0018572186313196432,101.2354174275309,0.8983127423843654,83.40730876648006
5.208861909444026,0.056373067805935206,98.77608517784192,0.8886756268511204,66.9082292817064
5.554686828483604,0.009029383951396481,128.85156344504884,0.9053096375036814,50.585419103843044
5.337969508864327,0.03174640625440578,131.25779639356352,0.8587266125853907,59.00862114233099
4.9193333928335505,0.000620955437221498,97.16681604595585,0.9809019879676933,84.9682184091881
4.668042227377499,0.06326923191204999,104.75272806021489,0.9588661310530733,59.294198670882416
5.772007940974958,0.022528269475171694,101.63310449545548,0.9602791708650088,39.34255608798141
5.017765530204347,0.09272692304438789,67.76603116125611,0.8866307190898872,75.98104099675314
5.004178787573884,0.09170005018652305,93.27128844775987,0.8142177896488435,72.95149216578939
4.992762473866999,0.024331958460229907,131.99408402096205,0.9366154635852557,81.44885553259435
5.059425428230356,0.0536378393599711,85.00448249936379,0.8748827167942824,77.38600448813223
4.956691876422817,0.038928639238508686,142.29086924602603,0.974086062490165,76.81485102479344
4.827901397935929,0.09021581409974763,123.44252619178765,0.9560676876899727,62.918812895814305
4.835942317627882,0.032261792394711816,108.02996301092418,0.8290656283979513,71.09558646533279
4.990174018935201,0.0674820749308267,111.21686571952841,0.9203431461077028,76.57330624668924
4.836972568659871,0.06575466735912695,81.65586607329949,0.9384427851854369,70.95842311210198
4.786146265196851,0.05388185509624441,94.69542495550596,0.9136275159648723,67.88950547112123
5.031929068307569,0.019616296815774828,128.8279822064352,0.9028084352310523,80.31518186315715
4.923506834773743,0.06259645353954213,87.70941321652933,0.8455726150011883,74.1614530338641
5.451197896574807,0.0657433899048925,121.22263513897599,0.8471813688842369,47.88798158356485
4.204709057482097,0.023289234473737472,72.45919621125884,0.9536016277285109,40.61527121130951
5.327452055576739,0.010041481954795737,76.03683175049979,0.8037379571127115,67.31773033938056
5.373825557749289,0.05898480910897472,138.02769331172632,0.9557820125411153,54.03561608834615
4.377982930277555,0.016992275029743615,99.76325707519352,0.9053597473078279,48.26100380082895
4.897193721775896,0.02363924767638213,89.23000226011318,0.9872445304769673,81.10762653862444
4.888567740201262,0.026007611572884292,127.25481653997925,0.9994643095445845,76.67672721303684
4.577746491584653,0.053858220815619084,124.91643109927008,0.9326969130217923,52.74835152324518
4.766654993722738,0.005514557978153162,118.41509130514477,0.8824514388840274,70.97963557380737
4.666827246360251,0.07513460230371892,88.60204161175788,0.895017181712139,57.77958390912421
5.525681133027087,0.02889148998527171,94.26164848124648,0.8408430855303015,51.516105383065415
5.2807035179442385,0.006488385296152036,106.2325764744946,0.8198468647982963,67.95821077743935
5.3814665284982475,0.060242796909003984,113.88798684294474,0.9157526786604271,55.001843642668625
5.216501619212971,0.02162383108616944,89.83032851962926,0.9610990195933201,74.00527572419982
4.661284468634832,0.024767513716638927,103.41474221241393,0.8523533035458427,62.66753291026952
4.842643920116068,0.011018481363724233,105.34782601594812,0.88393056204907,76.04969164179201
5.1468123683683755,0.05895653127941762,125.73539512750507,0.9109547323553961,67.99333334034223
4.633361657332417,0.05886141854597504,115.08931657870238,0.9815795639940115,57.29514628005874
5.213899529051717,0.022509887290732795,69.86396710329419,0.8277262455324113,73.35767336360588
4.92790238055256,0.061912282954726686,95.72739383029229,0.8473766337459325,73.762093681834
4.8875537577351205,0.007020163909536499,81.42433260033167,0.983706090357157,83.73188942478673
5.213287990461048,0.08057137518162152,111.36174841223347,0.8079071186309384,60.138981826489335
5.133278993445812,0.005272360482676361,118.46306701010089,0.9312231268119717,77.9905621560792
4.891710150254276,0.005534196909782536,102.03111971220488,0.9279051766435903,81.02747104044052
5.347798941009274,0.06358622120920683,94.637459387443,0.8766508867265128,57.66340215384849
4.675681001720031,0.073427477922765,101.38339586071966,0.8936329358014237,57.26105754474363
5.184780682083279,0.015571446636560505,104.1783854695551,0.9709835902961123,75.57927533848594
5.177930377390515,0.05423574270249461,87.19800696566186,0.8329964126693559,69.12894350801584
4.907136068205803,0.033847727043897324,75.6257779846127,0.8463134956557854,78.71469715041803
5.097839906672635,0.0888987166962707,58.99721914889294,0.9024700822879781,72.94447782607155
4.6246659270844095,0.12743531469685257,125.34364263477768,0.8819490846000061,43.46927584905904
5.27720810576207,0.046060789559436245,109.92732487269932,0.9148744995090368,63.763152723271155
4.944529359067103,0.08421658106714003,107.25022022688344,0.9841678372187592,72.99760910564204
4.843183093844289,0.007911513119889215,125.30397775905898,0.9834204035475673,76.54226895771939
5.314702767751067,0.05064126608346607,74.89063980615165,0.8460036679429984,62.952653400660886
4.788696892837172,0.0010741498583181387,65.28738248289963,0.8604289225697681,77.840531294588
4.577461611090932,0.08360992771250489,107.6846383303818,0.8324137362594061,47.98601840073013
4.533011247942829,0.04940786322179326,105.8654275088686,0.9855580742927853,53.6941141282696
5.181802985403692,0.015323775038289831,65.37386380654493,0.879572826039639,77.84732476017328
4.615871194251115,0.02161324053856264,107.19042124280944,0.8899410289767354,60.790064029536275
5.526438254595309,0.02469166103195451,91.99554095200864,0.9605281561554919,54.720964597397256
4.375421177634883,0.01087075607937791,83.85823880524836,0.9025946945620584,50.560727256902624
5.508936910487011,0.00772966202162759,93.33152583435174,0.8239510964443024,55.450205412986065
5.063305240160785,0.07873809001165191,51.1694285816306,0.8875697418885393,77.02542406821283
4.970986066438882,0.12580060284154976,88.17251553216124,0.9261048086557264,69.09391817999887
4.836524273957315,0.051559416661787594,85.9141086103159,0.9438418175514073,72.74296942816734
5.119740834305621,0.07616081431048762,111.14204893872281,0.9290703705565788,68.85863031234888
4.9887095892725455,0.007741378907430714,96.83539726978228,0.8238361438464727,84.95455167018935
5.3309905646049565,0.055920784941434126,112.77737747357763,0.8608689050323637,57.692088735777006
5.034268294598612,0.02231058018354586,49.00921310526638,0.946712928992643,88.63065256587761
5.045090528438563,0.05744680569029634,83.21803554857904,0.976038038867215,79.87650466262815
4.890916336335843,0.09470709486334125,111.11994103142888,0.809437283012452,64.32566750775557
4.98291631288368,0.030069727935764054,93.8227073885369,0.8084458216139955,81.25116527608243
5.0923405306676175,0.01034223875752105,116.90921065948734,0.9286809058678125,79.7909293977223
4.486949482203013,0.07891924582865421,63.90794181221553,0.9096092308326562,49.18047249331421
4.595544373368286,0.021309257459289924,114.62221679378949,0.8310678101035428,57.69540830589557
5.222979228206815,0.023564363027473084,87.21721564429919,0.9096583163393921,72.55803661582807
5.051259631438382,0.051947840710637266,85.27605831234652,0.9948974687001702,80.50258954987022
4.944804999094196,0.015424405076454557,119.82094093854903,0.926180044079325,80.91614597191518
5.005530179919618,0.0017526300117929848,123.23802259913012,0.8898282312099437,84.87805706733982
5.1042745116085015,0.053900112765209215,120.69399392174563,0.9655064975879151,72.89924294829227
4.838072095907192,0.09456464034420327,140.77283850096532,0.8425644971304304,58.87363579531309
4.7665085823793065,0.035424854539839165,125.33607216886668,0.8828652861653826,65.8004852682035
5.058753576529305,0.058516290712650826,84.09126832535402,0.9055535783621695,77.3992865360521
4.7064881667154905,0.03683561477103056,102.83276256271301,0.9009079784101511,64.59883109920656
5.122475826714341,0.005906702833342867,92.79604183030129,0.9841944938422305,82.16973066595259
4.489224918728648,0.006911856503739457,140.58179719898132,0.8585336214493352,51.42920935724653
5.308746691197693,0.029220652308760604,122.09739909397419,0.811300744145924,61.10837565534539
5.141779244723913,0.1416282716256217,96.22239726573089,0.9832754409027484,60.29227366420387
5.076808920294162,0.09541553743737753,117.55819595506004,0.8434135314276685,66.19158519979099
5.294807295183654,0.030013526138839414,75.3560306737379,0.8758055947953415,67.79004219668788
5.499642333338773,0.0006210034924953485,105.00523475290946,0.9061783249036155,57.55135249858068
5.304311019505439,0.05274460826446553,81.24155014793831,0.9951760941096427,65.60901445740284
4.447737730600506,0.0685965171720317,66.22815598745186,0.9070536883257196,48.09304442799483
4.61612690997929,0.027171446851866222,115.69072475059667,0.8895486613096958,59.1137983221117
4.812554426691296,0.021318264263293436,118.17182190375102,0.9167276959035293,72.07289768967922
5.00782731506325,0.0003885194327988076,109.14425272423972,0.9941616319834276,88.44089054852977
5.155297706140737,0.10390899610624352,96.34065918866997,0.9635889197512881,64.733500691778
4.782276856053961,0.016351528405936087,74.67282690307181,0.8337936272623845,73.69247195728774
5.056030029343123,0.010913323119204708,76.77306258565505,0.9606520029808419,86.53693357258322
4.773385120294003,0.027069074306963262,80.61440040522406,0.9682198119607777,73.64570227028887
4.816544659102416,0.07472905752361515,95.32653416550153,0.9381388207916933,67.01344391688639
4.578001670945533,0.011998066321032778,121.5235746720983,0.9314466918334529,59.356966678036315
4.723030026166729,0.036274255616230884,121.20808422157305,0.8881754001695609,63.583362808803
4.5944946183151,0.07497922321638348,67.02864800774246,0.9283390774238908,56.28671036415203
4.7072380241068,0.09242482672498277,86.13533326566106,0.9475149944304515,58.90732399970353
5.3160925389823515,0.03625481635115145,85.59677960856322,0.8245640496148599,63.52782823982708
4.715180333350417,0.009037054527822514,49.368337429975085,0.8514659920366872,73.64774791958787
5.7897146194512175,0.019825957571339908,111.32241893899815,0.8388163757932589,35.28731481919133
5.147995370264267,0.012748315423578878,95.07680351362957,0.9682423673812028,79.06519746686826
5.055450837108462,0.013915565715636524,97.73714926738049,0.9360005183063536,83.53191035553581
4.742492665945636,0.04040480292849723,126.91742116751277,0.8901557079150353,63.600211559013
5.210092963822698,0.02516465553895546,101.76618026568714,0.9652111500976936,72.74732881517998
4.827308652128668,0.06670707211168474,91.38539070067964,0.9433562679985021,69.36104460086945
5.036602944393608,0.041672622084974034,111.44155242009887,0.9827186163090593,80.06314710780872
5.768025361480638,0.004008386793596032,121.17743693151124,0.8153613992195832,37.506704583362854
4.971182030082605,0.10004539959444578,105.92935132098451,0.9018314763082471,70.70780625985591
5.344781997885702,0.09782080177858836,113.78379197396298,0.941349580715251,52.08857227697834
4.789047072462234,0.06664476775969043,97.0886470051423,0.8414986373609692,64.4672172304856
4.9895034528509115,0.13092783852838966,98.36284507280675,0.8654252463942729,67.20325181240102
5.531240190690653,0.09894725463589878,102.26041420597657,0.8837952502639653,40.73336394785766
4.81190988266367,0.05973792612359671,84.93758099134676,0.9588651236541178,70.43744841522837
5.5437345673990785,0.12032043188564684,88.63876771260799,0.898715240211439,38.43828920617624
5.212325580636643,0.08187322958667693,127.55759283636948,0.8985740065695579,60.195201571554115
4.83125996723172,0.09891713387486428,140.1591219172464,0.8861775237104291,58.745666235157486
5.189722321716657,0.06393274250901895,131.84395828076362,0.8457178178592631,62.75670984975667
5.291766334888019,0.08743465993227562,73.53485286462904,0.9846143071225529,61.717621772865705
5.186542988665159,0.119706187036722,71.60284930830055,0.8635602241313352,60.96241217637881
4.528932584032863,0.030827736918910293,76.18581136109678,0.9134931321539801,57.76307601110516
4.78185884725254,0.058611527203906486,102.68774883758962,0.8297559471044613,64.44614581289669
4.925744409334548,0.004626954999242892,43.82550815284673,0.8868486784198094,88.20504406329798
4.977669971269986,0.039497279969171836,88.22396866760998,0.9807607032338436,83.52842347873926
5.186201629265203,0.023744379218577888,128.14198578322225,0.9990930477021185,72.43390773702127
5.053310300279976,0.042328098307971324,119.64877661457815,0.8723503713466935,75.93429700248181
4.59939669238697,0.06155338125974895,89.81810698852985,0.8307981092628671,54.364945840660184
5.114059355301789,0.01705813343174146,91.33289117658725,0.862890305346079,78.7222356563943
5.183175723585147,0.060386977799207556,111.34483413613808,0.8654483536774039,66.12589357494433
5.167937134379312,0.09901698854114847,118.70537510488398,0.9289017588564635,61.77872132270985
5.324234217666387,0.06582838068888507,89.3372546452048,0.8992313448989121,59.72259127014179
5.250176646364671,0.0728713643557068,95.31267956561125,0.9536919456531261,63.601267521265136
5.137754023768531,0.015959221341822115,88.67980542959953,0.9402606568994962,79.27810796764479
4.978950286562406,0.0671041228852982,73.37301117249572,0.8502617447850493,78.33933253940104
4.501711719945202,0.00276102904413527,95.60512503956372,0.9568511379771556,59.265059095678595
5.128885465739776,0.007061779406381061,94.08144919582473,0.9694923733829632,81.18930769273307
5.062306306148933,0.004852624341784115,74.78711768022688,0.9196780379508004,86.44857697078972
5.081473651158612,0.02273474326873131,112.9216187527546,0.9855335418497152,80.11987840189241
4.616975427253907,0.04207098799464753,109.66641357251778,0.9565896245469101,58.873028569723715
4.675683037877521,0.06265075941217488,113.91439401690153,0.9190791813746398,58.13351258662767
5.315945855999871,0.006094006781683297,84.63859289071264,0.9812331994626661,71.2899523229373
4.9881334538430036,0.07518797028222968,60.32848643770705,0.9200716960481078,80.3783969654372
5.204450209211787,0.0041438859645567434,109.34662259291298,0.904238225467468,74.26150680266733
5.008495512839138,0.022185519849599194,86.71774570740573,0.8712516680822205,84.91570004311568
5.008926841848724,0.08114039610667041,82.18663733508598,0.976572666118889,78.6061196619452
5.2814851417928,0.00839039210920527,74.85893850713114,0.8245454341745644,70.8573475088294
4.845186581534787,0.04562718141997009,94.49354943825692,0.8947005428434913,72.31177359213586
5.028836233082295,0.034504394981771616,131.54654594100947,0.9074826663750044,78.08916550119571
4.8613174133884876,0.022195026656169424,89.89100957288971,0.9109498213539554,77.57968627467397
4.869651131770305,0.06652666596622958,78.20393911666133,0.9303779660970486,72.9872334215587
4.907248362959408,0.01304205983762904,113.03866802060057,0.9011591248507631,79.19790849687536
5.0666401314901135,0.00875932248217582,103.45624559542568,0.8513636295279854,81.36934176928395
4.856375413500957,0.019404958845288596,57.61397264623585,0.9713888792279,82.13816130319854
5.376726837672056,0.012007325254684991,113.24692639506573,0.9315050655671057,62.90069962330944
4.731617809334149,0.045400614552729986,142.569355370032,0.9716375627420613,62.262792094977456
4.943938506751592,0.015659615218306642,47.98928145141953,0.8552086981960754,86.59261394112907
4.868080682517747,0.03131521038725672,75.28587951955753,0.9274113789805644,78.40719902063185
5.43409336530612,0.014991361560662171,43.029458226967876,0.9428347490152791,66.25944300514226
5.058966432953472,0.030746298238835287,98.4939115851833,0.8766810320735677,79.5342987699194
5.309553361840591,0.0029870697531519594,119.80772473222706,0.9624488236413803,68.24694182619668
4.5543318880889085,0.003045585273658648,102.11001499592558,0.8005017549684594,58.60210909406235
5.080115079760778,0.0248004633998525,127.83991396225339,0.9189839500428443,77.06871330900701
5.266889238687031,0.030103725308065633,116.61100580660268,0.9227136940704261,66.26426018331655
5.024685196782627,0.019789904230442197,134.04294647004355,0.9067686186077271,80.28148028362622
5.3196441125196055,0.1052681178256542,123.2042153621419,0.9260096973838899,51.230907986439156
4.844813464969889,0.029536845937064213,91.9411386278099,0.8334453714046541,73.73307457294578
5.4228042320556735,0.01678981025236432,101.3345291246968,0.9369562963604752,60.718947553544766
5.689669437085775,0.05868145110584923,82.62646169038054,0.867157792567333,38.89812579128472
4.891148431868102,0.038604073933369315,95.38687662263902,0.8904107485151835,75.94782213012051
4.866349243579768,0.0357623268188407,101.2366334403624,0.8666218727992537,73.82537970390882
5.436015343135311,0.006084487206171187,98.30185352929293,0.8947872406998971,60.99196579202433
5.473871643719214,0.0013967837334337048,126.8450705260722,0.9243138453023496,57.15995367027189
4.8431419918540195,0.034044556330058574,93.39663874986338,0.9676686941791102,75.49554607032825
4.873943954871243,0.007639545877259003,81.35827172885286,0.8966870115280442,81.08861846836135
4.915464617341848,0.009765284884699119,82.60777930193626,0.8646447655207207,82.4952016880268
4.596664846689717,0.09179282320429491,113.10200543245061,0.8975883757850769,48.67253429319526
4.724404416054741,0.034228339523726316,71.93723183822001,0.9377607328141031,69.89150550718556
4.69875776997438,0.008052542601113401,95.97627659698165,0.8693401433451592,68.5067600155008
4.769660730468761,0.007458316409438458,126.55000490910842,0.8828564149446813,70.06302417469269
4.989594533783966,0.10226774761353725,105.85196891481661,0.9125679634017473,71.70167226156066
5.0702644197609565,0.00824175608744515,98.50789221762491,0.85880185276547,81.87311923477274
5.4651501478442235,0.014463831157619383,99.28179192723141,0.8418169319088884,56.829575901158314
4.700493787778362,0.014249807506319639,79.40870815545654,0.8280784567726525,68.51285446066119
5.295296719542975,0.007456324049478869,82.85730579130919,0.8705219966252149,70.28845757337304
4.935803346732348,0.00972488612133612,96.09636654170845,0.8096685812876114,81.27320285732182
4.9851608871042705,0.04398239241746216,105.42546060218586,0.9166965053419003,80.30367841025632
5.202445847649981,0.0362100048473489,118.9630002360422,0.8351818731995049,67.22908585428466
4.663183393531311,0.0214660187180685,101.8512123434287,0.8754789584660085,63.89555873914568
5.114722923855215,0.04957855092265488,127.05548351508496,0.8538445630796745,70.05118484037386
5.049935662463917,0.0009381356363563249,132.1039603041905,0.9260779932683498,82.17430374165947
5.1477353792024445,0.009641915545297988,115.90534424964407,0.9700691322933732,77.50043813696168
5.086750593172345,0.08350440126274486,124.4996281611177,0.926660208597669,68.35254557608917
5.736590041973268,0.08475035749692092,80.18572957223812,0.9085009857346787,33.243490614535546
4.808678004724605,0.0058937528431132515,77.01602130623876,0.9338167478644084,78.61135018367361
4.840700913499455,0.01154317553417045,110.35946752580331,0.80599812755204,73.79459427830218
4.8130578420725705,0.023221515683676894,73.17580376265906,0.824568932192424,74.47404143938527
4.833356864251924,0.054638788485411885,94.19256311968134,0.8189854471942088,68.76604621421968
4.8087838618080445,0.009764638323885614,115.42383810659479,0.8196394331497568,71.91274081223548
5.356704959332266,0.0006752554838604895,128.26745849370414,0.8520967430393096,62.71160312890076
5.426151274396957,0.02068322875687764,94.91568699423868,0.9064104520766411,59.96507956475992
4.8287761118751575,0.01848332045056943,87.0011140938462,0.8229363157313495,74.7126835501664
4.750293328068731,0.03600290957466223,106.40923243023165,0.9870232482378779,68.71670496965893
5.141424666915921,0.0457719132943631,78.52913112952221,0.9708513605308831,76.21284708855569
4.834333086715708,0.06974343468939692,96.53442703413145,0.9943288707665964,69.83160471145175
5.1898795453266535,0.006692232190745925,99.83999903447437,0.8085000090176981,73.78939272869542
5.06087690625539,0.012518202787410374,99.4403201465841,0.9702804894178633,83.93123298026389
4.54527676550083,0.04684889790702772,101.77006947635763,0.9607468150882978,54.72720059812585
5.464251560399019,0.019381703087881775,83.30970288855717,0.9804211729204921,60.51510408243074
5.538763301928657,0.003583952865472008,85.46014014763166,0.9055888335319617,56.70237161033587
4.816163392854684,0.01749597005717667,85.0576747793476,0.9575778141551347,76.9911968678725
4.883689532019205,0.09358544491809453,67.59811321609885,0.8102573758685305,68.42889137919886
5.085759617217471,0.02888490228951199,106.83660643692212,0.8151755578967979,76.14153813776868
5.100337036996107,0.019732959207290197,117.8931490338401,0.8237064481899177,75.70464795955438
5.197563281801849,0.015565995527328413,115.92620165707072,0.9829577726596416,73.87783905027555
5.603061361629905,0.04975655929568843,94.75006279078491,0.8122338698776899,43.12250552632774
4.946915831751785,0.0849346645496712,83.77989521072224,0.8200299053398222,72.09735880838068
4.7605108266384635,0.0340959010375525,114.88629284725378,0.9860820805259054,68.74927676846767
4.586204231595642,0.054435637227738476,112.77846044749103,0.8214785163664556,52.15863259415774
4.780720988017424,0.050486886166835256,104.34841284872591,0.9739512597450748,68.31441026604905
4.990061908137861,0.09095322066787606,134.88622504846546,0.9578541576124573,71.42919203549283
5.538367359055337,0.07747950863630164,99.47148957265874,0.8080563977064309,42.2900111580973
4.844716610289149,0.05336094696522642,94.86220032150223,0.804369479377926,69.28002412797328
5.067136385491669,0.0691868021951782,92.00365337850799,0.9068776767027187,74.53098473742669
4.995073131178175,0.04693618530677868,68.78244587038385,0.9994350807533534,85.77441710270237
5.3565179820344255,0.024283409200320804,113.22679928284585,0.9757660320197973,63.15905040999771
5.7580797277620865,0.02253913743140767,97.89029265684447,0.862005086674257,38.585418187364354
4.840739368123904,0.01643950981886917,110.1986248271359,0.8772618468230807,74.50381006835188
4.853168167244533,0.004085852546776299,136.83756004182482,0.8775811992476202,74.44508013342545
5.313248263120721,0.03213014065274707,92.18496460190765,0.9468357631810029,66.10380191827396
5.204567446887894,0.06328373255836849,53.239825664168976,0.8682265505324768,70.27394174720374
5.55401219772081,0.07406584788842682,109.62140739021545,0.8295594122750521,41.2784384599669
5.1751784555977896,0.021891153058389092,103.33718779785352,0.9494214817167101,74.8603305599231
4.892212372763882,0.022235149935149138,85.3509224805736,0.891603123649021,79.49444010048359
5.177196449207693,0.08579109200081116,107.94532671242996,0.8153557447372934,62.01213147091964
5.3326110741748725,0.05233719677093222,115.7219264020875,0.9580104536984122,59.780772467627315
5.24614465435921,0.024143242093449806,81.06780179576906,0.9170622527900458,71.84429930065396
5.15218220933219,0.043666833777748354,93.97336277193236,0.8978738650537569,72.87918339728829
5.320002406876746,0.018509810907427968,129.53507459697857,0.9346686334294559,63.76324916017231
5.350788677133702,0.046229234152380734,85.5675561754127,0.9010735365640733,61.48300936286098
5.414647697311258,0.0031966651747129746,101.33339510827571,0.9296840295976998,63.101979466243996
5.1946129662768925,0.03344024672196154,47.511776679122306,0.9734977090730643,78.02596152864129
4.949864575904944,0.05552730251847482,70.36308997837409,0.9227028736222251,80.08052765113251
5.044014105929997,0.014389214741271552,103.150349946656,0.931920099570855,83.52413842976094
5.361952689952507,0.013850558839517173,124.55975619171201,0.922771213884135,62.204703435433494
4.754919298703829,0.0012804983396542957,72.75940635997998,0.9062359555266594,75.95186164581678
5.11060199266187,0.02632566273898741,101.49128124120993,0.8343944821950944,75.95379254922058
4.881998356301792,0.006677181291154091,92.48564181892567,0.8671355287117731,80.01247057677729
5.008623446880446,0.055720703119906026,119.06176109984987,0.9386217934716244,77.99074747863487
5.38353555878219,0.047435023819745015,75.6439338935483,0.8850952213403555,60.01012393755916
5.057329720405971,0.015874324054430275,108.6015529673497,0.8812258023822047,80.94342891838635
5.013930964446844,0.06526038038880085,86.92618626007486,0.9518538568261116,79.71954358538396
4.592043157706025,0.02174149552733366,104.4607604965295,0.8011137721247323,57.837564526103115
5.223876069808166,0.03683007137810834,101.37862104616946,0.9357988960490677,69.62104092115818
5.193645254342322,0.007151097319289486,94.96441851714765,0.8978453020980031,75.76908433181254
5.648976416991638,0.014847073006904837,109.5562369253877,0.8753525162492705,45.38578066191265
4.9076665295141,0.016270366149596184,100.87305468605922,0.868107322314718,79.29427782609501
5.065745098299182,0.03717987675891081,97.3438739584661,0.834575099063034,77.43542717362655
5.074815105113227,0.051817622851958026,92.87166931954513,0.8668504165497206,75.7882916644526
5.473235983929042,0.047506424060893976,101.55196779490674,0.8782836944220747,51.89035446407419
4.971411340283915,0.020014664080368835,104.44087096292144,0.887489783884967,82.58818938638674
5.083706457731102,0.019103601587510063,80.21715839838758,0.9344601277355056,82.77955901287872
5.1823689529149615,0.018228992965424524,93.01057524165248,0.890714203884601,74.83674043381541
5.055982736946907,0.006353305911988707,78.89628110737655,0.9592568608446701,86.983549002543
4.866069915634841,0.031182987306535726,99.20309154438428,0.927947599475675,75.92538967718518
5.058226997869492,0.005715672595386821,88.15335590291944,0.8379194158988179,83.59208196620685
5.322089524957931,0.10126651545375975,115.41566295962511,0.8554346345541027,51.05177757957969
4.692045410176682,0.04808375152318155,113.45453955513379,0.8158498372882771,59.28170467237587
5.039890902244063,0.10461565095524379,81.54502872871261,0.9891443509846645,73.54258236889166
4.789963755518248,0.007013941446173379,99.9538530920305,0.9773100962458533,75.8965507298829
5.358513988677453,0.021768570854431957,112.77033158496728,0.8169592450901875,60.286026794495044
4.543043928564868,0.034335540569236364,96.49383359671943,0.914815203169492,56.0792253322245
4.832323445818523,0.01856347083387404,85.43564950388911,0.9920803637721637,78.45292844908465
5.1131635625193566,0.005145482501900958,78.1519294391041,0.9494285579892312,83.61174208942768
5.469657208770302,0.03228474854389561,117.08535123156724,0.8983624387941346,53.2365688449235
4.980274921678103,0.009554102131456414,118.0542629656994,0.848220597781327,82.54236564002433
4.833440141992041,0.0003507945903385573,95.84104802251903,0.8558074150162591,77.48583282904494
5.564347120832177,0.11253905712178668,115.32275169053355,0.9472475909342721,36.67099083143348
4.565595829875127,0.038298709284023055,40.69578940229319,0.9561150546487693,63.24366555265023
4.3403582130139755,0.025134525837429363,126.55109301418472,0.9057386648702865,42.110977901211385
5.132004335016,0.03239231409509124,96.86110389445642,0.824189740303341,74.01857720139748
4.849383732694217,0.03351602743259187,102.83553121598979,0.986773674725319,75.38754021967164
4.693630154860786,0.05434137477264192,93.58964552668061,0.968952546913347,63.486689461349755
5.212506934189806,8.364935591859482e-05,127.9141496373501,0.8281077558054846,71.00777669759853
5.073140214131359,0.10461948257915336,78.78536752088932,0.8113455167257705,68.26703834767191
4.830776410778982,0.05299248060522825,129.4892065321367,0.9071735365499467,67.09226263373992
4.615908680398732,0.035847044205118195,107.92541841890223,0.8568285235459052,57.921492822184085
5.2617371984840435,0.03238874730695496,112.45328431836316,0.8566499418829137,65.3251264007361
5.195060353387598,0.05439510414461991,93.41590873342167,0.8174443185500824,67.14440867271061
4.970247240866185,0.0026419258790775085,73.83561604207259,0.9906771670542776,90.24852730698778
5.5539910988143,0.06588860752757501,118.61021531072203,0.966033291931969,44.33688724957294
4.678974570102154,0.08050830476826594,106.22816702378661,0.8227669183751835,54.49475015601437
4.542342448722579,0.012246423016114897,127.23246916617634,0.9753197535301661,57.48673162492317
4.7924275790356266,0.05966312479775153,96.12447359568604,0.9365912111926274,67.71556288675882
4.986324195093351,0.017773040069644096,91.61537242202171,0.8650882263657218,84.6537229802667
5.073001834796807,0.13165579585660883,127.76176473280604,0.9742501108830264,62.58034627808016
4.927629182643101,0.014647850226560757,138.23788328994888,0.9196044375563917,78.0288738467349
5.105616618954289,0.0713043720480002,100.1869435273146,0.9697339688668772,72.34333208014871
4.6245381727428665,0.06218950129407878,84.94485006285788,0.8938535848974505,57.526451862123395
5.433129381221978,0.03580439110544669,116.21061525579098,0.9001302080323655,55.023121095932545
4.975354646482229,0.013527158070834159,94.91958867658651,0.8582020058821913,84.1642863282938
5.335188749476439,0.01243012540292954,111.98525650801596,0.8775385383889417,64.37640133795148
5.102817603913311,0.0876794056472276,94.81448051242494,0.9135504138256443,69.46859314338758
5.137025965746135,0.031221001919112517,131.28028036423626,0.9894118447417235,73.75550062577587
5.170930184069661,0.03748076655141926,86.010209898986,0.920023551993627,73.92152402308139
5.134312568005194,0.026674970953068575,109.6105932504392,0.8294756383560787,73.5684537188057
5.192816827960264,0.12866530856462788,90.22596059535752,0.8013992370952974,56.136582720060204
5.39874575903973,0.04328182225449055,94.36986877158462,0.970197571101736,59.549945664318905
5.058956350910441,0.01740454914243313,91.75888690478847,0.8728650846732307,82.13334957699432
5.212701127276554,0.03458294665945231,114.77216132186831,0.8629931879279666,67.83313799086143
4.973079291713832,0.034466945282149226,118.36726229867742,0.9601462245884764,80.58091397240932
5.432035164634842,0.011488810401441039,111.15477657864741,0.9890728598179671,61.020548100187945
4.797082309382219,0.05176227683019784,97.8403306650946,0.9496090176703913,69.26874432530184
5.540282129873245,0.031312118765145,102.80360062003186,0.8347694625822865,49.30128358247609
4.987952614806697,0.05051175028469981,117.9544313691885,0.8782756587182085,77.47046438314217
4.5707674693645854,0.043737105241994555,118.5862317441521,0.9518797104869481,54.86445341089969
5.038431324473237,0.03887773664189553,46.1944873729293,0.9813851629341147,86.87071455671081
4.795684502757536,0.010897978445717209,94.55555656454608,0.999720012789932,76.64521799793859
5.252193064696617,0.1115371912415631,95.5148241712103,0.9023121814276371,56.63259864340022
4.804212806209283,0.044659784424493934,113.38505128252324,0.96450496366839,69.50539485399837
4.866144970035566,0.028416793162677947,98.66458364578509,0.8093263285554768,74.0262474342633
4.433137780716341,0.03241527378679921,114.38366761898574,0.8571649499509937,46.83090801208187
4.864308104225277,0.057624168853710925,78.42678457938895,0.8743026806694979,72.85823608091103
4.272836202011313,0.009405429946215477,105.2010903092156,0.9951047690563788,44.341343978952494
4.524829152954283,0.07446361234655495,118.00411306900989,0.8006787296429722,44.53337061123217
5.228124396843289,0.03910168528580053,70.51234261363703,0.8616041475525187,70.62813208621924
5.235740047595249,0.09712391688326735,150.27286936417806,0.9860824519225808,55.98137171382874
5.12763726853549,0.034983598866896316,123.81771865733039,0.8613356470088023,71.93916513227917
4.709907157061236,0.00030145772063576784,100.02706604931284,0.8450133531629154,69.44677122390584
4.985686593157406,0.046858990727086804,83.43183785522464,0.9460177022871967,82.68951724060283
4.99891923827283,0.06721074201259072,96.49829699452589,0.949067778599973,79.18506886702805
4.652490593242237,0.0297581023570909,101.67604719222682,0.8944355765295017,62.40682705233793
5.451019490530145,0.10326261169723479,108.81325113624095,0.9893834939730847,46.35578357944368
5.2632086871727015,0.011064655771825213,130.01321698920063,0.8405414159083684,66.35728702311144
4.933710747851101,0.051240891152693764,90.47803061114308,0.9826831667959195,78.94237147296606
5.008065751698359,0.060247128681867365,111.25419675145122,0.9511016153050591,78.37559822677443
5.062514842384266,0.015132701555363361,74.15141674799774,0.8736416681708095,84.03689591225596
4.387479539472713,0.05893871539888912,91.72798571349465,0.9613817239446748,44.462800966073424
4.925846785243821,0.00973364935810844,107.53433695738717,0.8266404352827508,79.87013472082928
4.79540472560066,0.001128420951060926,113.8252498201761,0.8261964986386455,72.69642538413576
4.699513997031525,0.04562443451681562,84.9353504667076,0.9859874406494812,66.35338841068805
4.915669912134214,0.03207045581850235,91.18416607976172,0.8189561015690824,77.39033177868295
5.5393059580548565,0.036262583792717205,129.2111327116709,0.800815921369881,45.297460104031565
5.192252858380103,0.07896315792896147,123.2381723925609,0.8778060983169804,61.85265953493313
4.828646303065161,0.059557000217794184,104.16914434104733,0.8207701948864256,66.78371761486433
5.171774834406848,0.005760222167628341,55.26709693558569,0.9726072986488502,82.75491288986332
5.419806630975801,0.03890898436671385,150.22265095380016,0.9845387026885866,53.64376344483659
5.277390104873831,0.0416425201259987,99.6013687668551,0.8964852728712825,65.07978426941048
5.017889110976053,0.0755376586207321,93.74865883957347,0.8850943066020074,75.92302479640983
4.805918966688328,0.057759248690197176,89.5528014829177,0.9078078553888184,68.89212765725469
5.209466994084077,0.07422387624286438,107.52734074398218,0.8452389249689973,62.450443343507445
5.118045615626525,0.009405523440087871,107.7316517834186,0.8595931722840673,77.92513281373478
5.26855796600832,0.0033309484087822756,119.01255746253025,0.820195434096801,67.88953271386646
5.1905515405045906,0.016845067611589947,81.47875671301973,0.8892900182222727,75.67807212112956
5.314865814595801,0.017205176669320227,93.75010243717477,0.9223383245067318,67.59903087027108
4.839429436531829,0.016070460201559028,140.61091446448404,0.9860447468783204,73.61500065279391
5.395218219690298,0.03033388142695581,104.49181266499984,0.9478146341253517,60.24393602054581
5.05927988140772,0.0135351271482246,96.54951253346508,0.9446127467106373,83.65024172416933
5.62257826178758,0.013318613513661436,81.16764468832596,0.8615997924188205,49.7627436452398
4.793243654573129,0.018834702648607194,110.11868611641503,0.9776586595020089,73.31071845549538
5.520789140949574,0.06708095067757454,120.62036434084888,0.9893911393359995,46.41629529402446
5.0593732350387945,0.023825903112185565,117.49175291619615,0.9864525873084075,80.84359688539303
4.804574598915665,0.011277803285735893,94.82398272782166,0.807760605304877,73.2556192753949
4.854834249783703,0.01737146266246024,107.22504566727072,0.9208701272608043,76.37923356614219
4.903895807541704,0.0465956555195543,133.4331887329722,0.928645021145059,72.47398167417306
5.127249783920575,0.08539820962746719,121.41764584342937,0.8590130320433007,64.59377757716852
5.15685064641065,0.04773193540659036,84.3167451561336,0.998482436631586,74.96714512139081
4.827889998818426,0.061195892128498366,49.07989870757061,0.8582374917637118,72.75077607434798
4.992693622321705,0.05815711503548285,105.9354501416847,0.8433223316362112,77.11095170253566
5.6426811075835595,0.06612405851165547,115.97136253496865,0.8968291300886384,37.85997111651401
5.518262951030214,0.026218806115046477,78.21551016253474,0.8646294759540687,54.44244052375811
5.130897100902209,0.09990554478758795,99.82420955754445,0.9848058919739888,66.87403911145458
5.01140104345046,0.03083598210614415,94.72601868253842,0.8880153462629545,82.97824513405601
5.036009398015478,0.0508411763974595,102.08572644464398,0.8820299109345167,77.64528523367831
5.184055391819125,0.03825845005241605,89.10607425760575,0.9251724260217,72.81075007766353
4.693162230440478,0.03224486508563647,125.81021995255986,0.8162229342502247,60.49644075333174
4.922787038772997,0.010164842438907747,102.95937761265525,0.9513465893633044,82.57348998654422
4.499424777836723,0.04867794184387125,82.419662276705,0.9536797643609742,53.4954244531717
5.119766936781584,0.0633832633095431,118.34924307187441,0.8948051669455336,69.36767332839673
5.194158781910822,0.06952834137213948,74.7162480801659,0.9911395882000856,70.27238883551487
4.8550440613101875,0.023906085180272634,125.68988755070265,0.9158678221591495,73.46509858968308
5.4721960289870095,0.029247306255851622,119.82118848445128,0.9390472908489982,54.079969290936525
4.632270301099298,0.014308761384626157,127.79550590641571,0.9848689911006203,62.70773308963478
4.560687535937054,0.04164864640218177,96.83507255116768,0.9332690686849585,56.37582931447835
5.067335545567992,0.028196203179671482,90.07772040433247,0.8863652015451094,80.44996877943873
5.314129490783646,0.017132958288618914,101.68043521866186,0.8049542351266297,64.51332799035481
5.505178307437361,0.005304464559594425,98.31126427288937,0.9456598631263619,57.975702705057486
4.862334721139318,0.0366521173688731,86.94527428872975,0.992973202320209,77.4072022805593
5.323604250029389,0.008766004918506494,88.92753371748715,0.8940470247071988,68.25703138285597
4.988447459149788,0.07375106072554549,92.67254305467071,0.8679537275576529,76.33600868584148
4.948211810017754,0.019786853117806192,76.59992627120275,0.9038518852827557,84.34172571192914
5.265097981246002,0.06297071273797265,113.55926579198669,0.9456874411369318,62.20633645808397
5.1956968635240255,0.0927700668863096,98.95405724857987,0.8001380948964099,60.45003432868224
4.527082352904725,0.009400925951848351,93.83243061532707,0.9774423445463707,60.38040611090095
5.442962104917768,0.010671337347231765,77.79291678116645,0.9772725719356644,63.58773286344578
5.4140274062442355,0.12855964305312476,76.7925404466507,0.9082595867217418,46.36034685714693
4.812331189547141,0.09221717059899727,138.71828101444825,0.8244757532351217,57.524982746236475
5.118741060031223,0.06362022629061763,87.45485074276861,0.9343611589227243,73.27424055871161
5.148209055884822,0.03935741580304533,112.21056788418653,0.8275691325926627,70.5341701398885
5.078202129747172,0.02002799961698477,103.25268939800354,0.9015094302865362,80.00859193855231
4.834908453846374,0.06132265554293813,44.49623077783795,0.8187259943962234,72.8210057094824
4.798512989618585,0.01724893837425277,135.84901646277183,0.9178130676595003,70.09479832789
4.992333778702567,0.02198041860203361,113.68167957552232,0.8636138650235975,82.14707327476867
5.351818705777809,0.013803535764680474,84.64659691390382,0.9661982829475005,67.679653256189
5.1630800463783295,0.00859642730992164,99.4326699114081,0.959989225241683,78.18225063450484
4.888815700374169,0.06076620834045071,77.01633265192669,0.9996947750948881,76.5062730080876
5.231509613194503,0.03906005865744401,136.52440956922268,0.851500634940873,63.627986151608404
4.145437213810977,0.011130694997965946,81.84684583517071,0.8123602185559161,35.11914836656499
5.344629710111631,0.06945061952507206,89.5383200661068,0.888600653029769,57.72280551852602
4.47808586636657,0.07035589117061865,85.40877843704817,0.8166806669933142,45.92450380256285
4.89126771757906,0.08355150497155703,101.6075880041834,0.8356999430131526,67.49657736885477
4.664099031612157,0.003646328456810677,127.40633000278628,0.9194600282723104,64.94756019337538
4.611595557283728,0.005102531759338851,135.78748898190315,0.9184261702688598,60.720128180309715
5.348248036213556,0.04266109511414487,92.02007711555407,0.8086654955459381,59.67725575942829
4.859689639606432,0.0937241003689128,107.56517964635844,0.8885809502836558,64.53786436208628
5.103951164519215,0.040430537378195866,101.63810825208147,0.9060437385734483,75.65541346837857
4.985923826336244,0.01487709712375573,80.36781471111884,0.8536048475639973,85.95918049177938
5.143112248166936,0.06094112859932202,148.45111149191888,0.9744086363750988,66.9151573983956
5.023046567318077,0.035756313133174386,127.25519124592512,0.8322197295292845,77.1726344569324
4.6151023327434295,0.023660972515623255,103.7823169942207,0.8507803610012429,59.994369607865075
5.298880045834142,0.012766376160039717,131.63752186997976,0.8313988830065506,63.616466299078546
4.8518730250516064,0.02974838529953793,124.2421342543561,0.8233093267741116,70.69209681821232
4.533025430402075,0.0076462008118117,101.63722682163511,0.9757958368014252,60.18678975621774
4.871565451710226,0.03290732156472058,106.51927210655987,0.8555718330139964,73.81733831752942
5.450227937190293,0.03885158157265356,130.24252284753308,0.9445048038935713,53.024430325802484
5.255066522634047,0.09811772546866149,81.07692837740639,0.88559647194505,59.582586422818295
4.895404359677642,0.06444938745918216,133.4738139464268,0.9271746961467834,69.25296599007422
4.895222688704472,0.10652589759139794,95.49774878629768,0.9856352392344419,67.89740658961769
4.903509484634785,0.04699754503775515,130.49353485695133,0.9689215734086499,73.49001530490172
5.623024395068252,0.0014995704307419512,99.8954680507436,0.8137972784840476,48.679999495900184
5.114580635669466,0.08616704612449691,106.75212444945944,0.9690405070558435,68.90570263732845
5.129012494157321,0.01834659993191161,99.31383286855082,0.8903647030561395,77.38317113504174
5.309085036209552,0.03104208851451762,89.36312754377545,0.8700291453759771,65.26285470339121
5.071636747707954,0.01785878104622405,94.59890203711376,0.9344775850923257,82.25263947872429
4.922287356253789,0.12734521096420073,127.58222806337133,0.9900415746198497,63.2780684166571
4.941095045274507,0.10023675061474267,53.71672034655063,0.8188270995176276,72.43506007995649
4.978519622175781,0.04455019729788767,75.22068110390326,0.9536154060500478,83.57888774647432
4.988833329047048,0.036491153043425505,85.49056581283796,0.8407016061515911,82.12130232805708
5.218288863091094,0.016911196886471965,78.43310415127958,0.8760272245653998,74.0432227577436
5.01558376574219,0.02817139101930655,130.19959220830978,0.97476460325265,81.31459824679465
5.219792023164674,0.009863946792312384,125.15353955706408,0.9091598368024679,71.00072937161568
4.975785025967426,0.050828967615363554,111.84063618789231,0.8134913295900853,76.0085193887535
5.023590557094828,0.04535491721995662,87.2439186504493,0.9016097100273477,81.08913132681887
4.400539794640368,0.029303421623527344,126.70103733588273,0.9579283803282849,46.1253383078704
5.274898302410745,0.04807867352855523,68.23740148008912,0.9057761175531187,67.5860830291255
5.103946542769398,0.01006654330885485,142.8396528029587,0.8333778477958105,74.63681761312824
5.299403032957896,0.038543389623551236,86.30740405644899,0.8890082150115064,65.4037334735788
4.131123386541893,0.029566719611712516,94.75929556317124,0.9848690736079299,33.6538471665982
5.626512411434218,0.02829133854479821,91.41312299010572,0.9316407980188226,47.65705819359305
4.958123111553448,0.03183585605131966,78.53785171802646,0.9459773013017179,83.77776913974064
5.332454845021255,0.05392748273105258,138.50226247873837,0.9571873014898901,57.25710667099078
4.688028221862341,0.07374328277508554,115.77789261568974,0.818138684838667,55.005185330682
5.1838321715187705,0.04610103175553833,124.30941084159575,0.9163073118539928,67.9501200984633
4.683975331047903,0.007160075018816856,75.52661455878459,0.8751830386370616,69.91550792691443
4.812869311791259,0.010359695634629375,103.61875654007999,0.8278318327344195,73.41296536296151
5.574209406160036,0.04697589617825186,110.42057378662807,0.8405419116608048,44.26983205821335
4.942795279770996,0.02258086200933541,105.41513047099687,0.9562320947449469,81.7637163326587
5.065229861953917,0.06830626627651556,76.79253097864,0.8322978210579546,74.80697166458276
5.261020319206626,0.02164316869901066,121.51000042261273,0.8624837214443439,66.19097992937645
5.148704566391781,0.0008610799145220734,102.43100165570308,0.8569746676526163,77.84495721679684
5.045125671543073,0.014175582368448262,80.90071928713994,0.8097260727829135,83.27057187909266
5.1094883007398675,0.044460591233215066,62.89498920894673,0.8924316898478717,78.32074814668846
5.721024675571482,0.042024724808166894,112.1333302697976,0.9531859684338417,38.28519708618311
4.982714360889925,0.016248649980159957,149.00911468263,0.80443052654978,77.71326321910408
5.0603297140144905,0.07464795554483342,79.69491453307437,0.8225102900959793,73.6637381760177
5.3151963188022835,0.0685231318453333,103.40894100825932,0.9440373359195136,59.34960371262734
5.331657779887395,0.04066860145651979,122.20994558183153,0.9187161981345827,60.1535723927868
5.356109091668114,0.02273058914550352,74.60695467797397,0.9430495228097364,66.62416111648497
5.191619066608755,0.05286605475597696,90.40086461829951,0.8460207909754277,68.45327714775675
4.657098526180855,0.03571337109005917,82.79682441477196,0.960753756659481,65.00429859905485
5.490029459690328,0.07304000359029739,119.69353389649092,0.8959742120220554,45.59236273082771
4.656096382094393,0.06497806883691538,126.51045138708119,0.9220603948357714,55.40923535813359
5.0907906395717095,0.03091269507088643,103.1807252946347,0.8184306834401673,75.96619850440433
4.7737172449941925,0.034298158537085316,83.16531862011797,0.8410063166719643,69.78190539051624
4.980758496022102,0.015062477220203815,91.14418124144305,0.9546715763220617,86.5651515805925
5.0986287230910445,0.06880693450334606,87.39002971506494,0.8447816882377557,71.91786723228404
5.096407164635082,0.05881544983856228,80.45462276753986,0.8185059655042918,73.71790967944261
5.126576226270585,0.03973786945539967,97.9592359836307,0.9194406564504201,75.03763553610025
5.484113380717594,0.03812715455464807,111.49652968923724,0.9095873032323466,52.276217069470356
5.136060290454194,0.07813240293430963,109.80514888857039,0.9215787857966586,67.56758295967808
4.926753009412805,0.029016934533194372,99.83535270860979,0.9236610992726183,79.74232709938055
5.289226150486507,0.04716046952919503,101.14107673650727,0.9000394691729008,63.459042251237605
5.356841146677392,0.027967748032406144,98.36898409820442,0.8987547841137312,62.53256626694973
4.631717655458902,0.039099776094891237,74.05576921667453,0.9848331130578925,64.32917825279085
5.179220020954958,0.006897198316657017,103.20269793965745,0.9067763449759481,76.0274761007572
5.210351822693269,0.010854921628803655,88.327488290907,0.9234600404827717,75.38710437464803
4.910730948992002,0.03827207631105285,73.05313561681125,0.8533938783877489,78.66560949893606
5.412712043993486,0.09353309953261447,107.41411134231167,0.9742186401604382,49.95027409947626
4.954983323890242,0.046264068597622054,87.7653992716291,0.8048736185318327,77.68032158724495
5.037672936041463,0.08730517119312403,104.55507842517672,0.9114453524595549,72.41724736521707
4.948078452714839,0.07925815157196703,116.95275630138855,0.8767700590396218,70.83610997774885
5.00467371427444,0.06491512748445177,80.99522557709537,0.9207808391120954,80.29840224539821
4.67111747393144,0.014688330374837525,101.84242564145943,0.8720344099542761,65.32024451460032
4.567984735221712,0.037122543958845074,63.79154236539277,0.9435375823435294,61.00229992980727
5.478351518967491,0.043868556677530895,130.65066181218552,0.8040662885946862,47.73488495099607
4.745911595504501,0.06554535175168746,72.81867006222436,0.8811778877538287,65.26458371637109
4.702582295163108,0.016300760923186556,89.70360675205251,0.9662527199484827,70.06451729507287
4.353982965918886,0.00046601072933426246,126.76759807527915,0.8500401435558872,45.49311940932282
4.8083114756931495,0.04118724233281347,95.30954147838028,0.8105501756760645,69.00065155735022
4.60307306197775,0.10387530593145085,76.052046273994,0.8993048149130337,50.98397949980866
5.4926045480409105,0.031927042851787796,114.26146464573071,0.9953066921053579,54.13465806731129
5.30294512680279,0.07563990978064533,113.8106492430237,0.8128317123070273,55.35287524657399
4.7935548964466825,0.0001416714237402021,87.33627321269533,0.8140112985499587,75.13864172296955
5.675730741603292,0.011533557144247635,89.50146958439201,0.9190233129893357,47.15644123351283
5.2945296460974784,0.05277771791442264,91.29182058763827,0.8500135425756259,62.282652339736586
4.902550584947413,0.11028344390581327,95.85952078627938,0.8820462467274451,65.66549136689376
4.250178285537928,0.08625023274728194,62.14057846156387,0.9661014305998782,35.18113298602459
5.687282771777222,0.02861675019080941,96.371522777638,0.8397697368365034,41.62876362371152
4.5831282599709215,0.07712852857187032,135.67828396366298,0.9438599873962866,48.72778766403418
4.506380375912933,0.1379807129550052,82.08060065526591,0.9008971026535113,39.49559759906883
5.306771129602892,0.13344958058297268,88.33012813060472,0.9809915384828544,52.36311309297717
5.731925721901781,0.029422679821464136,76.32764673607208,0.9945924000587127,43.93013804024054
5.415281845553156,0.04352441227909108,112.24323852790708,0.8969921571306791,55.269946714769866
5.169172736015708,0.06816132669469696,124.06394716284753,0.9169294118230934,65.55763035503011
5.178426302499585,0.01460081569936949,123.6063567835525,0.9491685081475106,73.72703397971443
5.256024667634092,0.014350943844669475,75.0397882221268,0.8637348283744011,72.2565961105294
5.22767857693603,0.06472294215525645,109.9958346099392,0.8453480701046494,62.538222001648826
5.084357427190813,0.03671873734366493,128.67500068428473,0.992937034488601,76.42198438834502
5.031260331185563,0.039290745550747255,110.19326215420246,0.8865230782439156,78.94190364571219
4.9812220616301435,0.0037629032459013077,109.56819366687553,0.8003181653031548,83.35843215029895
4.7738106233399975,0.05305764643306733,90.56714842729683,0.9675436597050167,68.7641487868104
4.915797476939968,0.04551261112025093,104.40219647587327,0.9199328322582172,76.07939394593744
4.492112955741384,0.03310082871792379,124.7263635941281,0.8337117125440608,48.763250928262906
4.970498111961575,0.06667114772379322,106.56417936857528,0.8060279386354159,73.69335539497632
4.703422667854725,0.0019141506091367722,75.03450487940547,0.8582964862083462,71.58071671613936
4.668923204835269,0.028933488760953602,90.87916651428057,0.985577419094733,66.41900070643972
5.053968245346043,0.14877895500888003,124.18559077777988,0.9866982340071224,61.76046763026986
5.41760068590338,0.0024825096921406963,106.4948664070219,0.8622006972604237,61.166109696482394
5.275494981800694,0.05819514542878222,102.38124156486153,0.9671861985641433,63.84662909243772
4.528849818913047,0.0004802766441428727,88.919689335066,0.8883690646514192,60.53435999768316
4.7031115590288985,0.0033113695858556016,123.7719836106887,0.9308689498273189,67.93016873933308
5.282231356396465,0.03207264758874093,133.24825195644513,0.866888775174218,62.26817178574083
4.705253781938507,0.07016829463645728,125.26378246036066,0.903194519254197,57.32749485988968
4.932610055000892,0.047423163677028535,128.85183242890744,0.8587558893100653,73.13306329180982
5.165015629707366,0.061270729891154244,92.82587518467666,0.8122228724712925,67.8703226648431
4.709496663540909,0.06631069809789449,89.99661805252192,0.8278756372383078,60.18104603728433
5.031612651843788,0.011977497836718302,96.87309653001628,0.8581348988946474,83.78200453875631
4.599792351524538,0.0059944496124996905,100.77146483952508,0.995250756795226,64.91624230154936
4.819589706814636,0.005971414670072374,128.6203956025051,0.9931344300499984,75.28031924911674
5.095934580242761,0.010801377185897795,123.31773478936833,0.9655326684969062,79.60259849855096
4.522101879940499,0.002694786410999239,110.76938774508989,0.8465012102192174,56.77498026465544
5.13214242138812,0.06248223913533259,71.37626468306226,0.8883204281083645,73.32790094027398
4.994108660321996,0.07564256766739147,66.2395631080625,0.8879565676981409,79.4353095123676
5.165746986325145,0.10886473840152269,104.80925489603406,0.8773946489636368,60.79243754993225
5.067174240219399,0.04419205625132308,117.60526411201434,0.8089760610179492,73.75973195829516
5.409242128992153,0.017883405216989362,98.40865902027726,0.9069054748448636,61.06020507279197
5.037567350794372,0.06534170731864632,138.2980900995681,0.8145623984249722,70.40614181308335
4.871178337662424,0.052591737258421756,78.35117912439128,0.9603837361435887,75.75449648141482
5.036689250909685,0.0132350452575507,75.83296101008801,0.9382614285689563,86.99532062715663
5.162989408710916,0.013946228380472308,86.71438051051358,0.870547401328707,76.86821119579696
5.014658021097711,0.08827801852160888,85.95405573617529,0.9294272764424927,75.87195591112832
5.012177507361165,0.017675170943672103,110.5257173736396,0.8466074013118197,82.49765020565172
4.789402493657973,0.042502733559257315,91.56576296312994,0.8530500129913265,68.89316354910333
4.801129724734715,0.009478949796806389,69.04319077442676,0.862826703385081,76.99815600482091
4.579218418460092,0.044342103448374554,117.83156913390233,0.9594023199870659,55.506679076700436
5.524873022956082,0.10386197964872285,64.80096147855741,0.842138269369217,43.290990914855264
4.626841029382614,0.0697763345837057,78.57563553978582,0.9125562454972077,57.537572931366576
4.7921284406612275,0.01592720061110603,67.54586858512263,0.840093422884297,75.18590794718142
4.784477820329241,0.05377454236327349,104.14242554141747,0.857007485012483,65.72839501137135
5.2684773130833324,0.04887584773036059,103.72095424302424,0.8470962585972983,63.129813803089505
4.9115150965123915,0.04532938358486378,138.32908642032706,0.9290009342146572,72.63860829527435
5.37432262180212,0.07559766804302044,118.276533122911,0.9053457888911561,52.480254950951746
4.797952812726839,0.07522388519187333,128.832923666844,0.9442598291811106,62.59549020176717
5.08369824866714,0.013642070156255785,105.77219302596986,0.8439886874665972,79.23434900326818
4.749395884022073,0.05209395307388846,80.46136357818872,0.8018297071452075,65.1401178653264
5.643544738332016,0.0008452539420103107,102.56215203986993,0.936101913426067,49.72635067331182
4.643720474291146,0.02615361981577888,111.84842014774614,0.8229707916990152,59.974759304307625
5.0929462130681085,0.006525312214800679,114.0761476450315,0.8492610448847913,79.02203651688606
5.19013306427963,0.016186092413020867,90.55175711783315,0.8611372304922446,74.33167117933066
5.124139729235449,0.0630790494588996,109.77572947564798,0.9493604184581736,71.09939424863678
4.944413702336687,0.06301662797083603,81.3394405831747,0.9251783621314854,77.58195112888808
4.961053790079972,0.1183662711301199,79.13444811778567,0.8368530873051658,68.73190366960507
5.013143441593733,0.15574084697431606,77.6843057722903,0.9195775621239484,66.47338712347857
4.955899399511454,0.09509395668981595,100.49251977113595,0.9416295990221224,71.8732104705437
5.289163735038473,0.0069495637913843215,76.44327289847394,0.8777794405580344,71.51900285029727
5.663156900477405,0.020471318028188662,91.50511220257985,0.8491905828055705,44.973188702980806
4.83275246449765,0.03514859367936416,118.05833102827916,0.9357965545829579,71.60295680678563
4.589059106126276,0.009458019399447102,79.4174064384339,0.9221782400282994,64.42666761438211
4.973515385494624,0.029630957379346817,89.91375932991366,0.8155824316941641,81.28655222366731
5.773912801296295,0.012800001114916946,101.43262553552339,0.9333359280467508,40.16868776236742
4.758897629609081,0.015286364138451702,104.93773803064533,0.8977035865670597,70.70120108405374
5.49173504163322,0.029073053174031936,90.01418818388878,0.9506737913955455,56.14699653542405
5.5033102442229325,0.04567638991769972,115.73720137470315,0.8381435083759654,48.139076889018085
4.833923527487602,0.021978486206682406,111.80904601569449,0.8516432835802753,72.5905997882898
5.170694923755582,0.028172387330873863,122.79713208723406,0.9086625478195043,71.42598422270066
5.488518986938561,0.026442481067795717,98.3679615130588,0.8963467055784399,54.8126265837799
4.886261677703754,0.009208462228192276,89.74362381087313,0.8772730742112993,80.36553043113506
4.9389258919692915,0.07689288879846859,86.34735955975756,0.9492066628859578,75.1510175001306
4.825495725815407,0.002317372255922441,106.14055035858726,0.9129503127256565,76.82708892919045
4.69557298079214,0.03136629534115952,92.45688434377455,0.9420543707788237,66.6248335275535
4.805216736480197,0.08486487669627729,88.61660444638422,0.8306509924638232,63.334632089008295
4.632817919971323,0.016031192998984384,91.03425471509355,0.9457976590291075,65.37692395750453
5.010225040477768,0.030723163373377566,86.32619029751496,0.8923056216200584,83.99151646797696
4.769008030682407,0.015180768184255145,103.98042225525464,0.8067535871369175,69.60039613051904
5.070135773537224,0.08186848967817996,71.74833634911877,0.8468983107992999,73.27471271711367
4.533231306138912,0.007113771920685238,106.06032584949925,0.8051512783481156,56.42380556224433
5.099264069664337,0.08416772886441029,113.530975208059,0.8913749043982088,67.89339705763649
5.250058688482677,0.014820605267646766,88.38241723645405,0.8651759521110172,71.2386652194673
4.401879307228564,0.02297298617240084,138.44073879213096,0.9974899119826502,46.77253486829359
5.112216970954272,0.053968658528706054,100.35242621953707,0.9737008233913726,74.61045680931153
5.368300697741987,0.004766608312217199,68.77314033800224,0.9651341720686298,69.61233629622055
4.637107694392638,0.051025044954958146,94.37514187326659,0.9002233098062491,59.139656929112874
5.501771716051311,0.11647021924618671,101.25312289871593,0.9614174998701533,41.52620185752479
5.125705702809814,0.020260263094747318,108.97935111140427,0.8533739294925511,75.58816184590967
4.788496443272478,0.0029802649378740213,94.85138951778306,0.912129893569305,75.62020577527535
4.983269276702688,0.033162934326563906,79.76859448591219,0.878583612263882,83.61652924986313
5.167498073756517,0.007662050091989971,78.10038763775435,0.834268382304546,77.676136943126
5.022801617423723,0.008685157214632578,86.92801429636657,0.8145226862736809,84.92678166821868
5.161626797733911,0.017600710257470942,88.84449274962475,0.911643676594323,77.01070985426868
4.72379792207619,0.04836632306424779,77.30051670201485,0.8195278269760413,64.83343173425357
5.050808247210823,0.035813689012985685,85.34373677792601,0.9436006193371965,81.91709052435408
4.575885650928506,0.0883107392602894,113.1891704887871,0.9842936957452312,49.673485032692874
4.96663218159539,0.034046424847391316,132.96825215388975,0.8324212219423123,76.24256639207196
4.728827707560563,0.060449430461450446,115.10923427741926,0.8941877157020457,61.0350787707152
4.77934101722307,0.07472812273068978,126.11722172373625,0.947754918611965,61.89461882364638
5.370827952563131,0.08182447560920884,119.48236936467396,0.8573679322066055,50.67577321249554
5.327393036178281,0.11350693464106527,116.66260656796689,0.9841529039265875,51.347175054878434
5.182741436272153,0.004960099913796513,93.24407473885343,0.9776931117739822,78.52095359819567
4.672306170598226,0.015924199258055823,102.81821756773894,0.8207508711459356,64.08293601333
4.905077465091559,0.05917328241623673,91.58761315087956,0.8054799543063681,72.37949331409746
5.363929309993755,0.05541331098286999,95.61785675332746,0.9952916965958803,60.19629300952908
5.0425150740919715,0.05878376498078447,101.36334200773172,0.9912950049542262,78.32109670567539
5.695798861994509,0.1144641227125126,114.27132303158054,0.8844571208931926,27.34445998815839
5.117995351818312,0.02056849543992471,108.46646763030247,0.8101126648211945,75.19061110830623
5.057614734947009,0.041307827982309246,96.76341473971287,0.9237751105492056,79.1461024428459
4.90726506073925,0.029019412574173748,101.11077481783333,0.8586820214777313,77.14555470600021
5.040062271434684,0.12676605619879788,108.66927348387053,0.9873445973801108,67.46131988331443
4.954259049085837,0.0031727539395444496,113.3478887611567,0.9589323850108606,84.6234886783201
5.212432603006577,0.004589203591958503,69.62009673485595,0.9299187568266887,78.20202874385978
5.287010695038375,0.0026625054495878625,78.45222072202127,0.8569007695027058,71.67277579811132
4.7642031618476155,0.012244792932216888,122.14621067878684,0.9402537158883435,70.60592402091258
4.600630113932667,0.016471852442382463,98.78260860137884,0.8578336533518408,60.845441176501566
4.449138388069011,0.006185214144476262,91.51846813266042,0.8075261968303753,53.019198285810695
5.152397398073763,0.04828979640254723,94.73001054147923,0.9016869175240548,72.17342395152531
4.668990018147838,0.019265896013161917,94.72589388846892,0.8977369089577382,65.73166547720386
4.354132822114255,0.11744815557238096,111.15875563048748,0.9526011946052467,31.566894320054335
5.116573581359289,0.05678275718206843,77.83967212038466,0.973134776470889,76.1668998585117
5.7478998552298375,0.0662952088363859,100.49555492993522,0.8708936977388524,32.55004582253539
4.998178726538032,0.07886043937084575,104.92235458900808,0.8898946020407342,75.36731426856892
5.251547232335493,0.11170672821811954,107.92535833131006,0.8940800839289057,55.24022267259963
5.02454880756427,0.0685711275721922,104.45727992420586,0.8648448168744759,75.0925707553839
4.970333104042657,0.04149415576432704,110.31812460628056,0.948677384725038,79.93759811178307
5.27572294489633,0.020186183044734265,88.54607697883374,0.90442023704126,69.6624928924519
4.912917636743405,0.003486489824479886,81.16394535350089,0.982791154877728,85.79151329313677
5.080217694221571,0.004971530470737551,149.14008886501028,0.9300621543791172,78.12844297717642
5.096509341858804,0.0023488776403020398,93.97470630851527,0.8423793117787945,81.30722344715085
4.799572863907086,0.030965445656602704,96.31091058690863,0.8329617297494073,70.35769852223203
5.297612704860957,0.021764769537260795,113.5568019543577,0.8744768675832585,65.01237943398286
4.947512072991377,0.016141739758912487,131.92178584388483,0.8693853080513947,78.62499099228515
4.773276452152147,0.0887774388493785,89.10943766130609,0.881426364972502,61.79755483504148
5.160952953071121,0.029643435268934915,80.02369463620948,0.8367182140608884,74.62830234298934
4.730459605462689,0.007461932665628765,75.1569329841678,0.9956445340052978,75.10548380960618
5.008454347210739,0.007646028159614026,131.86212443005851,0.8291419545737458,81.74246159188263
4.997264301006739,0.03648337296552685,79.23786027077932,0.9305297548448642,85.05016118539467
5.325768669749474,0.004540323324821009,99.44888126968867,0.802613847012918,65.88022012959792
5.142409469863986,0.03654936942427932,80.45430335914062,0.8813922076638027,75.55544021188095
4.992491912376456,0.01370903242258335,71.03288164083392,0.8618366798190074,87.62660531149665
5.245329889760086,0.03365456641813076,94.15249293812627,0.8764049275478838,68.34487090882027
5.417062264705194,0.022445232818523227,81.2442666731768,0.8996154689546227,61.477361906684635
5.1673430919055585,0.04543420654945696,86.16743149153375,0.9200750003048636,72.92904036019185
5.003105785953014,0.012324965221510806,140.12210194834807,0.91670226895886,82.28674324393491
4.606449130294952,0.02332238849761992,108.49792208344806,0.9261427340242226,60.561652015193786
4.680465901077389,0.06533921333377148,118.62939039107978,0.9689095365107581,58.54232375568478
4.9084325886936,0.04029251333464495,116.49319125698506,0.9773434311229303,76.35962781817935
4.817146339352215,0.01650740659081785,97.9827815384195,0.9474500601121595,75.70339242091146
4.9439086091043665,0.019874274867189432,91.20563281244752,0.8157884485848809,80.84858100663644
5.016994977469132,0.039026015265815145,104.97869223722233,0.9922584783019869,82.47369940429732
5.158907826307019,0.05453504446743185,103.36901539864989,0.9894796172694093,71.73796455698725
4.9788503665822725,0.027134420610081516,88.62389165669384,0.9423407589090708,84.64528491593616
5.14595049314786,0.10018509277334653,102.59695660933721,0.9034878142803848,64.02526711980036
5.019342324443036,0.0429818659037408,85.87340586607417,0.8501236716671785,80.80731349459288
4.407360030093838,0.06568036087840172,96.57084138718321,0.9512702278997752,43.957868093147226
4.718199381854374,0.02667827077679891,93.29433050965326,0.9755720357432578,69.27222995864244
4.956773733283516,0.05378322266284882,74.62254814788442,0.9330375201779876,80.53743618635494
4.637091577147668,0.019839061633458766,52.9768357377566,0.9258145265723542,68.4682423415127
5.179978618998861,0.002919918160639693,81.21873500120601,0.8386009409141173,77.41344045413412
5.459225249703109,0.03746817767411899,136.082093291726,0.8715593045788379,50.64923512909978
5.365628555509195,0.037104974077869085,93.80636435926544,0.9446272444065025,62.008449009971436
4.935967138720938,0.04538059114716238,115.51936321792809,0.8033797477702447,73.86659828479398
5.447217841054986,0.07501964461393647,57.51109713813284,0.9282528554377772,54.72793023955265
5.044600237160633,0.0512485585907706,79.83427864071345,0.9533340602020496,80.71995532171606
4.898874208664588,0.028722627380514804,72.91020765275299,0.8669408972541564,79.6718555926059
4.8159792009377185,0.03147863205371266,95.9539997982577,0.8152335538401578,70.9462283451836
4.909259094053562,0.016218181590173037,148.43910961070486,0.9638238757767997,76.55538495915326
4.883546954437631,0.1888884120644681,109.20477886455836,0.8283673658970045,50.326424888071905
5.051124866712646,0.045785980958506806,133.91225066556171,0.8741602211939548,74.15659021078812
5.04817219431496,0.01608345755349214,94.91126544628673,0.941450821013556,84.03503958372104
5.000913806046024,0.00577346365419296,127.29738747710144,0.9633971975302867,85.61735729200518
5.131081450923905,0.004008114159652222,141.4651341336578,0.9724763836977032,76.83691008120613
5.357193882435903,0.02150703306575887,97.81261867179083,0.9060834383222232,63.68271899324739
5.284866240632397,0.025599096631062888,89.2147057754527,0.8951743392911732,68.05017727567495
4.554530609465029,0.0028349572346756495,73.64378126019695,0.969663455403606,64.87548396475283
4.233823659529413,0.006342387674004911,93.81879482846061,0.9126154190094943,41.94849031800789
5.280295973371782,0.08721422876172982,101.63793350401582,0.9157301456830462,58.250916846692945
4.589936390475374,0.08922524813255171,140.619072346983,0.8867946735987602,45.68638244591657
4.932570379432195,0.03260169899674385,74.10052051807827,0.8745627943842079,81.14517175229645
4.648966092182192,0.04706298636183688,101.19323787393957,0.8961081714579658,59.68135721842136
4.4594058687259945,0.046925157831952176,63.71383757220766,0.8729694987392255,51.613584666330595
5.162438818461436,0.0977141220805513,91.46474342322864,0.8687092899938478,63.82426403778523
5.227746548090794,0.08848905509811894,106.22790714824038,0.9987328684015788,62.41371550304207
4.827046879781984,0.05672129264048335,110.25166305377115,0.8672426988143697,67.43430656175684
4.222687312356527,0.09112114776429109,111.78046159283844,0.8512767495065334,25.540555407594777
4.836126665524255,0.02266921362395109,107.94808065773691,0.8707848179685254,73.38810618145948
5.117541201620764,0.051405148491685246,111.60843880192482,0.9181562681272213,72.43903711135334
4.5563265293677615,0.01403877831625901,100.91478258005327,0.982198097324633,60.82625870311418
5.055007975933747,0.03461327280778561,79.04267388022056,0.9575728500395522,82.75472013557632
4.995407045248101,0.08647671219852623,62.96686072639888,0.9684482278151403,79.82519436877007
5.173787449880327,0.009471170574344552,89.06624356525566,0.9718017221367715,78.68148750723859
5.035874110524246,0.02307217147321432,97.30769133873541,0.9841056792893734,84.33807209947699
4.708079317735534,0.024874446951184844,125.07863594350961,0.847014246581776,63.18601335873885
5.3589714504993475,0.008666889813800021,97.98796649687625,0.8916732062074871,65.19634697243126
4.952441128091909,0.052457386053521016,96.06861931566615,0.8770395333152894,77.21178851222554
4.99180863814702,0.002662976297352116,107.71054253683559,0.8763753989227001,85.86552556898886
4.720019612278041,0.1059219807801357,94.59976025097596,0.930456730340437,56.46203820137327
4.867015324642547,0.04448380489805279,116.21083997893876,0.8803606120635488,71.33447698722199
4.734559185791929,0.08268673931098673,139.58667236767758,0.9232660611834408,56.177194237768816
4.948116182022973,0.01824246141540516,143.81571028421402,0.8764558727455616,77.29814813555745
5.513512544042703,0.06979913672920117,101.94081254488978,0.8622256365448846,45.76980832446637
4.588429657120593,0.03189375781744337,106.73784729390897,0.8706154356886362,57.260239739000916
4.515931580636978,0.007269600699305821,131.57712240746966,0.960751411202752,55.922770716630865
5.441351098248083,0.03548046839515154,97.00075954207458,0.9202102072457782,56.90099203655041
4.937202896854441,0.0640688445857632,113.58384283848358,0.9947995466033229,75.15945377162005
4.799278178402025,0.019581960636427163,77.2967974062835,0.9665312452759466,76.62034177354799
5.311971406218823,0.06879184458119089,93.78321703450004,0.8971561216668082,59.52773966957816
4.818315338078941,0.04924767465432221,123.12229233290614,0.8484752670188151,66.36904519367381
5.547802914064081,0.022835332441963275,85.63608732424754,0.934781822291029,53.838553003256465
5.20337776140178,0.04394237866088675,97.43897642540645,0.9453292054623872,70.36866398346726
4.853626577556289,0.01863929338110715,68.51580708795761,0.8928351959583918,79.42682385658337
5.647192463979651,0.05148621215151855,140.11536589019272,0.8459844264821381,36.353672279116665
4.818285523098998,0.051044699261172166,125.26056139633806,0.911447663572653,67.14332362858333
5.222628611602792,0.009841573550766055,103.76199132305497,0.8507658504718894,71.80516514834987
5.089787774121947,0.011967335681696277,110.15025744164656,0.9879996635260875,81.5626007267858
5.390522386819639,0.06254913392533826,107.91796213886737,0.9257768496067439,54.91002748026905
5.4684533590180555,0.05786521118873736,127.68623506061572,0.858386192333843,47.61211712122135
5.00960124471973,0.05025665078794747,89.62399915257255,0.8431461376669049,79.78595053670495
4.773974638896145,0.005985864346140964,114.64535239856464,0.9433446566770242,72.94295657553157
5.137991642881735,0.049032608505506975,121.54832997704347,0.9415586560483507,71.04195027453252
4.796685389074368,0.0406035568533012,124.30651940952913,0.919426446301715,67.6684668015483
5.604016174257987,0.04625846566310843,54.812582323366044,0.9228602050358443,49.79620556343478
5.040960599324821,0.0994265731238843,88.01451043469712,0.9207738005651246,72.24240303976087
4.890403534606367,0.021716909329133133,79.61658757396192,0.8720206893621034,79.64543070685795
5.055404091759472,0.014552718869694798,102.99176571141372,0.9874828820014947,83.94332773286597
4.5958621131410915,0.025917510056171815,59.679395609714554,0.8958556928525836,63.81327457611994
4.708515788446805,0.0201680216382847,59.08754218108794,0.804065580029118,69.65830144353914
5.360124172383328,0.01809327155876798,143.4018998375252,0.8696722684776651,58.73181430898591
4.802931716308581,0.009473252982350402,112.35378776526682,0.82605651572952,72.04066656922605
4.685926705195418,0.012042526423113603,102.42018486397623,0.8726767582095767,66.56074002605195
5.160995825758186,0.015819714685037307,107.27345295677965,0.9216524970071466,75.6729978962182
5.355711246398899,0.011949252703333881,102.92681847498359,0.8045328949043848,62.662913361155326
5.21568599319952,0.03401335298903464,119.94701313103052,0.9740401062455737,69.44293827148205
5.298814305741745,0.0390033720286916,87.35111615872043,0.9220618236936351,65.92676070919222
4.772961473429162,0.04855513142956842,103.73229652147138,0.859074375251799,65.9026765442033
4.573456799977447,0.018530897506266946,104.54842535875432,0.8622410347848564,58.417751532528484
5.450400095586646,0.09603200480085224,79.06284083083324,0.8931336353032302,48.52758216765467
4.903196048347359,0.004269927627897557,125.53966118126105,0.8496183612003587,77.989674862538
4.9247500950634855,0.09650928118982804,91.0864652019718,0.8008683855521893,67.91733471618151
5.398458242554717,0.01210635869158017,120.34843339617802,0.8053114896358526,58.34793809607919
5.166869002820198,0.08132888882997177,102.2982545274296,0.871548134394404,64.9896637414375
5.136766331624482,0.04010989124561756,132.67169664818115,0.8248443353217217,69.00725345730474
5.649500703470325,0.03242725525594936,79.17241822956952,0.8044727349294164,44.338082379019454
4.806944530885957,0.021719689765379153,78.304823969791,0.9718538540069681,76.7653130715108
5.278352038424371,0.012111623922199468,81.88608817991383,0.8548274627285707,70.39007454278784
5.017103937469125,0.018271388725709048,102.66591101028749,0.9006245154333603,83.97895465063459
5.080577683658977,0.005562972893476365,130.8293679155641,0.8358818168383246,77.96559259164998
5.458540527923759,0.004882521683412468,131.861872363305,0.8093449944487525,54.75590272470713
5.152350726886887,0.06208161278825376,53.8006279912312,0.9489732598977163,75.14611686737993
5.1614888237148895,0.029210861476504674,104.99414322445078,0.8249913709293567,71.92945445177298
5.321752201192941,0.05049756936659887,35.74092778969954,0.8051433804807318,65.64900735407842
4.890514181137134,0.008406574668710504,115.9006358757007,0.9174460656526819,78.92872239340505
4.748237099798298,0.0028991327097612485,122.36338829790414,0.8026935144842899,68.27688754132909
4.68655724179369,0.03767412654443218,99.19511450615629,0.8872571889620643,63.367947854582205
4.4100930231871995,0.0014981693715901516,101.67963154989509,0.8577672096955633,51.36823702441521
5.616862138982096,0.14605572777945697,101.47277785880479,0.8638835969875506,28.21030664802621
4.669037490283495,0.009511098315281744,84.31116162517507,0.800779808622806,66.30006467965606
4.9336239129242685,0.015906291140458047,108.63411570642961,0.9928692160765591,82.62546385527563
4.916956010033323,0.0481836827135078,95.37183996693486,0.9033926204967077,76.32047660821391
5.092222009342731,0.006566106123752162,118.60583418579236,0.9145024266083368,79.91122863446084
5.244721163761789,0.03738367711224997,97.7274613096154,0.9332244969824056,68.60092241614173
5.258142046507924,0.08898943306951228,82.77953787023482,0.9595043582099534,62.075195626273306
4.8250767684293185,0.017158157389652512,69.2827065826898,0.9215818232618351,78.43424830427895
4.949863485864077,0.06397513964567017,62.71870349888576,0.9524396210986618,80.17246027707873
5.08477398514649,0.040415175782966634,126.2501868790887,0.8897470588725751,74.02120701330824
4.925392662144936,0.010641722606806955,90.84421294281961,0.8742550280808977,82.32798060501109
5.482203672805998,0.08381319939367773,106.77148380163297,0.964626781496437,47.11118697235393
5.147292485491476,0.03856033817350294,135.66459783489037,0.9730621048346926,71.27318245769084
5.220463335814945,0.02091154985685586,88.74391337404218,0.8275613339573868,71.31230271431842
5.198864380600224,0.01902348052664489,87.45045031237693,0.9085320373920123,74.6402108015924
5.352042157245598,0.01568144466022337,97.35676495289353,0.9367284860972319,65.52414709288591
5.054306467611112,0.007199170668634184,100.58865400839986,0.8167197473263934,81.93726588872603
4.610950415613246,0.04136880227353986,137.75102700511692,0.9859193633485503,56.394989162223084
5.119906385525793,0.04926802592222472,131.31641188188226,0.9040219545434262,70.36421088279901
4.804592931862452,0.04965270251415106,112.41750831813495,0.9290914834633505,68.16774937207796
4.841414995475073,0.0005746466440573611,128.98827537993736,0.8356485496180708,74.21284618626348
5.175909205626528,0.06127785374347827,96.43561974864288,0.8528869379910855,67.66794638584399
5.371484921430091,0.06805467286160417,105.98329134376957,0.8242002433362405,53.388379517301765
5.006381473020818,0.063654200625287,93.9697271092261,0.8527997443707778,77.7280037014508
5.092649903779689,0.009079038161360905,74.19263234840722,0.8984793530583598,83.62947387534099
5.510664483390571,0.022776384397031186,124.0774948358719,0.9667259198914593,52.87044225125304
5.07222595384657,0.07063639825365715,110.6339746797972,0.9067446830040727,72.14247922325895
5.780504934254118,0.03162666381047054,100.36146946847327,0.8488927196462193,35.367411819259395
5.169652893689463,0.14206279226326698,99.95064301375649,0.8089242149781456,54.69482753732944
4.471771172253255,0.05047549481062201,69.87570258186983,0.9243939671814009,52.23525519904302
5.226002486331359,0.11586439843028772,80.4504933369457,0.8840319794733297,58.6957813113473
5.114347515464833,0.06145492200091679,106.7230634022805,0.996870773363414,73.18601989901273
5.386925826224823,0.017092158050423776,89.41774665450988,0.9559519770823386,64.39789159514281
5.201954405380987,0.0009114401662978465,95.64573917565019,0.9616725638546739,77.41489701172456
4.958463204804868,0.04942180901201537,97.90687870441796,0.8024470045760794,76.35277315756957
4.63271052911319,0.041875310173651814,86.3506246196578,0.9555590665808115,62.15745409039408
4.937293022814193,0.00886710078541669,80.641633599519,0.8389226621350986,83.62180613378914
4.74484386373721,0.05549965852896034,67.75284738149253,0.9171591744576612,67.93358179589252
4.825842965058583,0.18438805936943695,97.06963441976919,0.8894843144631438,49.9750918453854
5.1765735213261825,0.012942516382859717,112.37217095220566,0.914320770115536,74.51340957009023
5.500971351305422,0.003713055340869003,67.12731715560099,0.8266887058845993,59.20580302267622
5.118401458946894,0.02566672319526509,99.51904349800347,0.8913783362822293,76.92156635974081
4.6412350813894445,0.007863570534448569,105.62286505383122,0.8073889371903327,62.88006154162292
5.133380800466043,0.026136445385274185,80.2083919254171,0.8081998696319262,76.21984336434313
5.3589894459936955,0.08434736430582097,128.44283623096177,0.931547626154814,51.59519749450522
4.8170651287041855,0.01377257601567881,92.28569261923184,0.990339674694436,77.53624555186485
4.959794849998125,0.03813552196638807,97.97480623086977,0.9554785837409566,81.17945375666143
5.004406458418759,0.011917810276069453,96.77460998804042,0.8938311561141954,86.14710307694389
4.764530506075328,0.003220089070495539,64.58451154817888,0.8111741480184747,75.15384880949696
5.194484130153158,0.09119494686234257,120.17504143368087,0.8090040298914208,58.81428661591948
4.963715555417665,0.07855595323687854,80.88962463161525,0.8315784522216116,74.58214692079885
5.125859733172108,0.025376250021539943,95.26958969188527,0.9951621007868053,79.0182615529901
4.73375234665937,0.04393679274096282,111.95322002555992,0.8797322132882327,63.83394415162642
4.868762509902977,0.0412946131719973,129.2180685228907,0.968681458374529,72.38338093358053
5.216714407348332,0.02075616307922768,78.40135436206322,0.9410284877897194,74.86414541680402
4.88815005437247,0.03681614846606404,91.07032828811145,0.9210857318432133,77.08126280049169
5.5180891553700215,0.001268859033697254,127.64837260014306,0.9895652223307483,55.75078900934478
4.880109144315619,0.0040084792103617095,109.27427758550894,0.8460823141238044,78.19949530130809
5.067405417725566,0.009639961658932345,113.42342718103217,0.8909779324938307,80.98689661939957
5.279777249561927,0.018830301987802688,78.97736528447665,0.9729445931349191,71.94997506236469
4.574490280120091,0.09913811760365325,92.41580940146883,0.9103522615284487,48.56416345707954
4.471757356405767,0.03506633143848549,96.64329135239139,0.8492890279252222,50.36694309183852
4.542303105628972,0.011352542272367528,82.84210485314051,0.8417832833684554,59.38676017893824
5.378775231028155,0.08037515974759603,66.50860748652187,0.9505762002084602,57.57787543168833
4.834442556232266,0.020690682096446467,89.79002882472808,0.8025577788504178,74.03510375400452
5.767459785700476,0.029023407091560323,127.0857639916886,0.9828384154805766,36.547093704680066
4.830725720402784,0.0313271375465498,101.18346931120992,0.8036835976230406,71.09979761352439
5.055365390959111,0.08489582528303811,127.48581827146752,0.9261978093761408,69.71907711037366
5.462632985770362,0.08312887034820751,103.5804182845904,0.9209495922884015,47.83364031885612
5.601827866447737,0.01712485156025418,84.70584540824075,0.9156822302109562,51.164660342492716
5.618451072990919,0.0037742370594721422,125.55238026463444,0.8948686101733512,47.66893423862759
5.362509869177943,0.013191655141284519,104.24652281335798,0.9704860665377222,65.25572862754939
5.307218757743438,0.007946838876710955,119.23677664854795,0.9318665740580969,67.0885025201942
5.177758084760355,0.0017016677161799977,78.63343657758857,0.9563724562998788,80.34337022519041
5.233508322849992,0.0476813704679116,120.77512579229007,0.823104361195838,63.22186970350152
4.83464428510144,0.04101549087426022,121.37778551088397,0.8099797274914885,67.98814947368876
4.754540334973308,0.04959005955725079,105.79534288713072,0.8057057017859558,63.36849091181691
4.998987662776714,0.08296418557180843,83.86155828380436,0.8294411970947186,75.69730004434551
4.948944613242522,0.11314345607000885,99.07982342574776,0.9334015780508832,68.72520760249286
4.864031585201817,0.026233169670377844,112.22582294476489,0.8988043511482342,74.66042439004057
5.208916234237015,0.07497318856978266,104.69140039873068,0.9504504512324142,64.75891664508691
5.286591562571153,0.002416990808289242,112.02165476215528,0.8383460673484215,68.00671349524036
5.026522065887554,0.07925034917915079,120.24491815305811,0.8733926083940924,71.96448402245016
5.443259024316578,0.07307545785879221,87.03106693256157,0.977699509709909,53.29402336312848
4.657493265759949,0.07042079849714956,76.89848758079722,0.9871429092057067,60.939485597058905
4.941902162216085,0.02470349205957619,99.24922397255516,0.9843458309978343,82.57060014672982
4.784953303819159,0.01341790819954444,93.40513682260264,0.9636610088401525,75.01721849376067
4.440039014878082,0.04972642189327382,115.71692826312301,0.9376471757195783,46.12462829677313
4.97519579424719,0.017998139623945038,78.51003220682384,0.9827355788054928,87.61573506666713
4.963475747485015,0.09665062711245916,120.4076374835536,0.9428363183665278,70.12691340120722
5.454034922972639,0.004507754931796344,127.07224219093533,0.9907872497450987,59.190262157680664
5.189243505366433,0.05925632927300273,100.0060992852458,0.8049576664073778,65.85548368668655
4.692743952701239,0.06219757002594656,101.21472251162609,0.9843284171789154,61.80009775059805
5.556227769900256,0.0058156889536413615,84.64906997539694,0.911148107227875,55.512035609956236
5.366310108657606,0.08581724187597597,89.14678202051867,0.8223595503640917,52.68132000437722
5.174629311040585,0.1254330372240252,91.83326638708633,0.842982253947459,58.38360419420168
4.932054770345051,0.041137513936908746,128.85880135675862,0.9704318567829827,76.27541613015053
4.712168228982956,0.02578161481792299,98.56258428378452,0.9012233909693033,67.03106090729655
4.888337967178684,0.020985751143369497,73.55654086719983,0.9965635446990473,82.72803216647657
5.326624585911256,0.036813147559294775,105.10708684224008,0.8235062219009942,60.83996846522629
5.565375891780382,0.03450189015269509,116.52580249244552,0.8825006927800259,46.89959657662875
5.462973058481657,0.039699528608750395,99.4917726135681,0.8663748886161521,53.645007710754264
4.853345173464118,0.04980407470662435,129.3842687945398,0.9032270872129844,68.85621406665912
4.664114770013296,0.027505228457282472,115.55017334531796,0.9266875637739437,62.69983587315249
5.042265874073361,0.04090880334036595,79.01742540224294,0.9323258938763309,82.07250239184577
4.469468190331145,0.03981598410039315,88.97134375207196,0.8002591759823556,49.303742949249624
5.096950314255435,0.011511603682321955,104.52452562849217,0.8177920867563137,78.35962976460269
4.9557192241104,0.058523752268398524,66.67621523946787,0.8070127667311904,78.03722441704124
4.860189049439527,0.06856721422707408,106.72713474941229,0.9729198292796555,70.11194394296241
4.521589079819961,0.08975509532511489,64.76835145490703,0.8626584506319311,48.60841435757835
5.154080031970915,0.09785804448493297,120.4686691112902,0.8734126883752729,61.49787826538158
4.840189748101427,0.029350386073736016,118.14547369583417,0.8900742497893386,71.99576460122856
4.649024949286914,0.05129660479864513,110.09562721830142,0.9698608794507152,59.63466110460223
4.138321336015506,0.08849341116809555,86.48243271295377,0.8028332521924271,22.433690258269166
4.99174552848481,0.01207078950117171,103.40405649227078,0.8237236548759701,83.82818073220514
5.531675479000923,0.0755338842027046,89.73245024970701,0.9370326244281801,46.53679609313181
5.498377764364361,0.03376981170716044,79.38369445099868,0.9927785045415194,56.94906302779481
4.862871123024118,0.06568558261712955,93.22513976457178,0.9285572842594015,71.16806169760851
4.819336381891466,0.029304651043796766,113.96531072984192,0.8522246936935047,70.41244805780434
5.140632276822507,0.0848128354874001,100.87628385663521,0.9039728857573235,66.83196739702251
4.7004843682435125,0.031176188127076843,129.01419848268847,0.9949960951162868,64.3511359296061
5.09053756994584,0.05419895297337088,115.3156107896055,0.9056153093135582,73.01864796455457
5.229824083515407,0.0925963316157361,113.17381627811237,0.8747015259456405,58.49775413781675
5.368079967165293,0.0273765370486056,67.82146901108791,0.876685110967744,64.56027673103769
4.9699537770560145,0.08265291051219573,94.29682939689444,0.9934067017183461,76.23774114120899
4.93889787494691,0.015487855927983898,78.712551791316,0.9437833053463411,85.01510503541225
4.736605223973032,0.07880054925988533,96.33994240752192,0.9374345711244094,61.49092823113512
4.751935893788042,0.07673843074333826,86.13447752153687,0.8464108643381494,61.9201585503911
4.932056332429542,0.04150714871576856,92.44790093884123,0.9118969275527149,78.69045609557742
5.110209652044853,0.04542676588135654,121.223254647477,0.8713490397044628,71.87806132444689
5.274075387869975,0.041131430859628296,109.50499858011668,0.84804030517079,63.39606834426138
4.759046314795897,0.08069123781405389,120.14228857963269,0.9791104572028209,61.00707350173886
5.447806570687857,0.02591651094491011,67.98633781968029,0.8766311617525228,59.97811857007449
4.91866291968723,0.03580320880359475,101.15949393231327,0.8565574324942796,76.76449311734885
4.993589811695469,0.028559357187283148,119.33409962793202,0.9863440793216736,83.12495674727595
4.775836496255653,0.03714712731916077,130.1259182977431,0.8394692792912251,64.75491443351528
4.272727921918118,0.03924759706130375,69.03823220615014,0.9491009569433045,42.554731674142566
5.265213618908315,0.1002467250876951,92.9703272767766,0.9305494288928525,58.36412995252622
5.22105316912773,0.07347236940620949,120.68453348009525,0.9840968856744571,63.32943880688438
4.915601732864536,0.019792870752792277,96.1544337437711,0.9664094275134556,81.67991853484531
5.020097215167461,0.029238432512451194,81.79164651660552,0.9410590435879282,85.05041843318264
5.15478176531123,0.007604198712849557,69.00001643007985,0.8629143321394191,79.93074927417916
4.531236242934037,0.04849381879897614,81.02596930673667,0.8991138022541099,54.479780870604344
4.841284196796112,0.013802718327440244,66.22196662872543,0.9888991522694359,81.56243044116684
5.238279403886548,0.06968701314339787,101.16920913668051,0.8046405261162988,61.22607340395538
4.623713173049225,0.0073456579492944575,117.9262037155732,0.9588663647640078,63.705648614282175
5.0880673796499885,0.0009923497915614483,74.78050482182792,0.8503620700907759,84.0962956718992
4.593025458612979,0.021085650924242135,105.15459482422105,0.8370033886587583,58.64328816889546
5.139928994730058,0.009557341496280528,116.90542058891734,0.8464449228844639,75.409015490552
4.989307555310755,0.03643411747482415,99.94583346303301,0.8119501982993694,80.13775631710574
4.5154604552283475,0.006868129465669989,67.7861141016551,0.9983959648572336,63.086715780829515
5.349421806337151,0.04342618014094181,107.72423109325007,0.973973828645029,61.22781806220523
4.779622526960585,0.08080032694557383,98.90706110471059,0.9042111937264455,62.85082033985688
4.756924268895686,0.015966084340408682,96.86990702798289,0.9430206357114184,72.19396549410993
5.060170759169283,0.013471227135241435,89.06325508479071,0.9113190725847016,83.68912632277174
5.344591204828615,0.043066535651771085,101.73574852548083,0.9623157888901664,61.937288287772695
4.695253454306481,0.001792867749070344,110.1963581689392,0.9689530383114022,69.80570204536241
5.018503954954391,0.04321602804133326,147.81296268671696,0.8465580856306403,74.55722394047766
5.128644950099172,0.047769943032587,102.2466413677441,0.8919495541300492,72.73013848498819
5.207931682178943,0.0741630888147152,130.22282320025346,0.9269695468379142,61.91674436378908
5.052932466583168,0.010299502304245596,107.15510166853753,0.995688166121655,84.47737981495244
4.889891648275003,0.027138762011523727,98.00943344704493,0.936537875819233,78.2524987664518
4.751722933805384,0.004621130521812809,102.97095055422585,0.9795270021488315,73.70365143760517
5.025843164913913,0.028387616977354996,75.56527260614982,0.9692224101974175,86.01918850189536
4.678358296404318,0.048224910202374856,106.11720541504076,0.9164126127357128,61.18429296711304
4.123594854951618,0.03808756500882056,60.158698703572554,0.9787310720123779,35.26130811566428
5.130967941247301,0.13665082091263442,82.74667284222936,0.875484345565047,60.87932001534481
5.271180452325859,0.08479639307868754,102.19686186267622,0.8758567060896623,58.30716183417096
4.291120269337449,0.020628788480015713,123.87964546357688,0.9561931286485338,41.10879591485755
4.6970807885870185,0.0633697246498988,128.61248793996788,0.8269087331270022,55.99631448627955
5.1857462783015595,0.061840093215539585,95.26906840718131,0.8611650434916838,67.27560334869105
5.61724864091351,0.1461686665699779,103.11434639060882,0.9217144901746684,29.162636724125214
5.006238112302622,0.009510730610024477,119.68724939164056,0.8840131197733897,83.91064112664274
4.781599117631259,0.013975129305032023,73.41012855614161,0.9881447419776457,77.22155964605952
4.945131067668548,0.07279666435942184,108.09495010631007,0.9917012139238273,74.81289367404514
5.412462925744455,0.04431436523704474,83.44214265268383,0.9005162617627579,58.271180639762754
4.806210746262639,0.03531720785385545,96.56349910646563,0.9078123780731363,71.57496124849621
4.760242398004924,0.02508278807830146,90.8195349901137,0.9449254183647542,71.66868053683393
4.85517694334539,0.007213721646226908,108.70716254096295,0.8914529850468347,77.1869018006298
4.714001417522386,0.033887196746517176,111.00607348018181,0.8380196935880954,63.41679206310932
5.036801094798439,0.020218075088130855,117.82157354794795,0.9493938337245862,81.96494236857097
5.487403537540868,0.03128940170427606,106.96397656928897,0.9475571778705997,54.3171233923896
5.096923781934809,0.04407454864344122,103.43307539937793,0.8489962206783559,74.21000766102462
4.924293949362114,0.01744058355117885,137.08047600877205,0.9665833039562015,78.46516790729682
4.9124566193253365,0.053163669063223895,69.51281859605646,0.9227298392840322,78.27616172611161
4.531042757391003,0.15012399374371566,133.9121972025848,0.8472603220630731,32.89795310290579
5.264932933144148,0.043879440977650244,94.20356182263207,0.9304078288337408,66.70990825911521
4.97664884089616,0.025863082108864375,111.4178317273661,0.8467219052581122,80.51212306986557
4.945856025922812,0.00164429149638445,93.48680638812797,0.8530465908160036,84.21696900841835
5.957932270353458,0.021579450307628915,85.94916740896748,0.9696018613606312,30.08426671896404
5.089625872509706,0.002528752468214629,109.69154385588458,0.9858983138479638,82.99194667055625
4.774462684971445,0.06515290833684666,120.84256617228887,0.8513765316716423,61.63809886396364
4.872092721138337,0.03087367415071123,109.4601590993481,0.9856102074170372,76.46070038409947
5.344533712759026,0.06539261924549351,89.15768426634236,0.8477597693004707,57.558511307009574
5.033981123161329,0.004277810485118532,172.22700125631337,0.8234534731085171,76.56583037409148
4.56851660650479,0.08627501098606284,123.97147341732504,0.8116447756142523,45.005492912930535
5.275768680372561,0.011675720785922706,118.66684608414505,0.8484226481665267,66.80428941467396
4.799556774338302,0.028559493456899582,92.94071538515591,0.8770493081354471,71.93639706595651
5.561989332865264,0.12886601905211106,87.49668423421922,0.9855096760218609,37.91126226728281
5.324014419714395,0.07124888734805584,94.40321848314122,0.8484315999412058,57.40011186543793
4.865803431302375,0.016936936265246377,121.62813088784966,0.8730930689901787,74.70671372937414
5.384304908520534,0.011351392591519727,80.18791325848343,0.9468311749487144,66.15682877316598
5.020356653158221,0.14541531365282817,78.63592337091366,0.8604148175974563,66.31100777744025
5.255832102536666,0.11034294420732559,110.79095066722036,0.9368736303359161,55.75700975669747
5.145419845188343,0.09469640718210989,106.3839288928424,0.8864155638497005,64.16026659909272
4.746093003502738,0.0034670668811834088,84.59372924218208,0.8392889905318345,72.57192706440524
4.806935050304761,0.14130890019208875,78.1759284316955,0.9468117801938272,58.33841075017936
5.308988245274349,0.03841760019204856,128.75793986736863,0.8054077666713368,58.93042660142167
4.899567400368038,0.06886316851515611,107.14008850599124,0.8584669650145959,70.09989919450163
4.878905461027401,0.028984769055310347,72.72928272543935,0.8712363078336758,78.53841018747707
4.713463226195194,0.017526671433837425,74.12748927835412,0.8916436509975272,70.59891694875117
5.127079719678038,0.007411066303681036,92.76976055099061,0.9359738463952278,80.70605774657105
5.618757475772943,0.009518000329041888,114.65683613995266,0.8918809988372074,47.818787767016005
4.679740125723718,0.05042458243390394,111.9001760421656,0.9188648224572433,60.407999023265816
5.007265837001827,0.0383599899387694,122.63357074002435,0.9191558156835635,79.92981052874377
5.423666166624629,0.018426431489815806,70.19300385078405,0.8746543299792016,62.28985149355554
4.976107582626286,0.09547619963494273,104.47693379559314,0.9867942531509397,73.53321669579522
5.13571153887492,0.12833765343703654,128.51820664642722,0.9911707661752885,59.57825431081235
4.681281941555936,0.04549436239605975,126.65603460952198,0.9163701768188932,59.71456220937284
5.128492129162295,0.05588693533294897,107.17819962825372,0.8143381760590864,69.47637550867634
4.943856720498635,0.07734814341275849,146.96037017307754,0.8982255128511871,68.29765495772034
5.295718998703959,0.016756427947331943,112.18570232831719,0.8368838653588014,65.262502960007
5.356215815469425,0.030396003369197882,120.85493265682686,0.8966429043745807,59.91501538826375
5.776869092605584,0.06929741916573606,100.88895837551013,0.8376966308997084,29.658278349247702
5.173889951964073,0.094558320214009,84.38049414311426,0.9407710491297769,65.76022641833839
5.09773889497465,0.004973200741061591,82.49581598442508,0.8160858240132686,81.46182107218465
5.0583152904732005,0.03334878915637801,103.6323042958884,0.9906608152791848,80.94875007414612
4.894050112156793,0.10392869821743787,95.76995986299586,0.8390751778866705,65.25820956822574
5.101545153038507,0.08620135379394256,64.62828660173037,0.9321312672098491,73.15688443262214
4.911379576958291,0.01450062999072926,79.48412830148519,0.9833924701458979,84.22711669165753
5.050538292880884,0.09329179893014816,93.63192851891814,0.8495772627968126,70.60228499166914
5.395279260682388,0.07462689168041516,114.54558751874319,0.986859379807426,53.37183945126864
4.698037230416108,0.04612226054633471,99.67852227675851,0.8777349331320545,62.55074117798149
5.341963568338714,0.00242984365545601,98.55871578998972,0.9921061634505179,69.10396104137018
5.395134520201959,0.02409092494927097,80.26174745993367,0.9942727716269051,64.53757073203651
4.964579441902677,0.009560780962118688,100.46332160124197,0.8376159810138479,83.14663682999556
4.363443530297421,0.09740041104093464,126.38202054891975,0.966217467386211,33.88269745453732
4.81765340387167,0.011422134457767314,103.11150225517115,0.8386842025667101,73.8084178894522
5.3890983639683325,0.025071148211982894,69.85372837036276,0.8452881240662163,62.81381557439067
4.993139581310335,0.017685382243087303,74.96954411390938,0.8168253008046797,85.77511914685967
4.700209330311527,0.06213870150495135,111.77577754446305,0.8313073892996357,58.14032462449531
4.848567523631535,0.006936314017322063,95.5136904955476,0.9264437936494216,78.85111113872745
5.252186007951366,0.015120305492279287,98.50839539792972,0.8898505460103573,70.54696507949033
5.164020070460413,0.06416910665214128,87.74531649970486,0.958188847433767,70.92267507325886
4.928320370249092,0.060668411810246986,110.06824424399825,0.8663993629653245,72.92012327831515
4.889952676455594,0.020383659666075315,93.98164573509301,0.9937249134602117,80.81594533311926
4.882472555286854,0.046257857759888096,96.26773556542791,0.809974508163875,72.5823912599627
4.723276944650449,0.1252543319667251,82.97553216673748,0.8125871908804884,52.56265748495418
5.484612706840832,0.08307615560561248,118.4338259628554,0.9402749797636272,45.423931247695194
4.903303859236598,0.02000876493320521,95.57734416767157,0.9775077769945719,81.18933793733936
5.365147556247649,0.02083504336337752,112.1576066623952,0.9591000383268299,62.93213022093149
5.4563948155767354,0.001743353110210774,76.12816871931965,0.8979634175733827,62.70125957839995
5.299493269444388,0.035207272833195954,134.67766276757217,0.853928272261004,60.36011207682021
4.870513906184586,0.027896391974763405,125.54748077026446,0.802690305860943,71.54543361505306
5.121119027100983,0.029532703874961926,61.804046606821466,0.9018902907839551,80.1603539476937
4.992741318082725,0.0056639152589968555,83.9612504987257,0.8951272394618554,88.2213115354785
4.728889441780962,0.11759645447587119,109.55268782019769,0.868849179894048,52.515613151338215
5.097307784516481,0.023896864827910487,73.60542687701992,0.9156145575944971,81.52875166901252
4.646288062652059,0.0791450244693762,97.36811835673349,0.9457629394762547,56.08397704256885
5.356303816538469,0.045348817291407086,108.53263571953593,0.9401776472456485,59.769737786940155
4.860614810810482,0.07569311989911102,96.30548176041033,0.8526505683568432,67.7053838548581
5.060347896761852,0.1199982151296793,110.77677407074192,0.9170607377229186,65.64293127222118
5.084986361463843,0.004777098942588527,86.13340190796237,0.8297548957167997,82.16601119432092
4.922328507888777,0.08535677115753569,55.11636915663756,0.824320368777671,73.51096525958592
5.176008140442582,0.008586791137466684,119.64230624330122,0.9571711672518236,75.3306856235314
4.857528903013242,0.10812365824348062,119.51629307205062,0.9387491804191072,62.05653974544953
5.261389189237173,0.09419450768838808,150.07273284576667,0.9535857801263258,54.251914810461265
4.596206095925975,0.003456535806373121,55.85626964131371,0.8304924548408442,66.27810751728805
5.037913873863924,0.005158175952317837,115.01664218693631,0.9829237178740919,85.10825131410508
5.581678699717486,0.030680292117723437,60.62635723833226,0.8266223226444718,50.967044928348535
4.699900602618327,0.011479711593189886,135.12986563350637,0.9740073936395458,66.23924072756144
4.796676508842545,0.04162945320844576,109.7573366739202,0.8704758582611862,67.98995604711753
5.154172354897675,0.04144055902165028,80.96142304647493,0.8210868186068279,72.85916892038105
5.05387453458188,0.05280232466732167,115.60444949202872,0.8573537921131053,74.4338101180482
5.105189029782068,0.050186650809511096,88.93909984566127,0.8362896028427766,73.99254266393869
5.146756139044299,0.05140393484501243,106.00832199102538,0.8981339437383429,70.84588810625453
5.190416440568531,0.06306022025919612,104.11921432418168,0.9899490696079537,68.50304048674964
5.332909952586867,0.09749093031641698,134.8833627229459,0.8655742323165038,49.224911671360914
5.122945597078553,0.045680464720761094,136.29851820173025,0.9224197971364227,70.58973858972806
4.927622703614437,0.05748490107224345,88.05469253452988,0.9783441751479928,77.79604130553659
5.201772110360819,0.017933260077138618,121.16211235992073,0.9260147859392465,71.6077688495729
5.5699645804685645,0.05111895592365594,107.09680311140595,0.8724398281739529,44.87339803567622
4.960209876085228,0.07631967248610329,71.74635865986176,0.9981678254351758,78.95336233491554
4.707641208598807,0.015069580049766135,86.0754323925564,0.8374827202881068,68.34014667497001
5.332124200786092,0.12009612296241806,146.72292199199248,0.9046512029791016,45.47886136885455
4.96388565081392,0.022203231745646885,107.1570880220931,0.9593410997473595,82.97376747972606
4.348199136195789,0.07703929002262373,119.99559159035044,0.8001297739154449,33.33909098762764
5.2542265031451265,0.03465044036293275,95.75911375266018,0.9404086504284874,68.78110539015623
4.839401544213823,0.04927607664284339,89.20116170561316,0.8532997793411877,71.11856057266532
4.972840015308752,0.06356661338173861,100.54529015268949,0.8339453445383754,75.45978678676289
5.099594099170704,0.03855268691076816,94.67791889507566,0.8548388926736583,75.87043697710811
5.05714990393372,0.0167487550628633,70.13494137936803,0.9933632851679568,86.91246406996966
5.212835545141711,0.022319915288884388,79.93349085091936,0.9783870518479372,75.45627195003146
4.869354088829047,0.10720515922329893,114.15769028824462,0.8427508912927405,61.51972024327832
5.153931739452825,0.009311487596882554,92.38618621795179,0.8234053546236889,76.5968609639767
4.922135996724825,0.030165091548774833,100.51409764055815,0.8728305209028936,78.20859672517535
5.221643144266251,0.0020434185945562636,104.69846100994421,0.9184672960200148,74.29439837424738
5.184610245203916,0.04502251144609569,106.26100097637439,0.9734289257162241,71.01248698753774
4.719368389386622,0.09169422340981351,122.93158122630742,0.9932180250080156,56.97917222925486
5.325794634852509,0.014784037208325756,78.02608369862936,0.9502306736346198,69.43672143043004
4.839210966465785,0.046464996697183465,111.40505447087249,0.9198014425403311,70.63843188708896
5.242417339484343,0.08780533571051627,115.10055587039295,0.8284664052262034,57.34343179184672
5.110186194020402,0.005007634060736468,119.71703558003011,0.8148056752746623,76.96209319715564
5.551455103038537,0.0466011216136393,71.74164801170255,0.9192053757058403,51.13246828858846
4.9329602052884445,0.031504302745221494,105.09638436693996,0.9078128211533855,78.89858489189716
4.8952049611645405,0.1422884784556842,134.32151892797035,0.9692176215468205,58.32122643965918
4.99417411823368,0.06681900673083112,98.01758961686754,0.8645211701710208,77.11626052612979
4.909046065149718,0.010369678061959698,109.66989403928582,0.807938171469962,78.17908622515976
5.239982570582615,0.01864168654444819,115.6079118917037,0.8847416538182067,68.93883467056963
4.515106817469023,0.014300172358018682,79.49060311203479,0.9938364607875478,60.68905209898608
4.683895274256094,0.0030008138824240416,136.67649457999948,0.9591149809873046,66.09824453474818
4.679659123526242,0.11764722769997535,109.99001593937807,0.8067544347284547,48.26855035720949
5.285092277592073,0.041276736110745116,110.39005628386852,0.974935780779635,65.16266291506973
5.513184011774578,0.026740071164510174,66.7594524397893,0.8943378979242635,56.40876133335515
4.968665234438759,0.019083096668314502,115.89089596426626,0.8729536063635912,81.12743209692354
4.949353483042997,0.014129484982756527,110.12820682758274,0.8693479081605584,81.21592371561923
5.021015648933955,0.014569167253082878,132.4838265544413,0.9190288506077728,81.6858803327116
5.348563490782457,0.014196459493975827,93.77469571391293,0.9061198836881525,65.70164973132798
4.721794059742828,0.06365330331660499,80.24683340803116,0.9313254488336526,64.36147372294884
5.071510694820436,0.05044922232462176,86.35522010451334,0.9147282930080094,77.80101881178945
5.292559288934729,0.040945580568639325,89.90043529985402,0.8287889149683437,63.890340348001814
5.1503282509819535,0.13169946810726346,77.62306963737252,0.8514472017516637,60.49202179628929
5.056874484979623,0.03498974370815819,125.80320047531987,0.9682059144203669,78.12286758587423
5.300313827770142,0.06278196800850412,126.55395725863333,0.932651702939126,58.561513465435034
4.189030312100229,0.05231600815679127,96.0841659771989,0.8896801250829482,31.679603406434133
5.203362595859272,0.09372486837852574,92.14480155831612,0.8365202863667731,61.25543956316864
4.8037772950617725,0.026311955629427546,63.690361733613756,0.8015382071954624,73.94157232984008
4.450810130943063,0.006910963882864661,113.91922510607209,0.8623774806377237,51.86759037630135
5.153360779857494,0.009967785252649849,133.06880217651687,0.8109693913853337,72.21569303070785
5.412097563548888,0.08177158878784004,87.25610565480886,0.896456826617491,52.21193383575966
4.958765445611692,0.024751394263603652,97.66430948447204,0.9643602905516417,83.33399245974661
5.285862364160882,0.10641646902831668,108.68582922631461,0.8570797322764595,53.15879951899733
5.4836834773965935,0.04068771014736938,134.4883672121981,0.9695508323110099,50.81801475909937
5.3944743360752145,0.032122509031790966,103.99552443670188,0.9409128792173179,59.931868621394656
5.491989358811418,0.023410339130141816,103.90859832053037,0.8250524658709731,53.07927708716007
5.222638247321568,0.06089960496286684,103.58637002319607,0.9289123782539167,65.72637497903465
5.022630091670478,0.06688430991226717,71.49934986192653,0.8303359614611087,78.06633225596077
4.51941025643085,0.024267197776025498,71.0641869234027,0.9309581840549838,59.03728070820655
4.926181253561015,0.016497677813601758,83.84009661770256,0.8285428969456212,81.28307181876283
4.7470260214051425,0.05627094135788831,120.25781148074745,0.8785022732031132,61.925184396612835
5.651282815249344,0.010614919706298156,93.29285858908014,0.9133188540476388,48.267884351139415
4.947234256270299,0.03193672170813351,89.40791902395415,0.8100748342847884,79.30425190329828
5.036961442035346,0.020367533745984958,89.05650791712465,0.8306616689709055,82.43476600368716
5.165445612812141,0.03414202644341717,97.24686243054646,0.8640817650104493,72.50890832191332
5.013080733911736,0.07626311062937427,134.0421586820328,0.8924640171543723,72.22075384577386
5.508515312129226,0.05635612407427465,96.97605228605757,0.9716974587842869,50.77200660818525
4.813205191479664,0.048953078634733534,84.27405189250284,0.8374546176707964,69.77103685773545
5.058382236571173,0.04335454719967873,100.50491258163265,0.8694941901005051,77.33327626962463
4.777258824290586,0.08514642109729056,135.10167211523074,0.8951552472560361,58.2565040264392
4.603993246633788,0.013251594515196263,89.94350562128768,0.8591557111978738,62.44061928257655
4.816469272728415,0.05155570713856275,76.3798998313811,0.9251495557441742,72.11980142466584
4.988888960885476,0.016498511159597773,89.98017460539165,0.851320486955194,84.88695325775362
4.871209332644822,0.002624985014704477,102.57527472696866,0.9544700842226487,80.71068641823977
4.792273706037843,0.022114785838503435,113.76481901650679,0.9010308189702367,70.86333896424912
4.57810476089845,0.0160075423256102,120.13767157364492,0.8172609766922221,56.61660668154541
4.975068328211392,0.010580257310229237,79.08565452075344,0.9253997790463915,87.51649122500159
4.548583887790699,0.07180026416784156,80.9830933108186,0.9138487007597514,52.323658326378904
5.2280167891068805,0.0020588345396880155,93.5347548122502,0.8677194708413346,74.01108140823564
5.024731925880351,0.03681875833519287,113.68986049393791,0.8022314156778043,77.66891296106229
4.5627345501605205,0.031582403580546134,74.7998420469549,0.8401403084348745,58.34953443655131
4.907237276885041,0.012801737912032745,87.85346179164605,0.8811419057764706,81.35146786266239
4.774353078322825,0.07558157370705258,88.14512541176104,0.8399828067586596,63.109092237308715
5.0957523531257545,0.1001933033633933,118.83497710728741,0.9154982241879356,65.6523300809757
5.402135133806944,0.05396906865059531,110.56521521328875,0.9424649787852514,55.56930972837023
4.437448259106277,0.057551309099166004,118.0743672209984,0.9712035313501671,45.23083308640521
5.034507823744225,0.09525979994395199,126.77355948466109,0.9293965237367497,69.55113511002257
4.951960161330008,0.09878602251868826,93.88699809821838,0.9378018442509626,71.66704337719464
5.20140202293514,0.02093952556539704,76.25187690292637,0.921688373046105,75.58352955971152
5.063958988471307,0.08614630801677661,76.3807276430596,0.9970972115225407,75.54438595534994
4.774409200478354,0.007583756902333906,63.2378486988232,0.8522001138159817,76.04720589978848
4.904283819300015,0.07331229674247948,90.82466340667614,0.8532517361025517,71.2427530280124
4.761192242958954,0.018014221931079686,92.31554770336524,0.825266728284372,70.24318108322618
5.322802141579579,0.10646504330223783,115.75106813610095,0.8971368651739065,51.02974549975758
5.006393494601583,0.054553996180573675,100.33828434353208,0.8192323407261844,77.78410927698947
5.5703572057259025,0.019976064096574726,90.19343111314788,0.8540293193796208,50.843401318237255
4.981801755855614,0.021707194667010613,97.68002547678829,0.8965361857542783,83.81474731869196
4.7874779699268615,0.005648712198390589,79.22053032570471,0.9915191231860034,78.3097007970027
4.545885682216152,0.002176079991855751,120.50813141502573,0.9927625987680335,60.23116776804886
4.459058097123217,0.023612456711810136,84.28168874380984,0.9487480468273112,54.54840938278672
4.524759217098353,0.008108117096736363,77.20137456128208,0.877850032315137,60.106198651565265
5.080137995303445,0.051102924858396556,116.3576393341494,0.9730322546753092,75.35116271312508
5.15261750696898,0.0307515971471728,111.48328416727703,0.9750911603815281,74.58370480068814
4.52564278939036,0.07366832912224862,65.52629242881977,0.9820394761593105,53.57647827538852
5.268511494222834,0.06347862593267106,117.10003269420444,0.9280050096430426,61.21761338016969
4.8550816844949685,0.02048677336949058,85.16814721811888,0.8403585591215761,76.52224152489416
5.044037903595664,0.04256139576888379,92.51790944872161,0.8182161545541364,78.08604856513814
5.483666188476628,0.005790605892261071,103.74040215387875,0.982955100808026,59.39649960833583
5.26905179475966,0.09838957548978321,111.73249765233643,0.8111092216243206,54.14739065820569
4.91944080562825,0.05227990394797728,108.90958349375053,0.859178011887599,73.61706463387534
4.732642332375414,0.055198233839711675,99.00363338187995,0.8973923534075474,63.72628859653102
4.354455379601209,0.06449284758927473,91.50713342168179,0.8043953385746953,38.53058906700706
4.784254004227274,0.04103832812592932,108.24441387130895,0.9813824517356488,69.70269868232914
4.936660928351691,0.02603042738067893,97.63224325311543,0.857424198974447,79.68035124817703
4.703846141854645,0.053115344832398395,136.10708918251848,0.805700959784115,56.766777063849396
4.960622909872309,0.007308305210900985,111.72818019939804,0.9987179994453037,85.34267077966966
5.02305556488763,0.05072315056831604,81.5316875001929,0.8622786361635031,80.10059749474556
4.932543205457576,0.05614984673121616,90.44800097252697,0.9753529814970746,77.99237485046095
4.804999225752962,0.08188690528746126,100.9638435451966,0.8906948907841762,63.73443121322238
5.050596401590019,0.035911596967801565,125.98862430140909,0.9326251802109998,77.63111753350773
5.132582194870823,0.06109607412079501,128.2221001822427,0.848218029907471,67.02280776955652
4.672880276767146,0.10403828566940951,92.07730559268872,0.9005750653954044,53.57084450425658
5.423279713923881,0.01988768991214395,81.32731566821114,0.8515302384850054,60.517936880624546
4.970423560314721,0.02090010923708731,78.77004717587624,0.9902167762530207,87.01772804079295
5.0056548868834545,0.026150933676337782,105.0485751443156,0.8121890824832493,81.4769908707755
5.212464326976967,0.007526698410035067,146.07568618434988,0.8549347855009695,68.61426271146112
5.06996483937905,0.010836505497820084,110.78188208510204,0.9786217753099757,82.67088111027327
5.285940990173973,0.04165920336357713,68.12174946631986,0.8960071915014568,67.70262896842219
5.086137249560547,0.06018647375149477,85.47991793507998,0.920016822380834,75.65613861775164
4.816268787607869,0.052196446124611356,87.52171596310174,0.9303386742991285,71.00126222745283
5.1084510575618305,0.02096454401869714,83.55994959770183,0.8141855023547128,78.27597003080967
4.656882137803802,0.01888457305437844,92.24212350131559,0.803547748181717,63.42698492357412
5.032567911732957,0.037177728851996786,107.38789722039884,0.9875682103422614,81.48184045302843
4.990031002806662,0.11376126942416943,113.63962338645294,0.8543005690593761,68.05971879731652
4.937564942818238,0.025225701803791058,121.83526981833288,0.8760626220871058,77.80776675843444
4.961438746568321,0.04990860751673973,110.48405146094356,0.9364186341447099,77.88000120338815
4.435445286350708,0.028776646780731597,60.91699519342318,0.8472607754145443,52.66373615288131
4.835382527677711,0.058396883175826864,78.85390824937373,0.9466142740335036,72.41031384002136
5.027853470342334,0.00631954325553389,96.83811926281618,0.891648436432654,85.53001709350131
5.04795691759922,0.02357104162905466,102.94559711534959,0.9713219610574783,82.71880820930322
4.691697457722213,0.014557568746541915,117.22836719752515,0.8557081271530965,64.70953797466088
5.379712352259411,0.07164871174570155,100.86368352433546,0.8407644960926597,53.19887367199978
4.74014754553565,0.04549882771874997,101.01414507727348,0.9663376707749745,66.80936748209862
5.290837160158021,0.09416193173075198,104.75594726278119,0.8652652129985667,55.25519016459916
5.128158308561505,0.009328365145603774,94.89956522437596,0.882373729200101,79.06876477603355
4.806131807046859,0.04342656284525621,101.73770279755624,0.9587415665375987,70.85498504701948
5.532593267782854,0.027613468790375004,122.51664358023501,0.927115307474915,50.19302540594731
4.641908950473056,0.08161021187069557,98.32178202431994,0.8883451780864539,54.20773060707609
5.2757462520830005,0.041868633708983416,99.39574546431433,0.8499781017809116,64.23491730785925
5.300174695412894,0.008192416592993,99.32829190465621,0.9528401937703529,69.88463047121887
4.798813937277006,0.09627100770698402,125.95547627582337,0.8360862068980115,57.61436159095066
5.417739590019298,0.008134388290239086,77.83893346341115,0.9856559201172856,65.64469141131084
4.924986045620314,0.07139795011288991,135.5169378958239,0.8300632138245995,67.83904070719497
5.086608088783957,0.00039761086664426987,76.47236290968974,0.9609867383894592,86.31637151978614
5.078096551631366,0.02141601318388821,86.91559477344482,0.8848497733456268,81.10724091410286
4.959707377558836,0.04106801271533543,114.89476539430639,0.8372012465867025,76.67678913853322
5.243242481947934,0.0307646187124908,120.60633390947342,0.8804757876473542,66.33964063825006
5.238046616165664,0.051161794831940874,71.93001966003024,0.8443103632399868,67.73613910406574
4.475440408028546,0.10185608950008529,78.14596273505828,0.8271987301671695,41.977389386537524
5.3913020728634455,0.011359332405329685,105.55685618943696,0.8478310797861117,61.21891174417235
4.501252403589298,0.0364532210916151,146.88838775527591,0.9734796945076505,49.38791616624104
5.309763861302497,0.016669948648901315,124.92525561997361,0.8211884774959649,62.84492001243691
5.338011541048275,0.09121920543044344,95.0380590073638,0.9945079175535781,56.422779172872154
4.672710070935441,0.0368451631988308,51.617417238484876,0.8009996907375354,65.69408186720406
4.876755713613624,0.042613718882428944,101.63285468842318,0.9316476308782486,74.68295213317577
4.668288599454219,0.10378181469227812,107.24593607293107,0.9713023969676172,53.23149809547066
4.93552369091338,0.010300260371668746,92.34609717834392,0.9867915296253529,85.08760327372514
4.907589714744278,0.040424266907323515,82.9855201890681,0.828797118691351,76.66913320347835
5.233898159680802,0.02306440511929506,103.18330520642776,0.939641699290468,70.98095311642422
5.393092623835883,0.002178643973746064,81.15477612212078,0.8214698432311295,64.40156522619563
5.418705143236987,0.0562592718331099,137.44897321617447,0.8705222987748867,50.10434928469459
4.831349592026509,0.01026051893583822,130.33489595067635,0.9463852715013987,74.23611351617515
4.937233437876642,0.004734542324071757,113.15825263185522,0.8691946452326134,81.59189256545447
4.494968542333715,0.03495998830444479,101.79421138238632,0.8626749456562136,51.52819206924182
4.758238980051144,0.011179844016631964,86.7967182677288,0.8232109237604817,71.60190884901058
5.289455489929237,0.024167267548754597,99.58425632218197,0.8132876188656176,65.31490721702676
5.484674847064469,0.003330997219616716,132.78594270414553,0.8230555982563514,53.60237728790182
4.629695338436023,0.0034250305850242885,117.37308116873257,0.9750949549890449,65.03255670131539
4.822260722254132,0.02401811629815151,104.07384556952918,0.8022397050761851,71.370335435096
4.992078272912322,0.022026147115850495,118.47948668335191,0.9385731739070579,83.14428911716773
5.084048347645882,0.058058701952581934,110.91221326761656,0.9537248459776596,74.23156944115134
4.757118944023506,0.013967848293508257,107.92555079773743,0.9135776608254857,70.81095753412009
5.127218313339227,0.0025057325438498403,119.61126517983071,0.9461550722366298,78.95301624481844
4.857848195878725,0.010959627745638691,110.34055289649515,0.9304539338050201,77.40197097732859
4.995664318736516,0.015733205842049628,117.17102940206757,0.8911116978189385,83.48500926405552
5.1638852744011094,0.002004445321666423,103.22774099269019,0.8765420855752535,77.07428434991954
5.001926680943281,0.12155793565366156,94.91748353619793,0.9882663976810346,71.92428839535478
4.869084232842029,0.025633938034793354,89.03674242119702,0.9943875985140935,79.28404099346493
4.967117058822251,0.006067183306034531,86.65380789058082,0.9302542807250059,87.05665085887192
4.973491112238399,0.0006255668365154794,67.89659115116935,0.8394597679796943,88.31516795330357
4.888996691035362,0.007641419387780025,81.76120106376672,0.8895798324875576,81.80906509732918
4.922361181199869,0.0034380345560802474,81.18292940835637,0.8993074980165214,84.69382270807489
5.4795941511514155,0.03396200506104999,89.85309608031928,0.9515940104921323,56.176620773568295
5.168275834382372,0.06550875506958971,131.24488421276584,0.9335554262644639,65.62375678063195
4.911355904591252,0.07185857362660023,96.84876088892446,0.902962885885579,72.27694986030423
5.209086321353221,0.05162913998210987,104.8353377976862,0.9360729115574314,67.9483741728703
4.899854153073197,0.042143579303156736,105.46639289023854,0.8048113693467548,73.21930038682956
5.351937391275992,0.09345386364762007,131.75161825684734,0.9553270643768728,50.797056438150165
5.110892657659428,0.028853607307070057,88.48829092309417,0.8423264468013889,77.01609928809216
4.967809356798731,0.007866676928643873,95.54955839483877,0.9312818279122298,85.95924058738798
5.134315077743083,0.14901459493453875,97.87601256451633,0.8227946504274019,56.25719784733061
4.52873715437945,0.04716284824871367,122.73069711549536,0.8228921671849403,48.83457565760923
4.661969759327058,0.07037948245907288,126.88211387508909,0.8071315287673404,52.61568237860045
4.641822498080283,0.014482775245047198,109.49167639387889,0.9820465620307024,65.02869719928607
5.042882928429112,0.01733937818635084,124.65818748123759,0.9209117515383625,80.77853384894414
5.5197544998455275,0.032684177714904845,103.55321992937978,0.8723923872458297,51.004629104011244
5.669390043857789,0.04573744301552114,96.54793504766356,0.9575555482038618,42.47229837551535
5.1914153304322275,0.01325048860114693,123.57448173171244,0.9252164401249331,72.67438751322173
5.150253342483337,0.015881956880527032,109.75235350467595,0.9240161035825881,76.1075926401049
4.459682679754178,0.03518792813011583,85.28938668184836,0.8974085588726014,51.72200407500051
4.837197860079794,0.032979782334947694,119.94841876248702,0.8015853557336418,69.3217694929696
4.763664874427528,0.05869385867214112,95.83014737959441,0.851692501284988,64.46664895257084
4.813745720524665,0.06205206384808097,93.38352954551591,0.8218153389200167,66.61488747811649
4.949556854424563,0.0487193175566938,117.86008736399424,0.9324819704705553,76.52914430498141
4.858372826690862,0.004868476657013142,98.22335718310174,0.8497241643573996,77.94424567173755
4.4062100568872635,0.05572748807317529,107.7791707208058,0.8900333328102414,43.03622978638377
5.22437307683526,0.035452721905214396,113.23879168141599,0.8706860596579766,67.30954912912019
4.678177092278058,0.02669709414760066,84.34113841455232,0.8286397475850729,64.8247425247896
5.071774059233345,0.010584656085089919,107.69701129364404,0.9916740465765439,83.1696378354023
5.622224800924992,0.0048438063670764135,126.98946210523248,0.9866838623254433,48.974672025424624
4.724184622524073,0.0236943468062277,80.8706571252078,0.8169216372073281,68.14829236213605
4.240913743176101,0.14199372334927507,108.99817777662456,0.9654730707055993,21.565409724624335
4.914198733435967,0.03506212400456951,83.41064530839425,0.8976747365432747,79.20503560549865
5.330287890499571,0.0105594251125143,120.42795367680796,0.9547471769161703,65.6509609737912
5.587504236266178,0.021619472248472143,120.23811167499542,0.8302314261827535,46.087642342914016
4.631135121664275,0.004588330632810143,92.91355319501803,0.8264548275555088,64.41759893654333
5.1490097669709565,0.12886467237745328,144.19257304381725,0.9781515001790408,56.87348582432371
4.860406862965984,3.7167702701897815e-05,122.13250618274569,0.9795638983682122,78.99686397164345
4.968215493708759,0.06534352673051426,114.13857970272338,0.8931824325507218,74.7411912936905
5.793303004105111,0.0012035877264321808,113.01221792212272,0.9740315595229796,40.400690992975846
4.549108901481454,0.033059227063981435,119.67853818412448,0.933491790300726,54.68963201689212
5.076121898448372,0.05958726370043611,80.0871518551168,0.8370019485221984,75.22592032296454
5.14030795152963,0.008595142490496203,103.89215196922048,0.8657908529364298,77.2188533964543
5.325735897481804,0.012055582707638481,107.66380770754655,0.827212130101734,64.42537057622599
5.029394946041268,0.1029434847227665,91.9972787339488,0.9547897337861866,72.69084733143778
5.092415161851231,0.06922964474478985,109.2959053888793,0.99705014493915,73.08205593710272
4.882505429773462,0.05953361593453642,124.63388600868012,0.9092756653132024,69.7424081016233
5.080738082373532,0.05936381465614571,91.56461824468187,0.9311728828229786,75.7181386911576
4.897042317350777,0.04297877441555327,98.91151399257389,0.9492185136267274,76.46894175199076
5.186471566956815,0.12088879065875326,83.58829408292111,0.8448518204860981,59.21659438520797
4.889116899186909,0.02219541509385784,64.26021980378415,0.8672002495266868,80.93568469729121
5.113130118170656,0.048863118360045976,115.57864361041021,0.882464242264847,71.97414564000965
4.9912211558945065,0.052545646429700624,99.48532410321505,0.9189176624290945,80.02124322747568
5.33781507523165,0.021248034329562047,100.95158834305576,0.9700985156297551,65.85070181495621
4.984581882923454,0.04004094999175202,80.26452763652946,0.8508407089179812,82.0591318913511
4.468090259537935,0.08370317917580747,96.28992941927618,0.8941777601455578,43.784500956888536
5.378576450214197,0.10762700760103748,121.93187578364247,0.9503067822409423,47.95430991344715
4.728280309741215,0.00011550113763613215,100.0164267355892,0.8174769999009249,70.02739073828704
4.803870098405354,0.12968533013303116,100.58367516110826,0.9025786916652357,56.772612701560455
4.821301611786953,0.021564394774094508,104.15056555726845,0.8288759406731451,72.20589974883904
5.412331427951245,0.004547447486593321,75.27235743187089,0.9078297793454699,65.2073570436586
4.359297735806392,0.08924355468970221,112.49840928204713,0.9535645522630873,35.9927810619852
5.941324560097998,0.039831396961072865,74.89603770168338,0.847389482208988,27.00400272397061
5.316817042719816,0.021657076166448314,81.20768837441948,0.969895689096941,69.01956095634068
5.066971674238748,0.0732981859865913,79.0157046198567,0.86696082201635,74.42461762602775
4.983531799815114,0.020891612726487877,96.4955006673891,0.8381569727115541,82.99175546742582
5.085666222457297,0.021878342935362616,92.95094592924285,0.8930646790141704,80.14447419961692
5.156336728513802,0.0401335753885996,99.97549923383491,0.975215016421041,74.10651038591928
5.193564675785017,0.02950068569515697,81.89487680447114,0.8137866122348206,72.04726116287476
5.166681339801035,0.02125486499727622,120.10990640612756,0.8655142932433291,72.1101850866003
5.026874204376575,0.022323063657709478,116.68055137452662,0.9306326337938227,81.98368572717288
4.940798473907802,0.02389428634903374,96.52372974216559,0.8715161737391172,80.64171598267885
4.9546180149039465,0.09720463317620226,90.43266566824124,0.8141647989465232,69.93641532991279
4.941527515894196,0.03925275839689172,88.41285013309601,0.8663997937560948,79.09044805593027
5.340131029060119,0.1153782846836054,93.79710009978642,0.964191877227306,52.18952308841952
5.178067016684259,0.033132099393584524,71.99509542497647,0.9936075045010052,77.01880463742926
4.117883409600716,0.052500817808376635,80.80785375576319,0.8079558394795437,27.276213318801023
5.1967702329589285,0.028298546230576826,117.20240783969933,0.9138567635270138,70.50589857444811
5.058420858415633,0.0206084735863165,106.03624972151738,0.8210606866053697,79.22106621707023
4.994387373066231,0.01316691617561509,132.6854897195306,0.9360793058312011,83.14124210230254
4.883444464073334,0.04875746960201516,94.01609699661357,0.8015784452016103,72.32300660846862
5.337233815995804,0.030174100172614383,92.76973545786265,0.8029483251414747,62.02184897140285
5.284257938636857,0.05054011425454796,91.84202150912704,0.9553759652861148,65.28682369841596
4.768136699652917,0.03783338036249235,93.61671033563663,0.8148870645394596,67.3492651820267
5.12211568613736,0.13184855385308147,86.80091973706804,0.8610363348574128,61.43641047723762
4.708502979637614,0.046467952946703195,105.419764293744,0.9916080848207662,64.83017110329227
4.5861145505633205,0.005774484783038892,100.58208134296822,0.9970494234894942,64.18348065183646
4.81198483262301,0.1061728681256235,89.80170996323454,0.8322805723772134,60.45860018975792
5.258718041714827,0.004953235351493342,125.02297826037804,0.9121803842871701,69.47524205409196
5.285937513612826,0.05213585763157419,137.93165844972614,0.91182976569806,59.46680000748291
5.153925626029188,0.05603196156786336,123.331544111468,0.8904761381065227,67.8360365540529
5.217528736054399,0.023868186514204835,111.1624802616679,0.9849400316527992,71.9506004664945
5.1548534861344875,0.0644631712379488,115.23539452527548,0.950806781824832,68.53191133020754
4.807555521433114,0.14730272679713957,137.1283103565267,0.9529053871363888,51.70319897349103
5.1295767634021825,0.10561523437187997,115.20638631518848,0.8539138863538687,61.940748135645585
5.240122857568305,0.0061260464704818475,88.29628294801431,0.8868639544403277,73.58137236933456
5.226287398944073,0.052555199323336924,107.84545053301096,0.8974847396950907,65.70462590545583
5.356674011442393,0.00030757082869017904,112.52488532126635,0.8597824082408834,64.49658332184394
5.212491154160319,0.02734913828086741,80.1056545192816,0.8189635550324117,71.51686565697082
5.105434462262475,0.04256737739323163,94.30138362713645,0.8252718449944433,74.36412419244198
5.321045071494928,0.0390596769714749,122.00783648110932,0.8361342256361843,59.40024502919583
4.992043622225282,0.016358878370482895,63.530145299008275,0.8407306668729897,87.53038438550344
4.735437604631684,0.061900702726815526,74.99142909918811,0.8484523618421088,64.3110551958021
4.951079910816871,0.014965206359141149,96.47185892743344,0.851092005792699,82.19466791825171
4.776529206558065,0.02731569113738982,107.07359191011409,0.8911432690975072,69.60990491381416
4.7974465175076855,0.0787407028792846,72.84735110102186,0.9019146381652082,66.78924327177042
4.956644398785345,0.07394904723769137,97.46421496668117,0.8617758416252712,73.7954021773043
4.762274023700011,0.003610247206126845,123.07537078177134,0.9814592839841456,72.51655294258744
4.907611541108288,0.017916998830933263,101.37302914148567,0.910627944667791,79.84439862106456
4.431915599913864,0.020795432919981555,118.78177887262261,0.9574953856066813,50.067350881706
5.063988112211882,0.02902480280390406,88.15771757329993,0.9848475664841687,82.68817241905488
5.0003616426086674,0.05052199099047466,83.80166286421637,0.8326270229151611,80.67237696679034
4.754873410679543,0.018229628047732458,116.97747660570096,0.885574896743127,68.57171070790514
5.197773700529721,0.001597085892815965,107.3853106931238,0.8866420803429218,74.88832562184041
5.281271041287967,0.00037946723298478216,76.28807984451082,0.8708944500876709,72.85589845507658
4.517732040689308,0.010575790101917733,83.98318167674422,0.801781173310328,57.11485922460293
4.771182566430136,0.05937716621634327,131.29162482114828,0.963194421555619,63.49910500235423
4.76925729506381,0.012326423973825728,81.50889561061368,0.8223118643107806,72.60182183290901
4.718029069667341,0.062338555450412225,118.68657493451995,0.9990961195843517,61.84422576071364
5.248842452579525,0.020949954112993552,90.436266055326,0.9545916983822363,71.97516709039161
4.9418521583681585,0.006062740342806478,99.93648286465738,0.9160020035213029,83.92811023462886
4.920645547606817,0.05092036078720674,105.89185241886744,0.8309212835483195,73.62991916740766
4.398841290677974,0.01637269623615591,57.980375790008026,0.9030785942786494,53.73810731182724
5.1906254090627675,0.05190920203641064,70.74565329145402,0.8522217481715618,70.74596478505819
4.6282224815439585,0.030636306059589245,101.72666037574325,0.8504645049086139,59.934527044297084
5.017979789079899,0.009816234454596038,85.5138487243224,0.9659058498764971,88.21550961211437
5.083213081387457,0.04643174076672796,119.93162590549244,0.876128884791887,73.57186910703184
5.4081975787515955,0.04732948628443194,67.87758238263751,0.8901447606781608,59.42385930753895
4.607353880264267,0.07787598029049789,111.30510112515974,0.9685929475560237,53.00118461088581
4.094146353253753,0.0683073506204648,72.47557559191347,0.8175581251437686,24.506283545839473
5.055154863426108,0.04456370103631414,92.95790011711142,0.91892357061821,79.08883443963943
5.540153354453256,0.036379547560438166,78.71244471524072,0.9156431362746076,52.57548485270698
5.371683905881831,0.14242934940870286,138.04859760942395,0.8850429138533351,40.230561751909036
5.062897824582388,0.05018081055359051,73.21015674059929,0.9659549282848185,80.6970918336546
4.852509144310385,0.06746315871411546,97.55880609261953,0.9885780122671386,71.04675448758661
5.242136778991193,0.041564190844314924,65.46327703959696,0.8930671723827222,70.55218037757595
4.707936140088659,0.038707118624055736,131.9914024414118,0.8912294101996799,61.29554857156359
5.142907330806866,0.013784953056075041,108.0256483235441,0.900412745934149,76.56350727950539
5.151641047749988,0.016062355687767975,102.73946179197335,0.9446248061666123,77.11073372597045
5.318062972249664,0.08527913579052618,129.4862587858345,0.9336120581397924,53.847966580653626
5.827898011673323,0.015665545014010577,102.94844882845224,0.8445669898413775,34.57278246148135
5.1177247901536305,0.006902749678782304,104.39142712282154,0.8127790697198687,77.71753882108005
4.8473109122877505,0.09680348025106315,102.63450576130303,0.9898508259633578,65.8516986427424
4.992327706342402,0.10673813965617887,111.27268650886239,0.8522139519467409,69.44595182016586
4.469277228533264,0.03352341215100356,90.15117232157475,0.9277193369381184,52.66739139595021
4.791586060673283,0.03634554321195875,95.71425385273335,0.9656876005487445,71.78565878430472
4.877215268566069,0.014929608513906803,116.20669256914891,0.8600553501094372,75.97391258215194
4.8427734806196225,0.015099951660833003,105.54745903115764,0.9270866827313857,76.28840383956434
5.045706461610116,0.06049309924354375,97.71512171795749,0.821580048229845,74.84373620966261
4.75327402028534,0.10356312301518174,71.98955217938575,0.9939862888751321,62.3427433244072
5.336309200197341,0.03257468349709959,129.9610056907319,0.8116316550101252,58.1717779947239
5.0000621194754595,0.05275390088152629,86.77091780098459,0.8876349347681953,81.15879461450893
4.997209903658415,0.03644457683635204,119.74474476838515,0.9073638484120047,80.53871018545371
4.9016315850461245,0.07087657119653132,103.51507303376171,0.9580963557326728,72.27682923456507
5.0465572051576935,0.0031458189743163584,74.1309895454026,0.8242257034144843,85.80610995814037
5.24752947940029,0.0737695277208207,125.04550955061231,0.8881615947710353,59.34148301821895
4.73986093528673,0.0755249932823692,105.0908129279908,0.8599423139086905,59.752672110223145
4.802565053277423,0.07412685043414549,126.70690713474085,0.862402143138668,61.61222778082283
4.908882191367001,0.013007393366823803,96.35182598528162,0.9557575832130502,82.0617915427293
4.596238722958035,0.011583118288140458,114.08102459934109,0.8010921890063667,58.65059695445427
4.75422264208355,0.03197334943902175,64.74945777309972,0.9498167282671932,72.97874489719365
4.857133737936603,0.04854210224145028,89.99568272812486,0.9620796860246212,74.38873438765854
5.262316754213818,0.09974601040430074,74.54013335537456,0.9802724487684138,61.450528826356646
5.078768398700578,0.019386173324891207,92.50432299923216,0.9253763606460967,81.62306499223038
5.058076973410263,0.034196394380236084,109.4362347901229,0.8666910656544483,77.77612027242546
5.255269388650392,0.008850221986360148,87.90839824691709,0.8854469465097742,72.27440248852622
4.958788463480181,0.04634387796835114,117.27684187277563,0.9939472164574858,78.72698625543032
5.117139454978667,0.010201494273738551,82.86774712899978,0.9762373652871704,82.67938115306262
4.969033474120251,0.030960209381679423,117.70473227299956,0.8927051818198884,79.58160744906097
5.079608704819888,0.05367144063768467,126.19514331748073,0.9886126014221845,74.32549931184963
4.825172402716525,0.02808957703013601,120.27052270181971,0.9645909750812918,72.56167483991499
4.268354852517072,0.03733620081209752,93.11621896340455,0.980217972331959,40.7935985795084
4.959716251344108,0.0031486812659311664,57.490928041117144,0.9365954469151843,90.0934890249488
5.426824440829982,0.044812428312271405,111.64333993474696,0.971530808692399,55.93495148373364
5.277864620672478,0.09414164331929535,97.49530570569392,0.9783532282668652,59.02441025652494
5.289619245377351,0.05523947212194935,80.43214119745294,0.8184033169081343,62.66177667748391
5.3708392165418655,0.06047709441264702,88.8744187025918,0.9930433953321317,59.65150888197448
5.026597277288431,0.03470081996533155,128.68850632889604,0.8667226197528127,77.66464213006105
5.059194712221679,0.0551577534799801,77.25319598779691,0.8879799019166711,78.208932684256
4.8147044313696945,0.03223332653156216,109.36618351242424,0.9583807518385631,72.27826358797617
4.905178143191885,0.04274379003319217,104.35916351274807,0.9329792611144996,76.12278895754947
5.184731344931342,0.01945304740199571,92.85224670673536,0.9786119824872115,76.2851771728908
5.361165331150644,0.0419921443236414,112.89065374626094,0.8801147501553545,58.34448811089612
4.958166117295701,0.10382117089220369,132.6449051779773,0.8746576327352318,66.14545354081838
4.864943220544577,0.056301799961466684,94.08056992227603,0.806337769908264,70.17002164439228
5.000158387656979,0.08294431028714108,95.13638103845797,0.8925450753339317,75.88611360034292
5.180362024678734,0.024734069473536503,112.441298099804,0.9448141540658217,73.1203213695815
4.566843555159937,0.02036078387422199,118.36485642870002,0.8602357435252432,56.324724956097796
4.311145714058829,0.017106692039282948,97.4458558570273,0.8925453027347683,44.20905950662992
4.834838945152525,0.02023759068595689,93.89252527812704,0.8438795536970556,74.54303665238635
4.633786272225753,0.0979147478386224,55.64706958560479,0.9545575611742921,56.866408422677175
4.847557940705807,0.059519553826773486,84.43982175266893,0.8121023122682295,69.72360743843008
4.955665904354759,0.04602562483141398,77.21376655864898,0.9410766110000996,81.53626610071053
4.8640254772930955,0.08179716011140517,113.69249992623783,0.8757880023489968,65.71846467523112
5.435740260341223,0.08100282072616127,95.12194102798315,0.8083192138774242,48.35935144535258
5.098023429380696,0.049406897567132985,94.33956788922143,0.9706939174583572,76.6874811623333
5.090142307883249,0.045532289215218624,99.81887472754038,0.8975443726362331,75.73061812469291
5.18666214321302,0.01963721507671694,82.596470597492,0.9198637939232258,75.99231796442656
4.658350064665769,0.004414620376639276,131.06494373377507,0.9464061383048914,64.66043921617059
5.311733536226081,0.053086830604847396,125.96387823393222,0.9310148866002378,59.35687314431958
4.977270714039362,0.031409364448047775,132.36213566095375,0.9461713741629223,79.61205209231763
5.201144185172364,0.08725585868058942,113.66834462477783,0.9524563369155715,62.5252623634034
4.6784428300879535,0.01009485804663068,99.41043769956126,0.9178303061129222,67.60790345058491
4.533872370195181,0.055455719481664195,132.2945860601377,0.8731275661815514,47.94707700707848
5.245366897407509,0.0281111608449416,86.38066328174041,0.8486284299432686,69.39581429949956
5.112922857829255,0.06176451350357763,82.57582041933975,0.9805806473305574,75.31398240938523
4.7293845336927465,0.025930822926151637,87.96976970460281,0.9939849689276441,70.95617099073465
4.739101075617592,0.012506098323891584,110.45742533828597,0.8715325510196418,68.85505827503601
5.337630435324431,0.07561462249458639,84.75789613224654,0.8224621458144601,56.373433809410756
4.643176432139802,0.043186152877855724,96.89254023564003,0.8445074654232863,59.31355828161146
5.492801885976789,0.03837504119403572,67.96289412230448,0.9341334691974379,56.562010634005624
4.72981377960564,0.012984188597642013,109.62195330856488,0.8345866739916662,67.57073663566892
5.191517577682515,0.12089032243965152,69.65793265633782,0.9560244546121976,62.530092799711525
4.901414457275305,0.025561166742042903,81.35677890269275,0.9846060479749428,81.80713549444143
5.180956229324703,0.0036337212463802143,124.34334269793288,0.9927303030157695,76.01783984408289
4.836765799365742,0.04458698203781103,123.6063663397222,0.8018651011949782,67.19456604620024
4.951162128178312,0.0581696539790985,107.48626179092996,0.9916308329908834,77.4282700745586
5.0122757526187165,0.002808417374002954,105.51327163470461,0.9480388838259235,87.25164274982457
4.699343763265558,0.045128738718571856,89.38080705691482,0.8168100464527605,62.589435211511436
5.2222473036260375,0.0035555251664595375,84.54192672515597,0.8830480937557453,75.33860221006813
4.846035930058524,0.05596638009147192,92.7551660448524,0.9400090949159018,71.89186408362345
4.931420025397994,0.028484657898564185,69.72691651075365,0.9913370985322099,84.46655315866386
4.701695187617446,0.04409839135264461,105.04897109907327,0.8328282787222786,61.63862101868831
4.231299902361407,0.017959177308375224,100.97662249616819,0.8255466563853908,37.59738842351912
4.942691671219949,0.021064319203642965,81.33157466579466,0.8944694106523757,83.15808313911853
5.723784626483875,0.06727486523296974,131.37363837682716,0.9936197787476979,33.2167243632933
5.235381286369407,0.016030180930725314,112.13827420574097,0.9942758430516021,72.14428511868473
4.994221886079681,0.03425173710496808,113.83683608017714,0.8455829482105819,80.04352795522959
4.921132751237519,0.004680228645674021,90.2532014792167,0.8638694295942915,82.81799922136422
5.006739767843614,0.0649363387006822,99.97339843947353,0.9816063971289309,79.4899512229121
5.164135734552563,0.010390499001482884,112.54745340374845,0.9469682981704128,76.27790169965722
4.645756155407346,0.01321993800495586,103.0556473420047,0.9944632857315236,66.3460796041274
5.334296508400661,0.059299640635156595,132.03801569539743,0.9786296726031108,57.4160552832093
5.214614394632373,0.0786483849582133,95.92424861166498,0.8430192100627487,62.593837918414096
5.215455717712381,0.00618796455133417,89.90878935527779,0.9519453718825367,76.19249075668
5.131542721642918,0.11798419909779416,112.68505752942852,0.8097130463120233,59.33556201005339
5.005884997308197,0.035662084684680816,74.70705455426976,0.9635665557482949,86.09821311834497
5.201858370790046,0.03214641309043688,118.48593864616224,0.9203113524889216,69.6241689741939
5.177544240122414,0.038452602429498405,73.98576398816034,0.9912201925272923,76.00528267996023
4.893787786717692,0.000850039275827115,112.771693321171,0.9920064910938157,82.06272180144668
4.82791946813093,0.041703424359158844,87.03452891654675,0.8101630218048711,70.91946197842472
5.030556888578596,0.0178571876169831,109.53168293966786,0.8321042971111536,81.17692619099304
5.4647060454485565,0.02371368450950724,118.14685892122034,0.8968414094637384,54.68272689381326
4.62826787730383,0.0255796688293073,103.06842391007838,0.9758987049892298,63.07025402261045
4.559742420274268,0.069503061535818,76.0075809671864,0.9628890284592113,54.81610845854895
5.049428252370955,0.037806368357551606,82.06449510985696,0.9928740052703557,83.01438019853138
5.015266310556806,0.03543824477024976,85.42681717932436,0.9236168234222681,83.69793940156713
5.052002499311122,0.03836801745737434,62.09986212804452,0.8513127039123242,81.94091528816855
5.07318595937255,0.10014221235889849,122.54955717463858,0.8050213279010355,64.43298142436909
4.933039323609559,0.00237034514677964,102.20215171512658,0.8445852981441098,82.29829843592611
5.446959031580625,0.05504861613519829,77.2896390962201,0.9350546395907249,55.89729456707525
4.519728806457046,0.07366700884317727,129.11349714916713,0.9852549646686026,46.927426639401496
4.751450892565926,0.060734221864703467,85.97343799723673,0.864180733461653,64.66319114375945
4.969023571955286,0.004439585541315929,105.01144978149743,0.9751408660578591,86.47714882912719
4.5070433566537496,0.03455233585970373,83.49458909607597,0.8789796496682314,54.46988510402644
4.947243678670379,0.09037737828356775,59.634796933419445,0.8616542498737101,74.54761928181983
5.498441049718405,0.006857975026880337,72.71118882297479,0.9017688485611637,59.82909885178944
5.006265946488789,0.07890436842810873,91.03019138267138,0.888454698481923,76.45446277782769
5.069210271715605,0.03620829923809671,117.96593742412095,0.9827599737034036,78.2747445430052
4.6219505704482255,0.055010492375938275,106.9306629363849,0.8936513894816254,56.24542186649681
4.815091577588157,0.02750762650259361,102.8041025234249,0.8554670774446151,71.60828197645017
4.887441085902819,0.025303628819341912,59.79944754510236,0.9685131155003808,82.84123838676523
4.90468547097313,0.05538958070775088,125.4017229536019,0.9997499023319134,73.42751690350322
5.3844931385011305,0.012974771841921393,104.47359392991112,0.9296342838362648,63.129522197378144
5.167307318217538,0.028524234034845705,97.6116466021568,0.8500922737872718,72.92360661725064
4.666562612918891,0.0007545668362664362,122.64846219977791,0.8477630154026359,64.5709858377684
5.073951433529602,0.05525743294690884,124.94993447136548,0.811541339243052,71.01013238391207
5.149466524549036,0.031765858424231866,123.09180495218382,0.815458607702817,70.26712142226104
5.34204471155638,0.02282538372146337,95.05827006593425,0.9829966190365524,66.20761512253534
5.474162205970512,0.0979174980070989,79.93046878431609,0.8192974214099101,45.255544490471024
4.695471742451639,0.05311530711841511,119.77845834284146,0.8968687696553558,59.720538038159056
4.756742746636899,0.014517593306314452,72.69891113859165,0.9396243559386357,74.74952180718032
4.622726642325615,0.015706804960111908,138.94513477328564,0.9700709565547206,60.51448344928596
4.929794042267906,0.016205060746016964,100.55999090389126,0.8342541900507455,79.98596813479759
5.139907512333901,0.024015978631260596,78.78231488600832,0.8875557358250714,77.87603569317746
5.2962003549767305,0.14622546383037474,75.36262891686779,0.8502960390027555,49.763817015208296
4.977214692907244,0.03854259463554984,74.4479035188788,0.8511646179933203,82.42999438708067
4.904045743023547,0.0817951285052388,102.80725813441686,0.8607678614973352,68.908106722132
5.045527397674622,0.0071399485858482555,99.87215359880426,0.9174232428836935,84.5586133494389
4.7494571295109935,0.07661860437479043,75.28155652981614,0.8033154943371177,62.01279134820179
5.626861616508432,0.0035100871477080076,92.87088426888197,0.8817532572631056,50.20976665571181
4.517701691864582,0.07936551148632143,72.64129227817315,0.8373660270465586,48.64046610204058
5.055422173668718,0.0235795235534214,111.78603611888346,0.9934237017025269,81.82761146902592
5.607081865768892,0.056036076481706,98.90813467774572,0.9165458318500621,43.60977975083725
5.002039953368,0.03920800889837388,92.43194988165104,0.9736190937660645,84.22558835032014
4.942988289499552,0.02002696813144393,74.23778539864946,0.8391379973539225,82.93423355747004
4.892766373156872,0.035148115374936555,93.9968879955447,0.9620031398647576,78.1341390809125
4.9458824954712775,0.01477243057157368,91.70544237307347,0.8829564922610467,83.02567075045417
5.411854542402959,0.04971488751022089,106.35453402419193,0.8355389377698805,53.906819682267745
4.336441426601148,0.045676068462736766,103.34035956233922,0.9522490404776466,42.046020179977376
5.460030110388898,0.11611122801347265,115.84120204158684,0.9524022195230561,42.44543336094768
4.572812854264956,0.04046062893032734,90.30846912989875,0.9991775813728122,59.252381630814654
4.9200043012296755,0.0012962299658783004,62.79176995607011,0.9561874523596328,87.85039563048443
4.871226673910401,0.05140335880527225,119.8218575319608,0.8290534495854256,69.16197985234568
5.176565980931216,0.025403348537998267,81.27934973903639,0.8645089483571456,74.75778285666654
4.520562694434876,0.042651982828602955,77.86165893969489,0.8903453834582292,54.8567060169972
5.138651799824583,0.07365590133996876,99.13766909772495,0.825330561141959,67.2253511225964
5.607292886986055,0.0330433087360988,106.04541025909033,0.9576077948895628,47.15354534230408
4.5910477986221565,0.05999436448529917,89.38327188570635,0.9053397075825174,55.63218020761423
5.056911850283119,0.05538391220136214,89.22614637063747,0.9888899138191507,79.13288579212782
4.801405346661017,0.04532671956929588,92.1794736446889,0.9178616289051641,70.42459807790105
5.1277661618579105,0.012923679763062797,128.33080701986287,0.9045798167476508,75.65399395703268
5.005744333224726,0.028696175598757624,99.94643824883735,0.8142850305865729,81.64197045355051
4.807553927286707,0.02241889019410691,80.64074321076407,0.8298691809889156,73.62371140678832
5.146361685461322,0.02087144764790509,80.84433286194066,0.9699052153528303,79.40125274599745
5.541304432936023,0.036543176553345595,94.98231640835262,0.9981351955651616,52.50472981130474
4.94272886248181,0.10393919036934275,104.75715868056015,0.8830358271796539,68.15785386904426
5.2159273826444545,0.04548659871838161,109.67960323932381,0.9620172167449859,68.49375124454282
4.612018112638651,0.04407538154956527,102.48317207694431,0.9255171532661304,58.371805383512466
4.713069086954597,0.09406182958117974,83.16253298165822,0.9918118547343427,60.1948545766199
5.141721883364113,0.05794238829193983,91.52117400878434,0.8476274470888187,70.6057602952602
5.445234808560789,0.06164727214125208,114.67815763729249,0.9089671486015887,50.75034787346737
5.106684004635698,0.04938474509339061,77.07816079093809,0.8817591636685191,76.11861515212611
4.906082590843054,0.08491672448877084,90.68493213845075,0.9083431951886031,70.72581746719462
4.999787421627007,0.034373908405618395,111.94925715762704,0.8537716166837711,80.71166565469035
4.624877679809085,0.049296333298512324,117.50562853270353,0.8995492325431488,56.338632591360884
5.18135459790661,0.019683292976737203,96.14169257817234,0.924960829344953,75.05127750817464
5.264699918697023,0.08805810517858549,91.77586378858368,0.8162431767998984,58.05656625853042
4.864372900150076,0.08153229020890057,73.5576411711252,0.9485974509615247,71.24871537978743
4.8589873556721495,0.08103575977477208,110.5127984545419,0.9413045926320834,67.15868938130063
5.079763468895615,0.0016675277542263119,126.37559370293579,0.9760915202902971,81.84833373864153
4.868984079187821,0.001461470166974517,151.30308117199382,0.8851713103619852,74.4929423162634
4.980160215612253,0.016382626242466433,107.72892367036093,0.8123338265229436,81.826003163788
5.629916536749954,0.022601032521980986,98.98240696712038,0.8922922258043374,46.762456736080296
4.925892289776201,0.02635869595971427,81.60378773698186,0.8275218344123924,79.9897909071646
4.892497954393633,0.047911605343915156,62.42286172513701,0.9294893627043636,78.71063754360429
4.805737458309452,0.011368682349576094,103.53918499479667,0.8094263048262612,72.47355274317628
5.223257591449981,0.0671596651738897,147.00678240308605,0.8747992812455391,59.32590212151987
4.945632748034569,0.04229738885626517,125.41624459313826,0.8165685796974991,74.18310368827053
4.805188088503572,0.010348172293631778,122.33128538227596,0.8006732868143207,70.53939666422836
5.396391209681903,0.08675563339020488,104.9120563411583,0.9921114447803183,52.554205672045605
5.425880901354091,0.04791284930612434,107.19046320560645,0.999225469605256,56.52568159438035
4.819872930278389,0.015391709458926175,51.525053634440454,0.9111005903063626,79.95312584054761
4.440038014591815,0.06834587005377339,115.25021161527994,0.8477911699890968,41.58120260569685
5.302254106951077,0.01615365524560723,88.4131886084837,0.9822198073617315,70.24478258248055
4.794611052271999,0.03547778233835758,85.96545306808225,0.9846073194152214,73.4505968670625
5.23718767974883,0.0471669798499524,93.53486093902785,0.9709017782341411,68.75824170835736
4.408968854686449,0.023026193399061954,92.8599102109797,0.9088739969134765,49.97569118849923
5.267779201489793,0.016376114020298246,85.64728816056675,0.8149404321792055,69.21091063509512
4.6366484212157655,0.012174808489539493,100.27744144351952,0.8176877855073597,62.698695565310246
5.219229235719958,0.007586892591614644,88.83444807583894,0.979323957542531,76.41124631132708
5.00428192035093,0.13508374260253872,102.00645911512292,0.9751653694914459,68.78318486687999
4.713818174181006,0.018155317672273786,70.25644370899934,0.8868794498362436,70.81773742584426
4.877889106121966,0.07024651470339417,95.71884458735965,0.8656309238952851,69.87710318097857
5.20589553708701,0.0003599491559429027,78.07408820627498,0.9288247840288204,78.36136226133685
5.03176833593457,0.03433180944426409,87.17101363004268,0.961397589651105,83.454978857304
5.175323894141745,0.025140712157753445,102.86797686067061,0.9463369884103642,74.3494016099725
5.592932175354646,0.05245466921937504,67.92004770490084,0.9231205876101413,48.22627607752774
4.530727516486684,0.06602547875328395,83.55185245455725,0.8463022088889663,50.510688108532065
5.485163772490587,0.09811325553275348,111.37928769672668,0.852500973844143,42.08527602786195
5.031306781256964,0.167262314496755,71.73644316268398,0.9448134962795404,64.75487155939132
4.7303647855030615,0.03252571018777986,135.55734280557616,0.9605239704902062,64.59777573126321
4.600905912278303,0.013154608691269398,124.08815912261294,0.823227037619918,58.13688827314483
4.94326388276689,0.042643716339744564,90.10945831095441,0.8374594095422613,77.9375178748015
5.276495033577338,0.006689352479675418,84.25580624429873,0.9360940524354743,72.70319553768803
4.96173526388674,0.0662983064926115,104.03879806670963,0.8777973174942802,74.91143640252731
5.453346479074204,0.044858214818286085,71.05075485945682,0.9126585734542062,57.21857501594329
4.5646472929845325,0.13841672712002187,59.95714550335134,0.9229629905311272,45.579873771356084
4.996373315646184,0.06280240473877564,90.81329751894867,0.9552406934534664,80.38552234512916
4.624281966676064,0.06420020088980823,97.31902466995618,0.9611433901433815,57.31785320296464
5.1090895647874905,0.01545144511574861,101.8885444870706,0.8560192490522913,78.06843987772704
5.26606621702919,0.06080405220569694,87.70518767764231,0.9082593457844342,64.31008729531852
4.873771461895684,0.07881720280857274,125.47893458949895,0.824704787724376,64.54990958799276
4.21873584301186,0.04361188136159816,70.09720683032234,0.9684030337395098,38.940708368229835
5.059684444038949,0.05565129252164744,77.23475730083803,0.9690895876666391,79.72955550266497
5.131021565520053,0.07736699363309617,109.73271912289623,0.8599011437998914,66.75840798754062
5.121288426488509,0.015533206726447701,76.76705228725717,0.8321240414844085,79.35848900268473
5.370734657546646,0.07560234210516033,75.99359095605367,0.8140183556400533,55.09657724862288
4.6786838961052855,0.007575786505149024,102.46709584414327,0.9149952883823173,67.6378619737768
5.204064831635135,0.055346114956900685,78.92954759367937,0.818285620079976,67.92695050058839
5.357752253743392,0.027310739818877966,97.33831144158626,0.93611896892412,63.42680203688855
4.4664237247980445,0.010235943331773908,86.00286880684487,0.9356252802068292,56.56225071156869
5.095895547775693,0.05147791830329179,82.7667259325452,0.9227974814263249,76.70385642323664
4.848746050697699,0.02426632161090302,57.953892173101195,0.9753121003726188,80.99566759036874
4.975543198069507,0.018631844482655018,102.79126305642674,0.8756561385458264,82.97181167704599
5.104302945061501,0.08105011604381218,75.05620015774142,0.9804539165249155,73.6877642044623
4.8538314307659345,0.028497235552574142,96.63515592938961,0.8073850737692262,73.4394863955155
4.797287576251517,0.011954753086170063,89.7579020330287,0.8225513975842815,73.51927936054825
5.010245725246407,0.03941923353700355,95.86983882600234,0.8824411125036887,81.53420982213856
4.673826218341159,0.029689935688354603,97.00649251973479,0.9187986037377147,64.6514055699972
4.6742524613344445,0.07135351503220695,103.87256501836526,0.8064751273278732,55.49436646995657
5.203811984886951,0.009221602829052508,85.44481397017114,0.9134868942848529,76.11329697110503
4.655361789452403,0.03340834749109869,124.85392958546737,0.8614796632966063,59.05465555086478
5.199893750272763,0.03366556247925821,63.05199878288847,0.9774293615623658,76.19992796470395
5.1387773878561855,0.04021649135894802,95.46817762945541,0.9066569183337462,74.22720362851607
4.482257981362821,0.1228292910353798,116.72461952821735,0.9175787816434867,37.19019890651028
4.796730604299303,0.003542491506114194,109.53545106005208,0.9891243622229766,76.10140467049538
5.358232820914211,0.052805810093013536,80.50328846942806,0.9528342053309187,61.59151449087086
4.705650340658096,0.05846076386145248,83.83509014023952,0.8876546532293531,62.93948991083099
4.860678721307184,0.013020243644212413,79.86414881346792,0.8953759229912039,79.60879031027646
5.138618267975569,0.050339751252981735,111.98455261328779,0.9295847737118798,71.52518144642741
5.235017152784779,0.032290961090819456,85.20152542968984,0.8400398433301026,69.33597099292344
4.924538334186651,0.0508819878613703,105.102461762469,0.8177301680988246,73.6843590577231
4.820746941592508,0.0033863649374955875,105.2860282815191,0.8622473031891237,75.45320499055669
5.4267109585095525,0.010627545117703092,147.36786936470745,0.9556765595872461,57.179954977045554
5.521669899139273,0.003087252067306357,106.26502519603407,0.8514647597539903,54.63951091702404
5.293657415234539,0.04520015889183189,83.77711970499072,0.826151840067184,63.7458560829975
5.025595442769507,0.0763216858373015,70.79699475867201,0.8438045196924521,76.81241147621618
4.757520283507722,0.10009963273067066,94.4829457072451,0.9357945824011413,59.70386917816103
4.750866678033031,0.06890014879992044,97.61828315145362,0.9227896113387037,63.410942273622496
5.156754231579727,0.08352646120735716,55.786009452188885,0.9376629994592872,71.24043596807965
5.1255194662666055,0.002768258149592192,85.72291679413973,0.8643916245360764,80.76913411287241
5.4204795778839285,0.011812841749301823,105.94705085655106,0.9801712253866544,62.008018486646996
5.195135027760842,0.01892935234058558,89.3528865946765,0.8903540714656291,74.32428825310657
4.549075909472054,0.052203246147861135,119.37247571411675,0.9027426063853887,51.231672202440194
5.315584285316875,0.03135315265720748,68.8328711055896,0.9897615952004255,69.27391477585591
4.700581811805677,0.016138914420078716,113.53765640306433,0.9958554535889952,68.17741497680225
4.8848086184142945,0.08475742720976716,118.27779483051906,0.9323085451833104,67.1932944440069
5.075060061875508,0.04024706769076715,119.12992951683073,0.9889626385151582,77.32559595247454
5.59870024693519,0.02193288187602924,68.68287230691243,0.9083014772680886,52.08579521715476
5.932975566801608,0.014045441456784737,106.29105591714769,0.8614565891133543,28.514675963938114
5.182016917740855,0.05409966496270728,86.6249176295697,0.8630185711933083,69.56191485205181
4.945041014383883,0.07208664263272986,71.87715116034198,0.9117881179764691,76.9375117116187
5.160351694544165,0.047584011612798474,91.72264550052583,0.9210072241310396,72.48917651799856
5.26629662776215,0.11484443739360407,81.90044016198381,0.8879234139839498,56.36396098871098
4.903799712332843,0.10175035828657096,118.41500936327739,0.9767542967023688,66.65901399470455
5.538563406773696,0.04205179174253815,110.26126686027139,0.8853392237427101,48.05908462102455
5.06902122775742,0.021929032974075117,76.95111063782264,0.8546847293995337,81.96795491265192
5.149322926727418,0.045499375586588384,85.51557372338142,0.801596375668708,71.69608819940268
5.199777275616339,0.0006309127492642556,92.38605148766753,0.9941138556315274,78.56239851449382
5.126475983184337,0.05766067232080785,98.55189705364205,0.9648626566285889,73.2044035880262
5.2516821501408835,0.1113323539655969,120.12756549607562,0.9231119169370658,54.648699685841216
4.814824044035923,0.04087235172053999,113.81564652961266,0.9661084507806923,70.69919424672696
4.832509473816191,0.07843613971156184,101.0278393794968,0.9620578460501887,67.32352045529126
4.6699537301084915,0.007734625690609882,94.78702300210156,0.986370156045165,69.28573077361115
5.1318503691860675,0.05113845626137751,64.53291930785056,0.877213536672075,75.50918821228576
5.233680951053635,0.06116784147385863,125.83995252252113,0.9109704484171882,62.439380431794774
5.137331859845566,0.07897971379262642,91.05806804268686,0.8197256047440492,67.20183663098437
5.502347730004261,0.0006719401188255147,131.09680480852515,0.9930630851437946,56.5099264039439
4.998321194351286,0.0674850192138935,103.92218584263671,0.9970254138565,79.32480847185947
5.200622496677754,0.03372341678182825,140.5056841724289,0.9578168495862404,68.00990625654244
4.672489737158205,0.039825752407546655,112.12643066732633,0.8908241966296674,60.979362234221036
4.883870089257679,0.10150611878636781,71.35960737558243,0.8993133501828715,68.65659380360478
5.208661327269733,0.0017109627348996792,87.71169039477576,0.8870733865975714,76.19397464605491
5.254730633222943,0.016420715355306047,96.6173007865607,0.8586621273044461,69.76456717076039
4.911809915700745,0.024196147491417273,82.52434225783352,0.9055582811097533,80.93790421474385
4.97852022444258,0.02715424685139972,92.45878365635912,0.8106890139001134,81.60597835121118
4.5446378759957575,0.045319337361644736,72.66121682835781,0.9983774123874336,58.58179852041163
4.8928912397580175,0.05353435853631164,100.11442562198245,0.8848100270328282,73.22807858349263
5.2671149490559355,0.09779594624661611,104.7482389802188,0.9854733168074212,58.538353557778
5.17256150483197,0.04571425489040601,79.91781185587763,0.9448542921320007,73.69447613357315
5.150199716414363,0.0047688675822632216,138.80508586963822,0.8579885833727868,73.55194995829065
5.014932106154288,0.04860865655187317,101.27026522560918,0.8444105236349205,78.57395909809924
5.002118947588453,0.044461700677501784,83.66518267754176,0.9991350867524713,84.81979151036278
4.801903658157966,0.043593497393833794,67.40921400069566,0.9544252710108072,73.92277890054946
5.209648526060761,0.00082910290155341,101.19885778794337,0.8499322948298682,74.17548311892436
5.126291883316817,0.003618328134501962,94.79022934373295,0.8134890096354521,78.67049503915142
5.1476056543978395,0.016416463421087036,115.66081814572885,0.9393833090602758,75.9027755895992
4.842189547199726,0.0584097064052924,97.13259470056065,0.8606032913622153,69.26872322837792
4.353997124038627,0.026024439386978914,76.12562435462546,0.8442661625255435,46.608922349319116
5.329145813526108,0.0625018197594785,133.41436592355163,0.9469874830298672,56.47429129275392
4.856348763197479,0.030392661906882307,108.71249759014371,0.9358522645308696,74.66782203741941
4.741167270787064,0.01774777607724232,94.91782576803283,0.8962825349520382,70.24173795787496
5.208043673574198,0.012835519988823329,103.29277062899476,0.9885311865540747,75.03339825540662
4.882396208024261,0.04777709305820632,109.48083913123317,0.9359276732114983,73.54767807383136
5.317980915213987,0.012382637818902285,71.4228677221313,0.9786839121239819,71.49514088459196
5.18510178487301,0.003499656568755685,103.1538843992562,0.8381105884699438,74.81576775177932
5.205070796960143,0.09845121557906257,90.99753053412216,0.8593291820161778,61.014900432443355
4.590213286639839,0.010132242233266786,110.14599971259503,0.8209040267387457,59.29644142691575
5.36358319561592,0.06621786840130028,85.19636150787443,0.8609159995744071,56.95101184355045
5.0783751593701565,0.04836089527169363,87.90596289805835,0.9943556658412761,79.13987317405625
4.889216858226139,0.004810293787075374,133.25742197128116,0.9925712492184602,79.15715021274814
5.043016540202675,0.022346814920761387,124.61824181764273,0.9520772709101982,80.64670658616497
4.467129430130504,0.007808228471099982,34.08877640065383,0.9042096525565915,61.53184694823166
5.122595843444201,0.027438036666784807,123.13523964928623,0.956155959758449,75.33813912357057
4.691188547545378,0.09700539118720158,98.52695947484486,0.910697390242744,55.281756032012865
4.59419891424694,0.0684249401312438,85.83635874201977,0.8007017009342887,52.81859197961363
4.543292244134633,0.04603971528463764,79.85650528584699,0.9003094147887232,55.71211512257207
5.333806512496977,0.004644245619185916,81.01764743440023,0.9197846892022106,69.56890144790765
4.811220981892164,0.057496919647241934,86.4012811048317,0.8531496715006008,68.47158628597238
5.4601183129749495,0.06434384756865265,77.45734832636313,0.8406587128483324,51.808763510535464
4.839259561084311,0.007382325900455473,72.90800677854716,0.8547618189611303,79.05266048135822
4.487792612722116,0.0491855709911975,79.19239698312178,0.9247255499035731,52.46499241440665
4.665042668015403,0.05702106070238758,106.46787710131375,0.8292128229871105,57.28686972517686
5.370743486002081,0.05349422451078706,101.00180297141594,0.9440656602658999,58.512390071433465
4.953230546618999,0.034741534460484724,111.11712903103712,0.8845349641923219,78.56158900880999
4.835513811052819,0.010213751045805854,98.67260321579892,0.8706695718410651,76.14489712153969
5.048005467755837,0.046898798491324445,73.86641338710416,0.9614462583360706,81.92713598896214
5.150534820850264,0.027643052029315027,109.88881846987212,0.9012126498873053,73.85682409534581
5.3352196447707385,0.022233863164662495,79.9062144225017,0.8756801122381856,66.07472264156986
5.4345497689678774,0.023086733823014835,112.93228603977869,0.975630943112121,58.68339404673968
4.892069406263274,0.028659882135437367,76.68159994086079,0.8736503264398952,79.03002859019266
4.602185694175389,0.07128075892823232,86.2504674719295,0.9718000565886741,56.24998219586901
4.875960451663017,0.04275731904747593,92.7721671886417,0.9008397396925116,74.88360731764571
5.078084151974866,0.05863641889596967,113.48809602113897,0.8416014194910015,72.00270683481872
4.710872322136817,0.016135738126685235,103.5199450425479,0.9225636376222168,68.33125685739579
4.712854725531487,0.1387233141641996,100.40002644301849,0.8570647052539923,49.0640778680373
5.103136364464966,0.014146755315759308,137.71337570110612,0.829431026435239,74.50708779333232
4.985404294528864,0.0019456418306565242,63.26033677549709,0.8173058742795559,88.85249520517479
5.009839098623476,0.00024665469363953016,79.23244714598897,0.8483394671594884,88.4162005071364
4.772451399589979,0.016190619435449125,78.37623043922017,0.9473109284004383,75.02708658416813
4.93087978573827,0.0035637593516854443,64.58695380155451,0.9675998444751486,88.21152475089092
4.7227300567195085,0.050340527230243584,85.60960974227945,0.9723441691963843,66.69864672833373
5.267059523337436,0.007327414811823769,113.75538327593412,0.8540296547419888,68.58237114522663
5.310574800417125,0.015118965211296196,88.16705202968497,0.9321945865890684,68.92485372209092
4.446143641328572,0.08142860410309988,93.3399405602738,0.846070811982986,42.141750047881665
4.7211467419422775,0.13011216366864567,65.54890344239436,0.9245524227936481,55.688138077873326
4.551041223472977,0.08677369489253274,84.06948849679306,0.9774421986083394,51.18831429698617
4.80499281967793,0.018768951483630326,90.76602568824832,0.8081787365204163,72.57119861971478
4.974968609062892,0.01479048053130828,112.84800845094227,0.9970451335450812,84.93564628988469
4.565106434090441,0.012033571124532452,66.50167204163557,0.965417575491689,64.75953468241681
4.723442056062406,0.10922794444267932,90.89982508557723,0.9523324232587397,56.97899765395952
4.698812788375551,0.01172879739090533,121.73636060137781,0.9382725787423583,66.76126320860664
5.062180198819683,0.04637537452687153,91.09833428753473,0.9540547777827757,79.28414401869033
5.020803301110875,0.005058856847651758,57.68877171762642,0.9989190712081092,92.20247765859929
4.783478733998824,0.05785280009097085,125.58351554696382,0.9540382594225081,64.8532176600376
5.0530462616418195,0.05449701384480435,114.69793885076666,0.8703201569336654,74.57928147836682
4.83599597462382,0.009989166675417195,117.38794350157582,0.9227843705867007,75.37827653769307
4.918503466902184,0.05417073367800153,65.12432706509212,0.8673846032319672,77.81985732056093
5.502035627089561,0.0936586101273416,130.2491145169443,0.9940130886513341,42.684421176857356
5.402138315537105,0.025191461751634885,84.53447829777605,0.98002794656514,63.24009290655368
4.610125628921721,0.06303427106843151,89.81122111559537,0.9135240454925657,56.4417558733303
5.248919725363752,0.02164316375772676,85.94445668015993,0.9562547508986898,72.34899126447367
5.243418966347478,0.0218169268248144,118.93874363910415,0.9819373885943528,69.86719640340581
4.655521013374215,0.07332240763817377,96.40403294989409,0.8487200527313119,55.66689741636366
5.245633293126458,0.09949477974053471,109.63482065175252,0.915896371385761,57.69223081387229
5.4613795755237655,0.016007698851078337,101.51802045768736,0.8963432638505097,57.69113387215378
4.663236558126676,0.032052163893105584,98.0991599261416,0.9543182709685882,64.26281833039232
4.724749153695721,0.050195852074168726,81.06431872507608,0.8758165042667658,65.36546962344568
5.3052984400530505,0.09560339745707266,136.24281174615533,0.9417959279416384,52.55322136247331
5.0814485932476945,0.012305111300718236,70.73212742989541,0.8805986178023476,83.80607732308802
5.165442882571857,0.006971489688920932,108.24507948069369,0.8222149729289009,74.64749510285908
5.102176764920149,0.028653382428527677,107.53313184214558,0.8214242863216635,75.24655928273064
5.117208776278443,0.08420401382711436,123.0871257230485,0.8238112649106375,64.50438407513417
4.602058361506675,0.011491373429960813,127.76180064758556,0.8065039751864324,57.75369511487646
5.314195311986435,0.02774345407920382,97.25222801166449,0.9065946343193544,65.39343305415399
5.350876997728332,0.05703789041576812,110.60788611849506,0.934380536396747,58.01851869002028
4.9311827767795915,0.04106486923026127,135.2974742090502,0.825345680365138,72.68840240863403
4.986956915055841,0.06321957487033325,98.69646466155496,0.9223716000443224,78.31226420753143
4.540667749233283,0.003968776184659423,78.67133049869648,0.9195480156515824,62.36857578946009
5.1542764268053505,0.010376045496035522,92.31063774601158,0.8294188102793725,76.54431999825994
5.171617232514243,0.01579836115919712,73.90708002771066,0.8808165199922526,77.55883427233985
4.981342694900206,0.024252293010009092,107.43633621989446,0.9510271419541968,83.5196269596055
5.337306007961151,0.008027245311720811,121.2891241628127,0.8033512051104024,62.49566441149962
4.899776830706018,0.0063433928140373755,97.57917015864923,0.8293895767796777,79.86497543998411
5.16938177776808,0.08746619639053696,67.5807990109272,0.9991656748649489,69.94239747154094
4.694100698392365,0.09690081409308168,120.43301670115355,0.9467089794298119,54.00179770806053
4.992934354737729,0.06050108364544983,64.47402076868443,0.8928260558438512,81.91001777745484
4.9476937226291495,0.03637963655714788,69.08090444153918,0.9259602824183251,83.01579307838936
5.067592376612282,0.018843104931069613,96.43323225010562,0.9692441941196949,82.85955232098597
4.889141921349992,0.007587444306945322,105.03570491350999,0.9684609171107273,81.07604648582128
4.960558221298499,0.03546391925633472,108.44494997516708,0.8649402870922415,78.76821613378789
5.247814151432452,0.009364004153454033,98.67720895907053,0.8982582845090449,71.8239950853086
4.868970728828534,0.03152299403138166,135.20087530269714,0.9276110192997288,72.44192748072969
4.518026869778396,0.05364851030159587,101.30336682166404,0.8143793833029208,49.19158662535638
5.524875171261626,0.034728840027016,120.69336203505871,0.9891593198781504,51.012013914307175
5.4144362236071455,0.012341815208381176,115.73909128189396,0.8865483651324746,59.43961247677419
4.612321191468315,0.011459980348516193,74.14252535590941,0.8741724654515854,65.08947120926221
5.206912341573558,0.05198526483090177,96.60539025428957,0.9814200722899652,69.75533220132161
4.849107568834597,0.022696014876035914,142.46641026562037,0.823657329750621,69.76855746712083
5.079046164599318,0.11810341809492642,89.91298292119485,0.8078521594774217,64.7074623072309
5.088267238704048,0.019600178704762227,86.50758951286619,0.9370004824600549,81.85318956995728
4.929677659905104,0.03966894062219099,103.41151162954044,0.8770005936210209,77.02917921044397
4.764870300324081,0.03599639309223867,90.62960141479897,0.9528951617660212,70.4877021494496
4.792837684305122,0.014481762035407008,84.12590840995523,0.8137089223053512,73.25958435810779
4.725142425355627,0.01022033815753873,90.33433211404827,0.8767514287070773,70.47709016044354
4.750453337530867,0.0904522983206045,128.6401934273725,0.8470650424092225,55.53663700920852
4.979846512985193,0.04745633377791826,97.26762617044855,0.9479213065893195,80.90400422716539
4.785272003266774,0.006499646585173772,73.43849934490576,0.8454340220854744,75.7062037154493
5.204615619713786,0.0012237958795889986,69.76506923823672,0.891589066954871,78.39476785050825
5.446173846600778,0.005129325695284254,144.1360986410894,0.9637755102273424,57.322070690098606
4.825984027588987,0.06373698107901286,95.53331261131795,0.9830781070928939,70.10672537421338
5.071821350160613,0.004592618527343127,108.69157001930837,0.9445211587331556,83.02309238399401
5.14990553309088,0.06965767512270753,84.57245547320781,0.8858456823065908,69.81668484495209
5.141600681275782,0.017584016063282783,106.41971938542832,0.9143971749485467,76.51232827438876
5.022786580374826,0.05685130005639645,129.18659303203063,0.9379379894304988,75.94521065445787
5.222804725507917,0.12921153008774508,86.9547363251249,0.9749865253148237,58.054243830147215
5.144674685804197,0.02828339569236155,109.17173559897165,0.9777147969520583,75.71413187703797
4.628701273301811,0.011906761732113467,71.88507448219224,0.9861938982976695,68.4714326560258
5.260746819316782,0.03291013673505685,140.45732236733585,0.9621422197814764,64.61578248963052
5.266187251180023,0.005567091966038499,105.3707186048915,0.8293595871883334,69.24382101757037
4.771014168746426,0.005498479926690367,91.74412311295416,0.9495279066772486,75.25222395803155
5.011381350634281,0.04109136430804386,94.04251753427673,0.9629184747126436,83.00753205656176
5.204998697843321,0.09631079793981394,89.7992365097133,0.9755742855352767,63.78502049816287
4.937205854126192,0.05837545409086488,90.82189671753014,0.9849633789235652,78.09311104066006
5.321893414329804,0.09392569392867714,51.0500971530068,0.9018319627036895,59.52917058968333
5.709161748385808,0.032330955404675094,98.04068535806489,0.9310185390248621,41.41695403084099
4.764204190209505,0.03586813166276807,97.20242638788575,0.8019105553233938,66.79000013083441
4.585686619053868,0.027762302602913964,109.77323074520955,0.9145567135384868,58.29066294904375
5.091145578681463,0.03755456458383674,89.53712507116947,0.8946396762147879,77.83716160871553
5.216468751537843,0.08881159853177864,84.57927371717955,0.99246120893896,65.08143193502384
4.930740087846569,0.008960542510397298,99.8445011109405,0.9803418597205454,84.12271097755142
5.4359781989963105,0.0002751683277043872,67.75263763819032,0.9595207858866771,66.21518476498022
4.598418260083025,0.0466990398709332,102.86846375069169,0.8113988369040533,54.84136998735342
5.207875586909483,0.06891013637829237,62.76361480956558,0.8804057684566666,68.52269821686393
4.818241753772332,0.008157397543891085,122.41637297661592,0.939208444438912,74.41342718587292
5.515813371862189,0.013290115535727351,113.6853991132155,0.8059321487128562,51.807783420845155
5.597754605950436,0.026017930815346268,81.47628247151974,0.8471627583505603,49.02766094053115
4.770003023664995,0.07285295056782887,113.22276026676073,0.9775014380236258,63.49999156852183
4.835132859227426,0.03311201586716421,102.23028448507762,0.8259561534598849,71.43726379426086
5.2578763660939405,0.01320634758181019,79.8197953783028,0.8102747008677289,70.76998037661633
4.883860805063145,0.03465786126614842,59.542476855418215,0.9161171512569338,80.20106445346332
4.986376634620329,0.08767257807380593,106.32871366852905,0.989292923085556,75.18469846100705
5.007616526162723,0.019472178255957335,84.1143630572993,0.9669249479817277,87.54924434574765
4.424098053140703,0.06680767970641054,121.89939139392159,0.9949545009441911,43.133882111972284
4.995848676171729,0.05502976986385637,100.28067467763702,0.9507046307392499,80.48248023774659
4.793081667780748,0.02617287780845713,86.00834607005366,0.8874739548169144,72.80761288490922
4.852063153280068,0.034475670413672777,135.95677466180945,0.9893232879179747,72.1432269269317
5.433089601040645,0.05172904304521744,111.5289298520601,0.8853266556906624,52.80890760938595
4.623047931716223,0.025325270070959326,26.898269697917883,0.8700189232688489,68.29463688791466
5.243961556024393,0.0071348436951306805,90.27216462418266,0.8896391835534868,73.05764729291826
4.916311120900457,0.0659630545840646,72.31822015975153,0.9627947908764929,77.10828286797243
4.91607194945125,0.057292825904928874,84.00404124559383,0.9835387099697777,77.64076315617181
5.237111568815513,0.01076945027814751,97.10535202162927,0.8715364219919352,71.87808156702285
5.102015388370667,0.03788564619706347,107.08097017175092,0.8924494913064526,75.33712257715442
5.171183899165859,0.04553677748036367,105.22731484227147,0.9796654646608767,71.96902723698429
5.2904553981598585,0.03089747230675752,121.55746153129604,0.8094087329057338,61.97048376937994
4.900607485045003,0.01792319614654325,112.73196755017334,0.9567737388227703,79.21024770215679
4.816328979647675,0.028970786910757728,111.4949385825101,0.8908435516468678,71.3014979169332
4.67445484203266,0.013074948903002329,104.02984646266549,0.8753036702099343,65.6091369444414
4.752376841006313,0.07850961670352809,125.73597705451803,0.8893842583673678,58.58025541674514
5.884728327592618,0.019747956488823565,93.67446913618166,0.883738135100316,32.261422659507545
5.373403874221036,0.002160934621384787,94.19393462529618,0.9513237236375612,66.87870836375176
4.594677690137593,0.05628074650226221,61.888532940549396,0.9855895044488312,60.76148622783795
4.603262612976929,0.047606229236492145,121.12328087620071,0.8982911650893157,54.90831760730814
5.144559818515548,0.019020230296431375,98.4614848844169,0.9665467571565023,77.95816299929076
5.16417943921339,0.025875880957904832,158.67211412342544,0.9463889071424477,69.32841823401729
5.1646651505952095,0.0022890692041679685,91.88934616475085,0.8661361571112954,77.91051910941307
4.92351326193389,0.06190886097997189,101.7715625883347,0.9174627629053096,74.29656556831036
4.96236372199913,0.012138180398572392,110.93009907216828,0.9333631350031389,83.49534905300787
5.098363857247807,0.01705368227384742,77.96200054022574,0.8046998743780926,79.83791365759375
5.025767901887999,0.04428735737277298,107.17095427758456,0.8791911102448481,78.67754905794261
4.33420988817574,0.1253470091131593,100.6932286411437,0.9985276351694914,31.151771762845943
4.931060110827442,0.06442234651792772,93.92623620646324,0.9274512854140187,75.35665675959142
4.744578069721906,0.01556969468256953,123.45207917486013,0.8668488138583552,67.33099834061002
5.052563425672553,0.02015989953076442,81.92502564178689,0.8500048078801457,82.62980312345637
5.895577700781023,0.006242973016221735,105.49804226164443,0.8418963204201513,31.617014182943947
5.110244499642291,0.027499785175984764,129.09328582770092,0.8803282817930416,73.95759929815557
4.905941094148281,0.007637539353316101,85.86756488087403,0.838653138121522,81.39714102024247
5.276540450593176,0.01860744818559713,94.06228034615401,0.8270372364107057,67.7509724301686
5.144806366162764,0.05266841918979427,146.90609126943656,0.8728126568853918,66.17699916252919
5.126028347135552,0.033559742893449304,109.48782130312114,0.9213999385291587,74.88355437812054
5.182055177964702,0.08666052806900222,89.87605046714765,0.8292798364172257,63.67560179339732
5.616963069448863,0.05760231918094148,116.05249520156956,0.8088686547725721,38.91399153122149
4.660733469402225,0.021025086468383424,88.63812896817949,0.8069265636127384,63.764963569312805
5.142089623043437,0.020015930573253415,68.70168151679857,0.8534768504871937,78.67160188946978
4.722085661005538,0.007864065480727673,127.4472789053034,0.8380264581032604,66.16133110975801
5.166653793902674,0.03350422056738821,77.93881471737971,0.9078510720580305,75.33827925015395
4.724394046554171,0.07440462316042946,149.0342524999458,0.8911440374101799,55.222404817394874
4.874789955918475,0.01515782311279069,90.2133524907559,0.8649533228678038,78.49145509647037
4.911473025728628,0.05666960444593652,142.6652936312371,0.9667085668301921,71.25558285030735
5.292745015803413,0.0551609127428372,72.62657862959884,0.9009893985993053,64.91829224939588
5.275536333182724,0.036218298712190025,120.50987172532506,0.8183059984168198,62.35020799801195
4.626284787066084,0.036009940072058974,109.994525459693,0.8591528708147391,58.35920108348169
5.016480233299955,0.016669568545705903,116.75492451110304,0.9946678532393183,84.72861533382287
4.787126043575248,0.022955213702507037,119.36045413352521,0.9953954641516028,71.75614442881836
4.6224485267974,0.01622661345171245,90.04509715437656,0.8509343271094238,62.927096416837934
4.934894884872689,0.003815862297940613,73.82312315994002,0.8334472257589828,84.80794594685588
4.907455163463254,0.0066726347859626355,98.98164539321564,0.8991376292434489,81.53100263544826
5.728014945903657,0.012539682753423011,104.46060515170268,0.8962929836333693,41.91794999026427
5.129887947608209,0.01790819097499641,90.5631075768899,0.8820275374538035,78.10473448864508
4.586714749773729,0.008560782804030923,105.55107940319724,0.9058714454987906,61.4810885354752
4.830567798748717,0.028384576742978063,106.5925106234948,0.8464390757036402,71.84591186519964
5.30641498862882,0.004185173181757769,81.79947106912269,0.8229858683087374,69.26709496426963
5.6265328318609775,0.07793335116706508,107.89942563380932,0.914092291695287,38.2099306838064
4.5242050063286126,0.04540438572103933,94.65575952610709,0.986519599356475,54.90645855607965
4.436022684458287,0.05954229284293479,86.00038199593257,0.8275498553240597,45.18097604794493
5.561289552611535,0.04618638827069267,115.74750276447986,0.9409629448462925,46.63917722318188
5.116884253211271,0.05027719912927914,84.46017576612911,0.887579337476077,74.75093411084049
4.73951218043709,0.0017367484062095657,90.86664820190548,0.8587953179457608,72.19946010401863
5.1603887258367305,0.054759879365157776,101.44101700373312,0.9706218436784851,71.4310297182189
4.2092756782949365,0.020403337970556806,127.48623241308478,0.8912983389074364,34.573383538952925
5.001012651979148,0.019614567425887797,103.85568155448595,0.916662402813598,84.9447356681913
5.098346351852926,0.03608231182665973,110.56576664949336,0.8886112573879859,75.40252059763588
5.2772810418613485,0.05256096081299677,94.04714928007007,0.8162499163339106,62.39927676504078
4.695831214312239,0.015622322677328028,98.43020751247319,0.9189809373800372,67.94312245348857
5.0257061484210075,0.008346140397458904,99.02245532960812,0.8837681950076243,84.97882840231239
4.722372612182124,0.0008632682661196822,105.8661247203405,0.8173513212135259,68.97328044324594
5.076615126702295,0.01582946326267193,94.0806485390348,0.9191623468837951,82.00385499223391
4.731396103291093,0.035138818691015955,126.79999770952419,0.8019741864078456,61.972427351017686
4.877569748251934,0.0017410306433057084,92.53667522995715,0.8417040776509185,79.97344432864281
4.701255381562931,0.04666625153071738,65.85517729589264,0.9562139073810425,67.61414558219985
5.1953408725470975,0.0025014959824355594,154.8559320874004,0.807585484971747,68.57043974050372
5.257535334997,0.0635986235896276,93.45262618112496,0.9293364196110278,64.24955213584394
4.929613829012776,0.0036346138861785837,126.26339574182694,0.9899413892414648,82.40412586848635
5.011471398488008,0.03350792317534303,128.09581683919518,0.8342384916346014,78.16071576319055
4.5654225756099365,0.03335681482308654,118.90428624500764,0.883422372041915,54.699851129470744
4.910097005597964,0.03594187016902127,96.03945560805195,0.9150995394741996,77.91258503920345
4.984938614887477,0.06293873125430155,105.73369639748685,0.8900831677467689,76.88380092029006
5.786237927308992,0.05795064852910946,74.50979581390146,0.9240755372363535,35.16365824543098
4.666409892267751,0.03560931506392792,139.80295547636553,0.8808195050333997,58.27929082950731
5.439253171625731,0.09795911452411758,82.96388003634661,0.8297008258043841,47.24857103629151
5.299057632039743,0.017561186774969158,94.9219807451825,0.8178088719648912,66.28634342614964
5.084190921347041,0.04231967492695811,101.97972974080501,0.9488886312354289,77.3803931307619
5.52758614525854,0.03709930353463407,97.8512049032608,0.8477247899043809,49.94931106205405
5.111631641782059,0.03740476458936724,86.86253435413212,0.9694900625533447,78.39493462032507
5.116747758700378,0.000435005505081118,127.88678104109377,0.948605448764368,79.11331452339311
4.9840638040947365,0.015167304519092959,119.0055856697656,0.8098906368684724,81.06598673821313
5.367070664725588,0.10063901163485198,106.44094408651387,0.8402422234127471,49.040658430840466
5.328940770143265,0.014962203211453761,92.008938880065,0.8583985313119077,65.9863000479177
4.812296813751137,0.02299814288478533,121.28551743688942,0.918896449765208,71.5374646439656
4.604225841620369,0.09099222436865266,90.7106273444487,0.9619654000630278,52.77296210873996
4.939105808781303,0.03352567377332001,131.4078368067563,0.8120666510316846,74.41804680083823
4.759988430680706,0.06033013676790029,102.22441830966855,0.8499217903759622,63.32577930220972
4.980942627615393,0.04526945058660684,124.5956305394543,0.8752419524759443,77.11141606450602
5.371231440405242,0.038150142889172206,97.72359347632833,0.8366754309176333,58.964741413029486
4.862809503473963,0.09034037643664826,101.43066364081889,0.9090584195012699,66.25561576888408
4.987152985606528,0.021143380249898893,124.50842122917334,0.8956004958716621,81.51883989342275
5.017406820442519,0.16847547538728322,143.8785030360889,0.863299128410232,56.56240172995215
5.254529264661586,0.09336879941638392,131.20733635009762,0.9033773773840714,55.66973812051894
4.325933199804618,0.019830628481398934,117.542692387557,0.8711643128702228,42.25041473471601
4.817989911570411,0.021000690250080525,111.78566865915192,0.8686388134934582,72.12350056066656
5.063385107683842,0.05768221408167318,89.86102619480748,0.8530791050713985,75.62004090866576
5.360023686928058,0.059183023711335395,105.90459482210865,0.9080875868628777,57.092417482662874
4.852429265748138,0.04211681299880986,81.73901632006536,0.8888230788904654,74.43079394086958
4.437034188187438,0.08260795184830551,107.51564267369548,0.8392649568254448,39.864593383139784
5.185913433789841,0.013851552668281523,108.80101321387147,0.8025932521796398,71.93922479457298
4.809391283352311,0.0016641165711983423,60.78309717063617,0.830185908122584,78.83926796084697
4.643100002272892,0.0026568006037694693,100.77477218383414,0.8085669202997079,64.28134123341883
4.812696383086033,0.06291866159860636,108.2974979817821,0.8863197667276864,66.22062928174654
4.944642392703245,0.03825905201513231,98.32580285721956,0.8450193707824717,78.00749288985233
4.818576600638536,0.03456418328451282,107.16097677713141,0.884091066504945,70.89569219802102
4.338330182870279,0.05976171246285911,73.16555513287372,0.8658899746740019,41.33679808298053
5.26911985906614,0.08255262039269275,84.48271388879482,0.9076029621373134,61.173703250994485
5.382462512383617,0.03550344119375752,120.69876326327865,0.9447733657577202,58.55232406674591
5.195456597401852,0.03092844444368579,100.01143331291554,0.8958627876267713,71.5494499105799
4.658694298872555,0.10344040406503527,106.79757962629817,0.8123936121878262,49.57371160372471
4.939552539815745,0.05642939911318336,89.06957678582842,0.8035020962829816,75.07182676904398
4.998043605431163,0.0978593316188379,100.38988046553713,0.8426462332555078,72.01765320160052
5.179638316868573,0.023770456446233292,53.959756397296026,0.8849935022441707,77.96002692610445
5.200502146615424,0.044449476533002255,116.92023876841533,0.8089810057254535,65.79004596079176
4.779747860366451,0.10379593938046884,136.1586567790494,0.8655467609679779,54.91055025637137
5.024598666924068,0.04803806340027865,78.69964901570718,0.9774051415790305,82.996508404524
5.137184121384572,0.04001841447312805,81.19335624980863,0.818003804370434,74.00693100838429
5.43674669664403,0.03211455929011592,108.81759796474965,0.9897033019539148,57.890320550444144
5.211351961947417,0.0041739067497188476,129.4775858101349,0.971334355101824,73.17172479172012
5.236717006212656,0.018575543774480355,99.9580536523411,0.9663562312027077,72.34196731988864
5.025147988378809,0.015775638306137433,75.41363958374993,0.9727317021752582,88.03804503648102
5.4231377435610515,0.0177716550287259,95.82765526724253,0.8160100530505967,58.68342266631571
5.122928838787849,0.09679653485275483,79.40135839376416,0.8302336187957394,66.76932598135423
4.741673626947929,0.041451978378377434,86.62307414262447,0.8268744853122165,66.157803152101
5.421010991037557,0.013913137310818726,93.91917801693367,0.8222483621502752,59.70541938243592
5.209370981761708,0.0031898131666617847,81.41350823516746,0.8655422439064459,76.12876317391041
4.867086793661455,0.03098790419700716,84.4418855165087,0.9660433765901055,78.25370097028748
4.856152109780227,0.05167819614827203,101.49068000444487,0.8503924287262459,70.47617773865326
5.088972663542228,0.11646349983106413,104.3007162427446,0.8488443357984521,63.73893030450126
5.138955438580275,0.014861626925620017,71.52039332358066,0.9351777514841226,80.98494534366486
5.059187679689362,0.01270777835139052,107.92763445018674,0.8193850204273435,80.13750942945788
5.093392602032865,0.028269810506646117,92.36132273737203,0.8720559984723848,78.36095999774166
5.5099872123729146,0.021197319122463063,114.40523047105218,0.8590852613688442,51.96235156952733
5.321462945670466,0.08934799451366403,115.60995041375719,0.9694601728258843,55.138232497864415
5.0571906773795074,0.0717958104716017,89.10917638089903,0.902900255525092,74.94627525890124
5.282393174230245,0.0627218875570278,112.28295388075466,0.9292947128243882,61.005725281043425
4.690242828941738,0.04731994758336358,83.2608792060234,0.8258068676412471,62.50662703122234
5.119378114984043,0.0020728736218695136,126.4752412567058,0.985783652111182,79.59453097423005
5.542791904919933,0.05250815835183509,84.0172759828707,0.864490430825021,48.444342970242104
4.934586231382288,0.009948061406668247,107.05499217251027,0.9413677675686323,82.70482080605865
4.745709821414275,0.00820642677331614,96.2478171071144,0.9909252359831087,73.70534827780982
4.804373333422082,0.07243972198356205,79.66210971524798,0.9017297723232005,67.46482618272982
4.673110088797284,0.03546952212299101,118.01831523570618,0.9015070517467711,61.29448652075317
4.764571427561689,0.10061557639517742,87.71736382266418,0.8234498847116904,58.479210506392135
4.888847570422992,0.07987442700190873,65.99855670043388,0.8780551112846259,72.31093673074231
4.578329894246408,0.002824780475204784,42.3597327366394,0.9704929877763071,69.44996306536595
5.004685500184881,0.06975645983099342,82.49910611144058,0.8270213014197897,77.54591643150984
5.2706831521359945,0.08927876169707406,127.51816838597946,0.9835008261121315,57.28539630092391
4.727673145955924,0.08796926116153722,125.1547693500732,0.9334618828773313,56.618760305664175
5.4557851770925305,0.04831057954511131,85.62803195304936,0.8841919670118077,54.5273385876127
5.153237626558278,0.09546200099137504,92.51090170597242,0.9092996837051315,65.42134576130245
5.309174175687217,0.03910585852962589,90.70173848887954,0.8300993215473402,63.115483261381925
4.802649633844359,0.02803427490628265,73.33135709100863,0.8434966586275462,73.4906342581692
5.256357568119984,0.10073916271236637,81.02336256753314,0.8572816854133346,58.55096895745937
4.672419829881406,0.08723425866153076,119.6229903880157,0.8769692236348829,52.83713642755083
5.267074250250952,0.05256654759976019,110.07775742758801,0.9831043989985969,64.74487508219197
5.051551801938059,0.043660853290599155,105.46177717059778,0.8735138049930314,77.28186227292744
5.165975365995435,0.050819714526517956,73.29706776678283,0.9047670480772442,73.18415504616279
4.647321618312544,2.871694126296148e-06,102.01406428067955,0.8324052322835684,65.28556456223711
4.731479047317019,0.017244927513383954,53.923100610239565,0.9471946402104141,74.85358645519787
5.179168465476016,0.025115857729727135,116.85605382521067,0.9120561698133404,72.03803142572573
4.71549559873274,0.0033480112130540585,105.17149801474284,0.8879814915966744,69.67001427246547
5.138961887629737,0.0016683060665533475,73.0953509580034,0.9894372931116386,83.8912515986652
4.589858658061926,0.011765268481083235,132.32851114980082,0.9781301688283673,59.95648147314036
5.2544522638,0.026837325132423158,64.07670681662837,0.9319022544688995,72.93763980985166
4.630243005569447,0.0038009574649711386,110.60612364499205,0.9843624812313054,65.87107397454807
5.165689981303857,0.0451117360175987,111.10343537957324,0.9129563589866145,70.44062436090374
5.1876892800938,0.061116030664688265,75.20659121295039,0.9653874303430534,71.35832808023477
4.790968454471128,0.014332260294635015,99.24298618379767,0.8818920328370373,73.02181026243339
5.174607970125418,0.026577582008874785,67.26344315694274,0.8173488382695896,75.15751694084122
5.078132679000067,0.004468538008155972,43.07251367346373,0.9988297179058219,90.31110154954266
4.838347443142179,0.011380365009538436,78.64247546136683,0.8331263041653145,77.39207037426957
4.697433594777138,0.05926230053649287,87.66750115476006,0.8503020078517979,61.1959606477143
4.411212292498226,0.037823855233474604,112.88512361621584,0.832620677884968,44.36306046095018
5.104895014189908,0.05238029912835353,101.3481617012164,0.867495903595749,73.06435618114584
4.530559168591384,0.04467686471018835,101.87090918772292,0.8578560267452677,52.102050025087834
5.028603259832392,0.07193635297210915,79.7115675343283,0.920220449709847,77.9266037050042
4.920965535175325,0.0300764802891251,89.39977391917228,0.9992920028838569,81.79232273291066
5.203742832631459,0.04393405903254685,81.40146780261678,0.8105018110971137,69.25521062891103
4.90938635015304,0.02780453692284262,75.50051985940384,0.9556886226586644,81.95622093798893
4.901165664095872,0.054377535979624705,88.12601146025486,0.8255983848812973,73.6126760004091
5.219561211286488,0.05886148180660611,101.49024770192668,0.8039670049264431,63.92742038015597
5.100517408725235,0.02467904839890055,88.54722961151593,0.927715364023139,79.96668253596201
5.094846787154833,0.09934498285165456,93.52994661150055,0.9746630457738734,69.54771159728924
5.140780276942558,0.10302179110481026,113.89829621822781,0.8352597013296791,61.41527912249578
4.5393283630378685,0.012991103508732803,89.98491162618593,0.8683227569283896,58.77900023191138
5.227036603996095,0.07861374798040341,73.32066738024217,0.8337500408446155,63.92867564204189
5.183740638204081,0.015336966722911769,111.26907043202479,0.9813015138605834,75.17413993332757
4.694995061427051,0.00025055357253487426,105.31699297016569,0.8540720864836245,68.21186308239872
4.92677585789774,0.02647108384076502,106.57318996344628,0.8889425782812205,78.7574214670294
4.9882078137117105,0.002343990999877671,112.51677315071419,0.9789482552566157,87.26815796278188
4.95965096467948,0.021542474637846958,109.1328305461589,0.9105738407525343,81.64588044552656
5.10015798997056,0.014169051826006484,100.57457384942609,0.9865699601537412,81.53910464599764
5.429410034549355,0.07543372099778621,147.82905325704186,0.9852900829294078,47.84323611025473
5.324530018301848,0.09116324605328305,74.30062507396092,0.8923202039787442,57.27005356607544
4.606334241970578,0.013330483894418873,88.27165443022884,0.9164765225466741,63.882846941982464
5.186620997091815,0.04932447103456217,119.34668729356333,0.8460628547425875,66.3906578848022
5.398679995860623,0.0061921585156697635,102.85172584191149,0.9981071637602327,64.82734716202567
5.116042556206761,0.010800566994851789,115.15846068022478,0.855663332082359,77.01478215199128
5.32729412755579,0.04527694384516041,103.39512859073743,0.9566613975961903,62.36452586272859
5.6036811337102295,0.0304006611585339,127.48113102319962,0.8625938120310452,43.72279594190709
5.307112863832095,0.018458115932107538,79.84978288733508,0.862608452417957,68.07170153988382
5.074792578692518,0.04553380689294037,126.84919778813419,0.8207725853401893,72.4129061724982
5.313526542225426,0.06694544160197789,123.41992986408533,0.911979162159316,57.04418148295556
5.0434663499290675,0.011079702258534208,75.79421771539239,0.8489664676256419,85.12997124644941
5.007170912985487,0.0466608526975498,112.61330819775345,0.8296789515515238,77.90286552749346
4.89457572928588,0.1842059100643942,99.13920135526821,0.8453333389033467,53.0364038900338
5.469024007649632,0.059165211854435684,87.86835961761872,0.850218631412806,51.201314429350965
4.754471400217399,0.0066498119116484185,62.22761620564561,0.9008166912238972,76.06438443021008
5.4597103174034345,0.06345156377654199,79.78372657765367,0.8771846073111125,52.46496587776952
5.149959237122111,0.013777168514278895,114.16224280369178,0.815098056204392,73.82160733925015
4.580208147559418,0.06335784445500932,116.27682538521114,0.9072057165791723,51.825243978376015
5.110294787897426,0.02796965988881111,95.78579038847657,0.9575494903177529,78.75927451034018
4.369992047704513,0.024563594908378665,116.33970286286569,0.914847032178799,45.1779539833034
5.1876524050493105,0.01432090658846057,118.90520155788275,0.9949080504503541,74.6003605619911
5.265569444896697,0.052369066673154496,103.09279917252695,0.8198300416288943,62.29779422055017
4.822293213304384,0.116904744969657,85.55332752299591,0.9642304673516219,62.53115764754734
5.037064308786674,0.027076696013387174,108.82108225631289,0.9011385339794666,80.8552995247495
5.586247230125085,0.04800117881552973,109.73969415317727,0.9043190355090457,44.73740066502861
4.848275988721419,0.009357005862181635,113.4788878070062,0.9038199869299097,76.22151940185543
4.68232772388302,0.028073590675525336,117.3080654000448,0.8650637655815278,62.299093603278486
5.44449902073878,0.017414360471986447,72.75670856157556,0.8649110028480506,60.74045388567868
5.588776157159239,0.05438819242808843,89.80141509268516,0.9263689013284951,46.06243822353381
5.0011087015543545,0.06976514502646115,62.027573086243606,0.8089530170766234,79.44500918567768
5.303438910622507,0.06073653608108409,114.93992076710694,0.9177572090603607,59.54433705498347
5.4024427746592645,0.004718397260715986,95.75377104039168,0.9449181436421831,64.46865970014123
4.777254730238485,0.022479591383079294,108.6162814139483,0.8712652586950836,69.82702213935404
4.85440824938964,0.040393952544874545,70.48642503619683,0.8434713878919267,75.02618733586606
5.369262353946421,0.06788937119710363,128.019616993861,0.8426773825445809,51.712439035154745
5.505504283612553,0.04852923500599299,76.1132167076145,0.8163679306689132,51.10639467496468
5.168864258052307,0.05286496437919158,115.49126608764918,0.8179438638412817,66.74815052804357
4.736055693949384,0.12201732994532448,102.35900341785083,0.8333375736389186,52.29159327615764
5.596118333509832,0.00022575423208476622,96.21114444947642,0.8038345810106174,50.654614029862074
4.84070873065641,0.010756241140270439,94.59679786775652,0.8532470815048369,76.43434951166515
4.899458665648565,0.018485354961892773,87.2387398136774,0.861280365849592,79.69645003025407
5.102701350346886,0.011498501592784486,125.90392353801536,0.9990442506712262,79.50363639989213
5.466248126214432,0.133704678457162,100.25225668704485,0.9983375475312251,41.910935940479796
5.256192792965667,0.06701848443116488,74.6155693929356,0.837409769367417,63.86229820544003
5.124459650108573,0.057460122257391916,92.3207959593032,0.8426064316193849,71.53345169133421
5.138986559035432,0.09521064503426149,102.56678054405877,0.8983812741120866,65.09015713057069
5.01305440059304,0.07966211375707158,117.95610562890651,0.8297568667475421,72.06694567291704
5.167441854355552,0.005939376885585577,87.90760558965586,0.9008078816316384,78.28797927949623
4.241131976691709,0.03533484710149188,89.24446888390905,0.8798779409610149,37.84080346710815
4.9110177622790605,0.01925279602894629,100.4686425429481,0.8649245782099745,79.02477364230637
5.072396580475035,0.11862899522234663,117.46849639894651,0.964521034161955,65.40542693149037
4.654695774914148,0.019814509449604518,72.62490928807941,0.9656235399986115,68.35954994857249
5.115896995343468,0.027300530488786348,110.10709261983492,0.9975778933967453,77.89194931202536
4.938658633704163,0.0014072665496402369,90.71874939742688,0.8446176228163165,83.9289055563874
5.526642709494647,0.051652020230892715,93.51134836503027,0.9776554994287492,50.85560954775923
5.471905917564457,0.12958191275274936,140.03151490259498,0.9075691859347862,36.396590261656414
4.860258329264552,0.03907832895512062,96.0706155089695,0.9182918862664704,74.51252658703747
4.9547486865299915,0.031006459374388798,115.0938750061716,0.9792586428665053,80.70973764235411
4.977815730317483,0.06703503031901677,114.37827674406697,0.988526159275664,76.94638478230301
4.864502157152113,4.647303784533624e-05,76.39952171802986,0.9453622515401274,83.13045133244957
5.058507495208438,0.041098441071672875,63.092113495541916,0.8695684863870248,81.40694250492908
4.772515379333723,0.02123669897511814,116.41964184833822,0.8979335979337011,69.48212568759585
4.660815399518742,0.04934009253678276,78.32907615102962,0.923010772810822,62.875217931720584
5.186813367170081,0.0065479454055958775,66.71634090857945,0.9657280077972195,80.45193222404222
5.188858875266543,0.07800412561993066,120.52324429688396,0.9315895410755111,63.54731503283963
4.758705272102002,0.08808804566701117,79.61146532448814,0.8730895233375247,61.809753410370135
5.268606629228779,0.009337238036500585,84.54965048631212,0.8835760902720589,71.69957329760813
4.8105266812504,0.023836642969647843,139.48746310178592,0.810087540407855,67.30910892755534
5.075949571411394,0.029172711323611634,66.80529277236857,0.9848535720874272,84.08366118128629
5.246103203783737,0.05096746477173493,74.87427917186149,0.8176238026658987,66.45373619334735
4.989916230588886,0.020719099812213287,90.80603715052159,0.9159861581371089,85.52622831119116
5.13642227364234,0.02951054796714211,95.19486320331156,0.9743303762477644,77.3552025910124
4.845071106833728,0.007829676260244025,82.12509435764693,0.8841730499030015,79.00076653328243
4.941060024971571,0.025761993348600916,76.82689805354167,0.9600250975022743,84.11711464069543
4.938242170735898,0.08489700967675663,130.1998864886386,0.960763215927259,69.7552544623217
4.776026496037928,0.05230416206059271,105.2597224820943,0.8119692077172495,64.42937735932233
4.946967751065265,0.05506278197216845,111.70337488418376,0.8824287451461443,75.03688518259514
4.535414510340876,0.056153516206778914,97.25549646882928,0.9382050973374088,52.74039548930095
4.852653875857369,0.012309561105948226,105.78909897718273,0.8844707018137766,76.42330252410716
4.9145373519890985,0.035941352178976524,118.65803322219182,0.9090334496358713,75.79590396299768
4.923146074251386,0.03425868391678723,80.0740197090933,0.918891580921328,80.62039151508233
4.927550766238767,0.08344038281584785,105.29671993035964,0.8302458753462485,69.21223406583783
4.981470740041961,0.11914802161716102,113.92084626815782,0.882396241229706,67.27188135772184
5.1438324554258195,0.01564258038322874,130.8959469276852,0.8056926443367132,72.04792381093226
5.262355122239756,0.07704479885751371,138.95781959603522,0.8299252166390689,55.40469521016542
4.80507043194552,0.04819339668146708,101.39719593963522,0.9024508126752997,68.98451307405362
4.639039743383257,0.03998899588084256,122.77277899374269,0.9147171995877621,58.361101313249996
4.687386676327069,0.01403832232895134,46.596641332569064,0.8292468813183325,71.06272572339118
4.853839123641522,0.001559836740556566,131.0456581875343,0.9511238540424841,76.91428316950409
4.8944236046550476,0.0672970480319719,85.48232676558393,0.8745975775741985,72.51457794943265
4.769001180140763,0.02990284629425751,95.17805102024218,0.9841299857655343,71.81943847759362
4.611165000725031,0.08171779339421814,108.82208968734042,0.8775325446610813,51.080672958856745
4.863163751757743,0.028821276986579925,96.93115265368972,0.8299621952865209,74.37276219783907
5.054427986034192,0.06876678674443798,103.9290675913627,0.9515940917361515,75.05827790186956
5.17850883975067,0.04244713590964988,131.75385936452287,0.9135601600878658,68.01821649381736
4.832773084067504,0.10740677862621423,92.31559909308058,0.8773376336488312,62.17056101378665
4.8761006533569695,0.10413237970066487,78.26152366998893,0.8711914326864524,66.54385853304859
4.721990507345807,0.0028877434926604106,136.26927714597102,0.8301537947114542,65.86241709648134
4.990568248887567,0.14516189025347442,110.53528434009355,0.8681669254932023,63.96962147108756
4.7454714097427555,0.02122398349259554,138.44477950626927,0.8058688281956671,63.81758567396242
5.17193834397236,0.028133426720451275,117.27259821157809,0.9004803828151542,71.74603318873599
4.4642400524197665,0.011681993295528863,73.52811215973126,0.9793447483627472,58.336187902138484
4.8921110982642615,0.09283625526447094,112.90769343513763,0.9590661592430654,67.49178144753259
5.090332201757523,0.10035095041246406,80.32103868234891,0.8057042394408429,67.609406253261
5.055150354896751,0.09973809945219318,100.14863604879334,0.9762520652536465,71.24044148855954
5.807910099194149,0.03077537194066605,98.48571192784485,0.8904649657765107,34.86981637999691
5.104940007370372,0.008605785580904704,67.64672390733887,0.8381782930830989,82.41162519157007
4.698783620947397,0.02478037720562888,83.74379020876427,0.9504823910430775,68.84522947598461
4.971360725873278,0.028017652607105693,144.10374600318198,0.8645747100354093,76.9601152617208
4.467126099960065,0.06775510156355809,104.76754809682329,0.8506636846273706,44.40081964593525
4.975820075210971,0.009482119811154408,96.48807730674095,0.8322636813563096,84.12335243743722
4.750083182899773,0.003946028527037657,136.2578043988185,0.8973243813800446,68.73379388264975
5.2746170826680485,0.0005794379505612395,92.07529379861663,0.8186787999098891,70.60210596566903
4.835137917621339,0.031135803130048233,98.1715927606176,0.9571226258227573,74.76319782816651
4.964970225261426,0.09147598292629962,119.816057122457,0.8941349153332823,70.07790867116054
4.809332647578679,0.004845364015413696,91.985284027673,0.889395283363784,76.42253151691708
5.521655405555999,0.028522149936068143,85.06958521294997,0.8003707912963043,51.9228104808609
4.903627170164627,0.056343526187246806,54.92487169278565,0.9635727720617122,79.54506955374625
5.54976711304376,0.04770714632563744,81.27003373234477,0.8985674118076508,49.70224613144731
5.24424552863548,0.0107211762223921,81.07944508020773,0.8879789039602696,73.38872541969702
5.144620018200616,0.024818856155701795,103.1713339093722,0.9522769770568781,76.32837663480811
5.110619944195256,0.04737699100845267,87.79083468544448,0.8125797098201523,73.72876542487535
5.118139189464875,0.03641756687553889,143.1603802171439,0.8733360912190408,70.59969740344309
4.421698226196317,0.0831769505398254,78.84742139530388,0.9151467915107513,43.24354468148985
4.9163349817547735,0.09157944526070556,128.0129337371481,0.8921155125478376,66.28419899342252
5.253547391355297,0.01613901277222469,104.39505910255099,0.8363277779755949,68.65335425210529
4.985330844957768,0.029683500917408435,116.13548071424778,0.8598553015360624,80.25088351915129
4.578443045958927,0.05211391283355159,114.9203918947174,0.8600401115295266,52.5982588736217
4.984278664826759,0.007280707816437634,55.63528939375167,0.9983941605530454,92.36896798882562
5.511231654876648,0.04408069228440473,99.76894642046885,0.8652394237613298,50.04189069792015
5.374067514660416,0.02816278131460827,94.75543725532336,0.8410364125084598,60.67671644782067
4.981398797190191,0.05339590888194004,77.34043810617464,0.9645274306208294,82.43104630091958
5.2854347831174255,0.04295806579892791,109.19252074431736,0.8842342510007217,63.19563608869798
4.890047893889585,0.0350071208135518,134.33080631754945,0.8887727388974102,72.49417965753557
4.488838523951984,0.06696014258310236,46.53992712231868,0.9097778126991475,52.827853591404796
4.722660203561134,0.013560553756694443,89.31060648316559,0.9191378394525023,70.77722529089733
5.468866630552459,0.011935728316942748,75.08467671772755,0.918111120082068,60.93139764917963
4.917802075451209,0.08861394567232875,101.43555652475386,0.8068999444822088,67.77047591339202
4.926984806187495,0.04481908232644226,93.48757433700008,0.9637684865795906,78.82283832017514
4.910048541117535,0.033973695978727264,87.88645574485643,0.8389705638149676,77.49762377205674
5.571240976871902,0.030745828539954185,113.79013656658117,0.8584684255567722,46.90402196117008
5.487787674608619,0.009965139431186272,132.72362602114197,0.8346859040041351,52.65932408677345
5.66563407003444,0.03973220416783331,153.2263730351567,0.9534153315071756,37.847794499386424
4.952286436879985,0.037914990746638406,85.20741903062824,0.9167315985250839,81.26382766824217
5.088687346624129,0.022155115233143462,63.58248896363862,0.9510592305504103,84.01842763222508
4.545007235173763,0.038360474280717954,111.1839286815668,0.9306796810858601,54.441563721878616
5.4430803278354825,0.03407917025429171,132.20969470646406,0.8208317268838804,51.4989698587585
4.649666134619619,0.010906996710491904,116.27379934081456,0.8602999551702011,62.92253773992593
5.065032669128788,0.12786079437238687,132.12694079060623,0.9014530319180243,61.73528725571453
4.670809241710147,0.021830182828153948,95.49026658795762,0.8609890062862727,64.64478054531544
4.823339951978391,0.11071264138501374,87.80851120453744,0.8414607808812233,60.84186540812213
4.74882127068509,0.038519179905217,102.30871814802624,0.97396239381332,68.39977531678662
4.817637421797254,0.05866064697808536,93.38893625266223,0.9495567350430751,69.91138933671773
4.838263189055306,0.03600425662627672,113.26188042680688,0.8690440121108354,70.94984504891288
4.8355193615224765,0.07945648907267332,119.39535556006982,0.9530024725257797,65.33320222495621
5.250000173534092,0.1078050794846767,120.96167329143772,0.9255077236890457,55.24321480989012
4.668541162081244,0.0191089726976317,110.21185341608779,0.8007571467264794,62.24008141315068
5.06616242810416,0.003028301487977881,104.91644653350599,0.8760524052023271,82.60541254124963
5.365387745691668,0.03844904551062499,115.88853378501696,0.8580974998388662,57.882475050181824
4.846041090645981,0.07058199235591936,60.740161846945576,0.8435817243411794,70.97278488749998
4.78462433277572,0.05592058488883149,104.21141504667884,0.850317878814169,65.27458830483397
4.930842612445924,0.03115101514810816,101.04956114340902,0.9884729693151045,80.84240774650041
5.353917562508213,0.020524399133693774,104.2616079194311,0.8972634135983075,63.20539385947617
5.058232289286007,0.050002826858168994,98.24752907491538,0.9695417436448239,78.57172057951918
4.84063571161772,0.10199783409143304,108.63710986923232,0.8428434304305965,61.13162520503694
5.1451629953564115,0.005167836902473657,88.5079415693197,0.8348807599291896,78.3618657848961
4.669312355049073,0.04668132124082379,122.5904685890726,0.977757917662782,60.45265461116922
5.204407853132884,0.05272807026223622,109.47299554826948,0.8991409371564936,66.86183746099445
5.122582192310531,0.010473740518998131,103.01371715767722,0.9790304250624826,80.35324416900038
4.907657458658335,0.034568722811929194,86.04966858727761,0.812605770574255,76.92128765046805
4.748424260465831,0.03635376090266538,116.3063377041581,0.9832871044352616,67.48749981083948
4.733995723314963,0.027732427161831254,104.13319396988982,0.8830890632684446,67.128341193003
5.160445200903773,0.04472612460243863,84.89033212926167,0.8310740974843696,71.79681799216905
5.368694150746719,0.03652602280164806,98.86676915173523,0.9366765378870389,61.24630137751692
4.808807675891361,0.029868630271983002,112.58165238482479,0.9593805366588514,71.97761150737878
5.137516011065445,0.02568788417401387,111.0314707763965,0.8094749455162801,72.98220854265716
4.37389189441938,0.03158363420975305,109.74017935616311,0.9974391948837372,46.67073449575827
4.82461468080284,0.02361726086595909,101.85062783482154,0.939405377463236,74.53733648405913
4.990682320138729,0.043660638695669884,120.51639066603794,0.8642803983315689,78.12581230400086
4.72709497490545,0.045889987605448684,124.7559300762322,0.8302587591390782,60.87178252866803
4.719048087563121,0.09071340929422757,114.74645231351082,0.8785062829356429,55.631354287014915
4.799666133059334,0.06087672549226489,88.25097450288585,0.8441131321117252,66.90562435166625
5.087657818497912,0.06138287548675994,78.83876565418964,0.8988306447196192,75.62583589608471
4.943801294478088,0.062177514561106026,89.12120466056813,0.9563785416980655,77.51690085242386
4.328530630002509,0.03533949812307259,139.07313495953446,0.9320260777901107,39.1441211415384
4.36378995420948,0.08665596088590555,105.63391827654706,0.8871869809563458,36.00935091115518
4.817940446642847,0.03133552458926331,142.5288365505277,0.8237887849160099,66.59899015344877
5.137305975816066,0.0285207708796556,97.59603312825126,0.9914313844736014,77.55255019573461
4.17574854718243,0.026775900139589772,94.82372659014158,0.8540741050900974,34.127637252795104
4.8500809471545105,0.00886258934239894,98.51886926711853,0.8555669091750036,76.934919684699
4.842125643044774,0.03844586014541233,98.15651839893393,0.9291004443677064,73.52701660833534
5.416501333462534,0.02058258538426228,84.52698176264552,0.9541019244294205,62.55187249693247
4.884493456486141,0.026038523277568084,77.02303463666647,0.9968305530634699,81.39813649513601
5.114896695422279,0.011953266641600808,110.02673254361726,0.9938328521255613,80.18719206657265
5.042377142026239,0.06910054930607952,121.09801435194727,0.9827521048464162,74.63752974424733
4.36083005605784,0.0015385804340192037,148.89962601332803,0.88706271347667,44.270307966568126
5.230462164989521,0.04653245415103131,91.32574186617956,0.8333339319512897,66.72650643038189
5.064618951636886,0.018549950640936435,92.9468902627185,0.9168942406573256,82.38356609252105
5.152480591902377,0.0025766904319009833,84.57541411097965,0.8034513011093537,78.07614553216136
6.177871311930898,0.06970013941844234,122.51454858747135,0.8392497677990787,3.406240868614227
4.374766118150424,0.01788660007826035,116.29974909592529,0.800505879358953,44.18311975487291
5.517408994928332,0.01069258905171755,82.46130836250947,0.8361071825143078,55.82758476057764
4.913765744179893,0.04243317123813137,81.95603826054113,0.8949514246792513,78.16439363260481
5.086198671320902,0.059274129491478825,119.05029517191795,0.8786648622186832,71.6052280242059
4.9863463264096275,0.012597607701169283,107.66392302416816,0.8738593129853278,84.001932386692
4.872729099980587,0.014998607052933204,115.16777426022287,0.9661905727867726,77.92098897060839
4.829050121528373,0.09400915384409324,82.34463043322174,0.9349992609291355,66.10715639034892
5.098852620671903,0.04543816655246523,62.44550272179587,0.9872863525742213,80.75429455612087
4.544847890998496,0.061412702385758716,82.5006996663966,0.8890682181355345,53.010262498117
5.22517375025653,0.06847551181762361,113.75533460022454,0.8544459350951904,61.93163345384605
4.8751416785344235,0.0167844774940377,142.22115957269781,0.8245369076066712,72.25945128282339
4.660979198287893,0.040637030743740254,91.41072020944783,0.9344054791370292,63.11023484750834
4.864996142601256,0.0524273373816499,145.5171176375373,0.9683482176943314,68.85092053896076
5.377144765058772,0.02211315324824896,116.59639534983376,0.8367478728523513,59.12965903129997
4.839399473895133,0.028269238451193147,72.13935396582347,0.9757505489025072,78.42465824749682
5.107536085462886,0.015337159082117652,104.28067675622063,0.9052552403390667,78.92429814106845
4.780713117285358,0.10706918276433529,117.27948556823722,0.8288161264281905,55.630783594211266
5.227376554977086,0.16212968640052297,51.490342028946266,0.928572664980351,55.46037283800879
5.205652321637062,0.006070763812164263,112.88902315826763,0.9040105483074428,73.54155478027376
5.554582649988923,0.03765196242075005,123.45442359646225,0.8056367094625465,44.844538467156816
4.947330816350235,0.02487086715321563,107.97736248262287,0.8798486409453249,79.90845547867599
5.200596441427372,0.007015656827946566,98.76557578637153,0.9569575985885822,76.17445938330019
5.0294202618616834,0.021603523386639834,96.54146833997186,0.9110847506844214,83.56180395999426
5.388761534558904,0.034248399374023866,95.37355344616356,0.8564082252525062,59.12785718079593
4.784350283717381,0.036779863276276206,76.48040392465782,0.9857283526765099,73.61056419266583
5.223501593863184,0.04026200127745727,86.24952336190066,0.847555807608772,68.87676799257574
4.941590811164995,0.005983723910181767,91.6681190869568,0.8505472013865233,83.44202220240724
4.98074354686745,0.10891464250702652,102.26988692451485,0.8709278692560527,69.69898512866261
5.027525745334512,0.04224291102991612,88.86370484685867,0.9789075722512257,82.7037995857805
5.075672118928003,0.018086935876792207,82.6174151500414,0.9015250790851033,82.51539254949888
4.965131287063413,0.0873336500700573,115.1954171825169,0.9364358118451658,72.01700423194778
5.064413954951158,0.03865611985455047,107.41227943895711,0.9952528345020561,79.50057347089336
5.4734354172686555,0.05393367981551486,89.21540926420866,0.9566592593784728,53.715467252702034
5.295634905684565,0.09148383203649905,110.12556942975175,0.8345200237302187,54.217174385080426
5.260746377749069,0.015973619216896866,90.9368421262813,0.9576707858079954,72.01890595605313
4.8633381421928386,0.011255371034682635,101.2613005897624,0.9496674298452038,78.97920141429576
4.733227751531503,0.06715796005000833,119.50088109445734,0.8465233988954451,58.90035095285211
5.286590167471326,0.01955645338552133,87.92517813667473,0.8650699661775232,68.38000345377525
5.262814037758938,0.07668442490492546,76.55176784332514,0.9420256479726153,63.91383017384471
5.441801202725294,0.04624165278513173,97.09730833957316,0.8476786188135718,53.799521461026714
4.818805812209231,0.06826321921902241,72.73069967629075,0.8416373738005238,68.44854335808189
4.931135403391896,0.05604945767154598,94.4510298129805,0.9406945544260662,76.82949366000516
4.50815475124237,0.08091170557155981,94.38725041373087,0.9761190985639527,48.43618616871419
4.882258668181738,0.08613089206303862,50.726317521888745,0.815003336524424,71.24332125974807
5.298971153173834,0.024672924588317637,110.6127032748902,0.8891815470516226,65.08315273486572
4.86005138623154,0.03960222519342529,96.3462046663736,0.9214350440658016,74.4568298095573
5.192143938560247,0.023244805621421134,123.63792905543872,0.9352553571664136,71.3259570809564
4.9428490682006565,0.08376235064609863,104.31063959588165,0.9992391824749658,73.56031118503574
5.097217108466468,0.0392926164619435,114.71217140631097,0.9365383920633441,75.53263172335616
4.6556925830553,0.06160460091869731,123.80077506414086,0.9240308225994308,56.201403791087955
5.02556283489017,0.061030373795433565,97.36565834458507,0.9979468304618004,79.53404461205226
4.102659208729783,0.02870837140861111,99.98353622272197,0.8121336280756368,28.097615751735844
4.9439311525514045,0.11916867997112872,68.52913553219537,0.8148873792306197,68.20540118880783
4.510858026885458,0.03157642401087596,124.79075490468483,0.9121365052848168,51.678672626723944
5.361798354964045,0.05269463051355121,97.0860520055689,0.8717329228699182,58.11395738196609
5.233222205829353,0.05635603976678778,79.88538899304037,0.8193395027494113,65.95151284090484
5.140001294589824,0.12588650015042824,114.79444972974855,0.8612897792185581,58.4632979134426
5.456301868147814,0.041227847011254495,56.40437616071496,0.9348708974815289,59.49469119300207
4.715325043752549,0.07124432163829653,91.41451554253644,0.9761229927373261,62.613862679901345
5.5242089593746675,0.029738585896584773,118.16622082423682,0.8188648953313109,48.64735037723477
5.279657469278115,0.010949440142384134,91.2455629606819,0.9080290124968209,70.6141597758237
4.929033413834317,0.05943770219427236,85.64156098102836,0.8592231129592844,75.44665566200099
5.340686044154883,0.07137763568375786,91.67690405774098,0.9334652326587612,58.35380624554446
4.66811194627651,0.043564212455705104,59.80141471062852,0.9098902988915014,65.76974941500202
4.7526457515416975,0.0745236084528497,114.30956863566067,0.9853422012044359,62.25609098509706
4.81742308302809,0.0722490247566597,97.54227916046173,0.8075367773899776,64.60453889993983
4.841306687580795,0.026897670442244625,94.55350780010475,0.8940074549880282,74.86854900826113
4.683032707171924,0.09993237967955552,94.62662767181918,0.8385519110701418,53.30048093260306
5.366924920128597,0.0528428814124019,100.28159596929169,0.9073563417328492,58.17703981815169
4.9223436798890505,0.011238629138880771,113.06874741344133,0.9707158688133686,81.76226905743415
5.105751490507064,0.04395013120459944,98.95872917601503,0.9822633055572118,76.81178408242897
4.828894590075896,0.022678314235130326,72.76726903640375,0.8796463326434404,76.64812801851262
4.453819009835445,0.03319095428396705,111.51032243088135,0.9623561046531651,50.346587297506794
5.0810172075174265,0.03205380394016476,109.97139382008453,0.8561016149451011,76.45578987482327
4.426323507374067,0.010646286503863971,104.1105399643292,0.8012609892638362,49.59663325570824
4.97940978617436,0.06162002692952799,121.50482613922638,0.9710478115045937,76.79205674720163
4.589505488350157,0.00858196036711804,100.60757352825918,0.823882448481323,60.499926862742235
5.596182799769243,0.031577053440690284,122.22752177978512,0.8035222246725897,43.340166313215185
5.273408816652417,0.07732359387439514,128.14422042956792,0.8707595326735897,56.59770053021074
5.031726137381444,0.05953431050129203,111.64625771048965,0.8758759979249915,75.51917936937042
5.379112003296401,0.05930086454071043,85.04132756244125,0.8154440341544545,56.16289804795437
4.746105206760279,0.03745898011083901,97.38428562995118,0.9628365292968942,68.66576741193367
5.1630438136010275,0.046239628775066086,124.77712068116747,0.8811185460416667,68.42608572039504
5.059943130115614,0.02392493954847524,70.04744267860985,0.8979847227539189,83.76962144800927
5.079206024400101,0.044070748988901315,92.16092663642783,0.8529250535905664,76.47943459582731
5.38170605003203,0.01641468268575158,93.14070327106512,0.9023013504693196,63.36739127749532
5.2197476308339406,0.02521475933257949,82.69578799292532,0.9533462781234667,73.83027501325346
5.086617098847507,0.05953088594199886,117.45757899837574,0.9812365431001033,73.75231414001428
4.503533769131511,0.06072677298476621,107.53630142081553,0.9941059201470299,50.231498461034796
4.711986111416161,0.0751313118215721,85.77883286799016,0.8853447849202728,60.578482323340296
4.963187319921283,0.0214151269788445,112.11025840471679,0.9980067717536918,83.32807974305244
5.0280117122829955,0.05298933359589994,96.83167530663565,0.8589911423445363,77.86755253986244
4.660938882597823,0.0031314638296445346,82.19610853555315,0.8013951870570121,66.99490626900764
5.723503002673526,0.04275878349344122,85.74163179514265,0.953523408779527,40.67230731164852
5.454918216576072,0.007885595091080584,108.7210214955188,0.8356871297082398,57.36370818638651
5.180635496117745,0.009487962033356768,118.78019757043677,0.8104909676247726,72.07047552338356
5.0216110583851234,0.08500882634065697,90.26463534090428,0.9848017845195398,76.62158470209441
4.936337309029654,0.09524285862981442,110.88882667338024,0.9583621660993974,69.97217040195702
4.714424461993329,0.08184359467591125,131.63508315154965,0.8205329603076513,53.83607940921112
5.023244155555659,0.007214414657774285,74.82258887259493,0.9553820304768667,89.14857019027215
5.077325762042825,0.016094549494360524,107.11339745677247,0.9687999394853992,81.61093089730713
4.627471827355513,0.00636816688600543,116.61311382590816,0.9810603330365142,64.65297988656943
5.10025292517347,0.09714440527695593,98.09700366802339,0.908738813493272,67.77823960111154
4.953422285352575,0.04154892484026297,124.76566421711294,0.9406824141056191,77.31008025551616
4.427657732636783,0.020586818486096795,143.97674076522568,0.9524478557922023,47.22272422461394
4.74188449676615,0.046371932592999834,106.86710696772606,0.9377277870312214,65.62512496087083
4.875918339973507,0.06055013839425838,95.32820535444002,0.9293667240611188,72.52709358505001
5.566306297202057,0.025994908522307684,119.53965615323914,0.9095118505555767,48.35865728531806
5.1669659373601275,0.012591073325088544,116.84137720755803,0.895839090839114,74.32602685565554
4.599355529270032,0.024333251734218738,49.62338090163631,0.9992250039129661,67.33350598416482
5.145810886825291,0.0207795885609575,99.94528887817773,0.8675121560844313,75.49012274020974
4.53580880331849,0.0025068668461781275,92.10801066521772,0.8176537540889097,58.91477218743911
5.324807316166122,0.052479066582308664,107.93411383027833,0.9530073930007256,60.906437519673084
4.858662604454636,0.00286411115609278,96.12683439412419,0.8427648755738989,78.33275366592983
4.971909143378249,0.07392130972364733,98.29647815457997,0.9065386719237412,75.52747776716467
5.397738994262657,0.02988788913296774,82.73574481077837,0.8191603033201141,59.7621085596199
4.613850929424725,0.042596113023672624,114.69058436848975,0.9238567721633582,57.44971581835079
4.5808645444661025,0.1163172702860567,133.10084442937463,0.9888014807806444,43.87022729773307
4.824920202096198,0.012897906383275568,83.0465610156993,0.9445409425213915,78.14668891713845
5.311513655305795,0.045545600353607996,72.05889953706054,0.8429069556453227,64.1295897878115
4.544196177356947,0.06710269708859153,100.40006439654928,0.9942276090577722,52.43091181962862
4.150353320566829,0.07375517269044696,99.42688677929472,0.8614173862049097,25.243582376611418
4.8646523424773,0.0029347742669970367,123.41865572240721,0.8873229972982709,76.84351878231315
5.165522239973276,0.007314513246680076,75.41610095242936,0.8996234040745602,79.42234660084969
5.360078524921649,0.01203991442066802,89.24089649951804,0.9981437486746946,67.62808666514294
4.86105159137438,0.07064714423348907,57.04593521466294,0.8137782801438367,71.63699592884991
4.8765720178651994,0.01102350830120398,127.49967272423646,0.939345658887114,76.97774073205001
5.346170220276724,0.13720268894163132,105.01089256646728,0.8723861751385472,45.59601768827609
4.439077490091374,0.02668802870271146,90.73134172038407,0.8156650638204879,49.58161220444707
4.8834437674450974,0.07308923834791606,73.55457042817648,0.9870063315265714,74.42790988223221
5.0571271669775175,0.06026199289522034,75.39047883645497,0.9179716638286131,78.35345643999267
5.13476561638551,0.018177633987098114,108.28533799582783,0.9507036015177551,77.37295614957698
4.8470579920427355,0.009348549301023166,77.8514990879858,0.848077087114256,78.5975889608972
5.010332303511753,0.036598196428327685,102.08010846297138,0.9523081845258847,82.72848516926624
4.2535017939761035,0.045504936560363654,140.85889722270062,0.9656950880046433,33.612379192334465
4.802525476299845,0.008629302406326363,93.04824754110359,0.8861658794428953,75.2756260517893
5.13605261376634,0.028316943297532794,80.77111112051242,0.9143912945495931,77.80001645833028
4.705311789723596,0.0818102489129798,107.64014410905526,0.9943745069859109,59.17064577528147
5.0176952664768795,0.12349738695348395,75.48416518436545,0.9693459283415518,72.25217801675913
5.134061750240809,0.06271846601747107,134.39969060658808,0.8889700122136329,66.88795626654465
4.89723523974267,0.11313798431901412,128.07239337056672,0.9329147717511692,62.714472834674815
5.051139131298971,0.011468710560322792,96.71656762092712,0.9568462953605026,84.67661468313067
4.711180230414616,0.05509411260296469,82.0541363715156,0.8048657641156497,62.2985985795937
4.938016616091186,0.08692597542906362,91.48460254449279,0.9176731973250541,72.44710434316343
5.183064850876767,0.024816666648599797,94.08668775829143,0.9969057226825417,75.82305462792569
5.04709188829053,0.004279505602250464,107.6713426341413,0.9894361299652663,85.55414919812182
4.82404061913082,0.10689523809176252,120.79264658602233,0.9664880789524889,60.65864835453234
5.067264921287238,0.028754942789347,79.26974738482821,0.8212428186261371,80.14874493840357
5.214382937190986,0.04705650163278553,120.21819130685489,0.9988082905032303,68.03289520300214
4.385017616426756,0.09639907868197557,112.35371225622596,0.9219076306275898,35.84397657023825
5.347722219486769,0.07983816124902193,89.84421018386787,0.8445816498858981,55.06815462277173
4.899123578395678,0.04160601219918847,78.2657620864598,0.9348537379228633,78.57701142367371
5.127646979972069,0.017714462267708626,102.32465434585136,0.9713047124159363,78.87764067525315
5.359174077093568,0.0019262252802490984,78.80823032595832,0.8224655521695272,66.72910959314325
4.58849789083086,0.03409744369045256,120.47361698325211,0.9832876286578849,57.81364777111621
4.787167699271736,0.0989903478700775,77.52234455735591,0.984040856283799,64.31009244573292
4.913435391237289,0.031928306307103804,110.95412386326288,0.8026928812462636,74.97532276677073
4.764873943662671,0.1283479633623483,98.38767270369836,0.9800638243326789,56.40275133169177
5.520480972751042,0.02489709928201152,88.78750231249597,0.9893635836480312,55.945098184346755
4.742968371851962,0.019015962283586534,97.94336987361419,0.8075383593960691,68.08213816913971
4.83333596615394,0.0013470666168042232,121.59966339268404,0.8588332647016101,74.81479693147955
5.061316709480893,0.03425707715811664,76.15485182012421,0.8746215013632254,81.059380702681
4.639355142177173,0.012345813349517228,91.75686889616367,0.869778094413278,64.729311526852
4.881295786473121,0.04086646508302198,84.96512870625624,0.9518006474540378,77.2872775043891
5.095235978375053,0.0462115089976015,99.2276573290257,0.8716208918447734,74.86376705184952
4.900141878685247,0.1285226089472278,86.30638214974691,0.9913157619789484,65.92579840363493
4.971983942330016,0.04322337348617799,64.63837515226771,0.9989985250609477,85.35166350286643
4.841200366265489,0.07750684018398081,78.89724906135275,0.8633637741412493,68.22354652502192
4.54565890724577,0.023304712314948794,132.75510037076225,0.9017601506413014,54.00352056325366
5.096477963401772,0.10390278002262977,104.93456422572545,0.9115411680600015,66.36327213112672
5.526479921494173,0.13992246427940347,104.24724107616154,0.9158805659934124,35.31572228069121
5.005520489235032,0.046554256548797496,94.34775219982724,0.87484179883906,80.74769292037695
5.067579235174265,0.029632950772579065,98.96749151781661,0.833198700391766,78.26752812971088
5.2078168265350575,0.00744025113885842,91.4037615433724,0.8109121083462256,73.49281874965506
4.61920085103599,0.034096715160258105,110.5385706208213,0.8212697331299664,57.409081388637894
5.510754397438881,0.0428249017625323,102.01617708518746,0.9802582475187682,52.33454813114389
5.060698638926841,0.0549212567192186,76.57463579682769,0.8560750013241014,77.58392960330603
5.489557069726732,0.04300988406150205,105.07449006208385,0.815364596642209,49.974936133806544
4.780090101342803,0.020349245812796936,50.82516153456899,0.9247059399088706,77.16462185336916
5.545418576767347,0.01180992206010643,108.27718399355571,0.8150614302522571,50.97690729063275
5.232546648210435,0.04005691306321148,71.81286286326957,0.8140105879338049,69.13758962024133
5.165912025755707,0.11274936787403284,98.07889827659848,0.9243141011742443,61.81126546937767
5.070207336305945,0.07099643027138774,76.10744793607623,0.9182790488397061,75.89293146412166
4.925441414577665,0.046735197481809904,100.05646399066194,0.8082954573899921,74.67646800112205
5.360159497542162,0.07147834619113756,111.56557038552444,0.8920955668873898,54.35403251799502
5.042107960954414,0.0014467985549573743,130.05654170499162,0.8871536615812069,81.9939216206165
4.409879088923854,0.00541325730416602,69.17284689977043,0.909337825940511,55.050228568639525
4.6648440614879,0.017389255218299097,119.50945911342271,0.9475689420873575,64.28268833693399
4.944246274342176,0.013735668861528105,102.62305410754944,0.8565600095124388,81.46332091079519
5.0929996949496665,0.0011002948354540097,90.98665694350751,0.8865560567167621,82.8874295176864
4.9830234533300315,0.08041373703260697,115.19713010118919,0.958548536872193,74.57060437223578
5.365691236938099,0.0037661708841094446,95.28150297829586,0.9845112780921137,67.65567541511032
4.414669440788413,0.020136085811245822,114.35061032801359,0.9782645946099756,49.989984435016055
5.043076380951548,0.11712885894153159,80.15460573744011,0.8955261904188083,69.74115153630956
4.454606232383854,0.0025687615540671803,87.34005935407416,0.9041731594004204,56.24051696252212
5.22791368864525,0.02767642286251755,118.87200105589199,0.9058210884304319,68.4029369149268
4.9716623856674,0.042566141237170584,129.70801047140844,0.9737431139414969,78.41888318615749
5.125882991607235,0.036834655946040754,99.29936201694301,0.9679879013876002,76.35164393771747
4.7408351118230705,0.08177418847515346,44.2542214928844,0.8623065057090691,65.00468640300416
5.383839479497325,0.05185595202056138,96.0190143478309,0.8325699378844071,56.24073574998132
5.312517399217655,0.0979192005940391,100.6485223564486,0.8757949122984203,54.01212196815839
5.175063290903566,0.013961096860905017,95.34453246613656,0.8576812766498803,75.02121030303425
4.961144825940968,0.024956289623808,106.72677123331061,0.9901561449629819,83.05569188881546
5.17395718558854,0.02196778774970977,90.46180144805356,0.8531831358877303,74.28488327518039
4.787932229603795,0.03319442471750109,116.77741721356054,0.8362413363453871,67.34385507415423
5.256666697706214,0.052730737428858046,76.66573454537917,0.9798958125118431,68.62173031899741
5.494844268297176,0.02554181893461112,124.73697414708282,0.8172957208712143,50.35028806469377
5.321183167993756,0.05132319557118725,131.00157647922185,0.852053210285292,56.971437142480184
4.781119259057777,0.03791670355984607,81.73880523879384,0.8878222388001177,70.76221426161271
5.108425195181931,0.08643245622592599,81.72800348793875,0.9190214756319364,70.73724901904012
4.612057536872405,0.07257934171452933,108.21390627555056,0.8655345792746613,52.32585191310308
5.171717093352703,0.06092743582199993,76.25559180514222,0.899246799384201,70.91723583270766
5.135181023858761,0.007341922759739137,90.1479425779536,0.8397662372861213,78.5683806424405
4.439055098140351,0.029392903681612046,122.0505391291203,0.9148548240450971,48.02641290416915
4.651464846826291,0.08354228105377741,114.75213528953925,0.881563361655932,52.71260235567554
4.91505833097687,0.03638131086642075,139.60392683379177,0.96985193745369,74.88294929434372
4.909742075857752,0.06360450977668919,103.41568295200416,0.8831468266777305,72.36521632331592
4.637156919374358,0.011687896383958478,87.78323995443628,0.8887630835764101,65.47316838095227
5.116693618805655,0.15398143469500014,101.02487023306041,0.9184349978684825,58.16738060147427
5.075442082682153,0.010225693027989754,96.9882332118273,0.8246340008153883,80.73347777999737
4.941719260406444,0.10722477746799441,97.2688578159373,0.8313590353412562,67.31973392941887
4.773262549952491,0.016931697995004356,99.52392583808535,0.9580475494454481,73.06455670299925
5.314612137924969,0.0627255197456373,81.36466582307527,0.8546837558279095,60.671652296906956
5.496622133926489,0.04414243728740543,105.64435509941286,0.9369393857856912,51.755658577072396
4.854931554846039,0.03573812807275818,71.82673464482818,0.8194853939954405,75.1422084952746
4.8163499248535535,0.032566090711961496,85.66346784183771,0.9643693320636026,74.81712174150726
5.147362299623599,0.026110963856735742,97.62242473720366,0.9976456221837915,77.43228741402916
4.892591186075904,0.018765117845750388,54.80893374688817,0.8747381890415569,82.75457389383402
4.95818083980103,0.03748739076239908,115.37983072689835,0.9011060203829794,78.35187910867171
5.221895945517401,0.10353316414397004,58.93690980304989,0.8885423959679605,63.03342558641465
4.4271931737478125,0.07265607262619014,113.39175381796356,0.9788375497278047,42.97075514369997
5.3954906974558,0.0047248986907488764,74.14381420143675,0.801986807539376,64.18717807968349
5.021804157298803,0.046587374219908814,91.90162618593001,0.9306918642327673,81.12731909514784
4.876552056631346,0.06705332757259654,110.38261293898859,0.9304736545607066,70.10633605930656
4.973229753733565,0.018819101029077183,143.96279038958966,0.8764770016595906,78.70418106388519
4.988728806506155,0.08080828883911272,102.32903955414699,0.8438667284234029,73.84691567755577
4.480639608966523,0.04189761314898778,60.34747343600984,0.8479365362830071,53.47771794770234
5.448481468235971,0.019924274852597696,119.07390265271547,0.9600928242427782,57.3969368975361
5.012397689681186,0.012363502750992194,95.36163190281964,0.8132206192749919,84.12986240169788
5.1329006391342125,0.044135638027806894,101.39813308917647,0.9127648292548718,73.52109922395601
5.285464931172212,0.0006765629404665123,111.15726059775228,0.8613681205956532,68.88225604073511
4.69365126273191,0.022628629437324976,55.49244086188572,0.8530495624936641,69.73652851200056
5.142041569710568,0.050495456132732194,100.13073695470392,0.9011475331062072,71.91306436410983
4.919707672730362,0.012775607927778529,91.80612220094609,0.9795723012559534,83.67695297967938
5.254031232564948,0.021678382403450304,124.43669812011038,0.9236183838074662,67.53506654972385
4.361831773894552,0.07446899180773038,114.54227526677485,0.9577221255510647,38.239772646857354
4.970271709927619,0.014306169613212953,67.45996154436905,0.9201367558525761,87.72711611628984
4.819153803264811,0.02075169627708953,125.25251704698097,0.9395431559745482,72.3020851691181
5.129678885190247,0.009982475572546598,108.99050176320422,0.8864815297586591,77.55247597155598
5.141013256210461,0.04153699669909254,69.05516805093563,0.9851963270416368,78.10706485824764
4.787712231553392,0.0374913956340044,101.11506206985545,0.9003878040878323,69.53527442287398
4.786347840747187,0.0650387565895279,120.69652227711711,0.9103549338453526,63.56250340559735
4.966800389432801,0.008956441850343808,75.71912254853211,0.9049931006509699,87.19250684658265
4.731007331805437,0.0028908484795092844,127.55154671690835,0.8632378040329838,67.93641404536868
5.252595108635638,0.059606869957273476,69.74742451744949,0.8462476871198372,65.8534742789225
4.889237839865766,0.03261065016814317,84.17545646706031,0.814766992823111,76.34046707648066
4.127903534203508,0.025310906309634732,81.14258329220615,0.9436349964005097,34.63601770455485
4.887553383013458,0.08532770338672505,127.53867463177323,0.8578550526340742,64.85728106230287
4.688436853746809,0.06492252842001255,90.17967726901607,0.8778395926391215,60.10665608768746
4.5106172553617165,0.05921423766318759,76.74365994678004,0.9839856325452425,53.760246328451714
4.628772008533228,0.04326060179990983,108.90421757828123,0.9132894698823748,58.61259788182658
5.032822541549891,0.11428942582427636,113.22361981185438,0.8194156127807877,65.95318390779542
5.398592248474469,0.05722998634528116,113.35072189588263,0.9599223825647699,55.36334260144681
5.093955342159494,0.07761253259363743,94.5732166954798,0.8512261198218911,70.28800030827459
4.818048983535278,0.015918281999437803,105.09068602073896,0.9105411685292365,74.39695148071185
5.136771258551211,0.0016698715080628,86.99533827541428,0.9019962949727981,80.88363583263246
4.862272906934303,0.029269832823388065,133.4960335587146,0.8476157684703762,70.94861150608601
4.791619889251057,0.05159501695789065,122.88410317315864,0.8231542069589163,63.93261463324227
4.653691199530105,0.02522002511654348,121.65913658081351,0.8422523212989936,60.117600972223286
4.474451357974484,0.020789386258428615,115.88231869147091,0.8194675599127932,50.14979286881353
4.883022888032166,0.05248024325564429,110.39466611990002,0.8551256037904202,71.17238225740175
5.047416046976039,0.06536714768247999,75.11275031700424,0.9994595021474929,79.82788004031508
4.971012898995533,0.009211454659604271,112.66602472511296,0.8804184530482766,83.22082232924559
4.8752099216157925,0.17203434770797205,102.2853046012664,0.9727776782670021,55.93446624596514
4.716276181790966,0.02840064822946405,125.26728169901838,0.9098355384258123,64.38645627165276
5.1824738575054905,0.07739013958798764,116.14838364764856,0.9333166158667466,64.4945415640425
4.6048604240160245,0.009297538435690606,111.00760940306043,0.8312695939501112,60.42162561430406
5.232808374153042,0.0454522572398572,66.31550404939688,0.8549611734843952,69.68133202958711
4.699334894321982,0.05271778452981088,98.21998926783058,0.9020886846057852,62.27220074517994
4.774269428794089,0.07644783675914738,88.84215480192688,0.9762286868453681,65.62934847048794
4.559964442815297,0.009987308659361215,105.04731848366147,0.8085776071769881,57.76659056518727
4.849579355934309,0.11944423193774266,91.68903457114712,0.9013839919131442,61.916902946545314
5.292593737543394,0.009466828229259018,94.48108447813388,0.810202442501686,67.78029191522788
5.154688426533187,0.031711020679978,109.18067809813408,0.8913645352898565,72.87126420199583
5.29352663360841,0.03226384661088037,91.35723772862448,0.9257736318665274,66.92857385633144
5.156642763780181,0.03609840599747077,102.43183079148025,0.9489446382856614,73.92238296013373
4.6688990514408895,0.005706387251043969,69.61176218251387,0.8277064010521253,68.87093680158789
4.900763232701733,0.028075674961920365,83.35197046479882,0.8333150566922697,78.16554680518144
4.7659402612647614,0.0016060521564709891,113.12087134405921,0.8940129843383582,72.28368040477629
5.399172471211712,0.14204619827282675,75.39615766607051,0.9996072915958147,47.19525205168249
4.640963406072107,0.021931183679976537,124.91450155205995,0.8712093671313528,60.100863999750985
5.268109306816733,0.0789712234070214,119.48798710602642,0.8855054854725821,57.82906907879182
5.267886161032631,0.06282299065743933,94.63540129320427,0.8864893485629103,62.769628581364046
5.5488860605148265,0.019306893274786432,159.9746821100493,0.8161401642714191,44.4961374523159
4.877094022211151,0.023260452692612347,124.86207155696587,0.9548344290579991,75.74705485424059
5.213696647874048,0.018412766019588505,81.0144098658853,0.8506203048852216,73.32725133573473
5.684495550961653,0.005898364960825488,114.92348107400096,0.940733411376584,45.367832318308565
4.814707496919891,0.06928706409731315,101.31726132639514,0.8950179757671182,66.25802358329936
4.539487925740292,0.03017327128996453,84.46575818281178,0.9223559484438768,57.84382800151919
4.435996989827671,0.05412382576818213,78.60181713667582,0.8107943272989993,46.396950356745336
5.213813608658399,0.08729375015888584,119.89786669776758,0.9779931368833132,61.64719702455268
4.435054937582425,0.05092311961941093,88.04109070751733,0.8487713538839428,46.636146318960996
4.8883042841186235,0.05929870494327302,97.96247289925896,0.9340190775001674,73.28758556570392
5.131193956111688,0.04944159757709739,81.57948143546943,0.9596038224132324,75.7462513014518
5.055552661048974,0.02834838116670816,85.03684125402819,0.9080077434566395,82.07105390578529
5.127633459255252,0.09303401660645685,97.46141599857056,0.8674668044157249,65.9900844421738
5.066686956740257,0.010538132786586864,107.76364585448303,0.9955806748962154,83.55331159007258
5.383659743994018,0.025333482768352244,48.23281672897103,0.8556879426541392,65.47087012529175
4.714305085778361,0.057352941391206155,100.338395983335,0.9897324674246541,64.01617368818032
4.7969014584624405,0.046060461592806454,85.07757974829929,0.8312448267369464,69.02215682873447
4.768202166418753,0.17482944480712745,128.0472530690045,0.8778444263044687,44.619876483244994
5.249057543558783,0.021428288138879308,158.85505292010873,0.8276991168294605,62.510781210219434
5.270119576518519,0.027099472528779638,92.81441930092569,0.8004480946147392,66.45542449177411
5.135367595795552,0.08284390158374609,65.55542878573611,0.852051708079295,69.93685029771726
5.355048100066979,0.0657477666505112,102.33753939837133,0.8174420801837909,54.950036662243285
4.646587739787086,0.021903900969822955,95.8914134101359,0.9972691046180695,65.86591999309952
5.500167233465341,0.0265064719049021,139.4270129800258,0.9523306635903606,51.11790718014888
5.456971586513678,0.05520742654739895,133.33178686751086,0.8007409592644018,46.982231325606435
5.220686599173724,0.007823288892498812,117.30749941193129,0.8447293169647184,70.749147113803
5.534539672631318,0.045860510807948014,88.26611837574683,0.9340248482567434,50.90242814848889
4.503013037696668,0.042194641952144334,113.55533132361607,0.879710422632951,50.09026128927585
4.842665559121205,0.08105828750020434,105.30012718136608,0.9663685126088455,67.19854795628193
4.779408961795414,0.013974947088833768,104.82646406598782,0.9009721556751463,72.20509235130393
5.216443797127203,0.04936432567154331,68.83540302864259,0.9307302839464858,71.33978869770176
4.684957778119356,0.07283652153878391,121.23590676907293,0.9194074795188961,56.43654736981443
5.227248544801245,0.0918044673091008,102.1561665662247,0.9276337801247269,60.931476161432215
5.411160843199014,0.06491222864281147,97.9831730491085,0.846019770765436,52.715593222035295
5.2085608700252,0.01181831645712543,87.99687009982345,0.8746578878412383,74.40707107676164
5.08512530709845,0.07221930259382896,84.12767000693245,0.8101258505728983,71.84933619578335
4.703637997729775,0.19144552390041067,106.34517162557964,0.9175273029376417,41.21748017491977
4.745944710162391,0.025757615722023786,65.01674396283836,0.8918516924151552,72.22839970345915
5.374885671589,0.045586834612256225,115.78997519300086,0.9521432298038145,58.13270158959776
5.2338047011716,0.009314252477607601,78.9178912600863,0.8412764929243285,73.5083207905408
4.988294144186737,0.05127380001520254,58.82638627589416,0.8873624232135604,83.47118848560564
4.874627136270233,0.060240215544903136,136.43790631852042,0.8361490866114772,66.52078694485598
4.392257638066587,0.028470153745603476,82.83825901308843,0.9227958450496885,49.437026221839616
4.678744274394669,0.039016832515794145,85.55681676956608,0.9696060513022904,65.7085709354002
5.573425726141917,0.09675608699063261,122.6907666201615,0.953088649689797,37.87373971466991
4.61586332869926,0.08550974280271503,137.08861801033282,0.9888395945261774,50.19326839103859
5.056843946366325,0.06322923958758855,69.3399684279314,0.9943451563727181,80.05788356454346
5.3022331919585595,0.08813395052572648,80.8766387949866,0.9544067735163981,59.64638749445677
4.623523199599313,0.06605265640239626,82.34642355678807,0.8573612170760517,56.416075501441554
5.055413142434325,0.05527566930301232,118.69603325391309,0.8438522754430637,73.39130324195861
5.281374661253197,0.03279721885391733,132.78264255859068,0.8895098069097888,62.70986937905732
5.003749796572175,0.06651110630727428,78.39494876843843,0.9987767389154241,81.93438616104298
5.860520916700031,0.01883869545935302,128.2949067593644,0.8825336041634311,30.364122086427386
4.499420222336542,0.03834113847670331,85.81931776942596,0.8398136821144537,52.42838443403349
5.3176185589651634,0.08075042197535454,106.72245805891144,0.9888685755566482,57.935448871028825
4.9481594787810605,0.019854242429260274,74.57092601144365,0.8771835955192046,83.99801167171432
5.231576046451003,0.019891106072138984,97.56139172836004,0.9381797774455262,72.12922767819352
5.132392145509773,0.15126527901344558,97.77774571854567,0.9576305957229174,58.74151676000054
4.780053140867001,0.011561403028104522,93.69683387369453,0.9686311804119068,75.07191821867309
5.068698917737802,0.08468765779329802,107.69941962639395,0.9642560774245581,71.69009585258897
4.442629564580514,0.058454951234661226,79.85938270294949,0.967249372599996,49.14858037133663
5.180974250171418,0.00650447930024349,82.32553403626316,0.9335306855155762,78.60393340136362
5.089447539797158,0.02484489380171573,108.75744289898711,0.880766213854492,77.6459935291043
5.191598050592931,0.025407697430383524,126.84070661951458,0.9334573708127675,70.67803910417052
5.317435497526145,0.0011100342402372183,99.54372611904154,0.9673468668119827,70.17992973673121
5.110285952062913,0.009102454687823064,110.07341546924346,0.8701284929248843,78.41270298462508
5.044426825939483,0.008304600727755278,115.1616002059468,0.859301598058408,81.75857227504123
4.735679499001613,0.11275592865176733,116.61010377266983,0.8687414434210328,52.94119913348534
4.7863337709052844,0.038911314271575514,80.92950548326723,0.9102566792058737,71.45551214937149
5.356020386053199,0.043975528147065165,84.45979539590192,0.8104887749627889,59.80624357441386
5.430900621711793,0.04698273871725353,86.19850812112931,0.955794163803368,57.59458435365878
4.928566869106384,0.05063131886685563,138.5726760178793,0.8277703916900404,70.81745454836759
5.013800824175982,0.015855650806256734,110.16385878343809,0.8265677313568198,82.30857167729513
4.72861568750187,0.003962681426057688,109.26631440770034,0.839531827871221,68.98654415285795
5.351827053580234,0.028340802975913876,107.32471506367477,0.9153854869944997,62.214494572321414
5.199625047107533,0.07784019744567364,73.58413192761002,0.8571136751607913,66.13032786715178
5.582365230939125,0.07631190942181919,138.76380941554078,0.8736180657973105,37.207280104771755
4.736503076846079,0.007980076215579442,109.5837506157392,0.9863298221956256,71.7613945607664
4.886597630294535,0.05839218473340557,114.46320225309906,0.9694404359953971,72.3795186022593
5.069433776757672,0.010270766848016609,64.68957422168396,0.9704381066209565,87.23316307758796
5.193946861317731,0.021693527471762213,115.59287704723036,0.9155283666651975,71.8604388287527
4.935299708735711,0.0036761690777098698,92.87575099744747,0.9732932294580962,85.74484665190334
4.73811167286389,0.010917743054688326,73.54434050547525,0.9557131650681108,74.40886816444483
5.2644222586770715,0.08706650347748401,80.92472668256406,0.9906473605822125,62.79516350114095
5.216340608763675,0.024621057366961817,74.70211583093267,0.8128736810043832,72.11366690612964
4.725117769830883,0.026764125427615897,74.36431609770779,0.8057454267307866,68.17092430055553
5.406632840331649,0.05236088896289792,101.2109564072842,0.8350059881447782,54.32692035783353
5.351059612758981,0.004537804618363518,92.26474422536698,0.9858169641015951,68.74561740120184
5.040288949174338,0.007934254812763565,106.68138724322775,0.9211130211908491,84.1466465271194
5.0238793587128106,0.021457174272170258,133.5195174213601,0.8852225035390562,79.70116066505095
5.166217331334773,0.021083270585178178,97.40992572745326,0.9025422122952304,75.1743212052962
4.741489078923123,0.0014591145113827149,55.10221412083146,0.965920917645534,78.0786744995075
5.009009443749225,0.02399979276217911,95.16083576904367,0.9858219991607848,86.05982086703098
4.354284936617246,0.026075150490946723,123.86788872795744,0.945939766862182,43.87783008784064
5.262936693650881,0.027787717891132224,98.2812105500634,0.9519695665874592,69.26691097402018
4.531552033267443,6.491087584052993e-05,130.58661307383403,0.8640756088327677,56.10623623394243
5.4510259485287,0.023868714138041678,109.05883186275638,0.8934070390549078,56.32039356239429
4.900963971810065,0.07921497155783627,63.23460531205222,0.9770420386942332,75.39297281760793
4.936499905420647,0.03283595863978703,102.19164500876717,0.9571868220145155,80.18917246868438
4.811679828174649,0.013096758995871382,105.94002588529457,0.9368541836922696,74.87935692641415
4.913588337823377,0.03995023796219262,121.60711602547288,0.8130493671776241,72.92304031607893
5.425559403544411,0.10537744446608803,136.39273143223136,0.807901443890791,41.17857485201482
4.253657403039476,0.06583532362945094,118.15451039417398,0.826082188622799,30.050338370989504
5.3830896158264565,0.04737632652178101,108.80959594774434,0.9162782198395667,57.35277887416236
5.101407044330513,0.05627950877411608,113.52376543156693,0.90727736946823,72.26682187025975
4.637893505642835,0.09199770207143154,96.63986387100866,0.9885381653094107,54.58073194694273
4.6774062820852285,0.073781339700883,70.74244326385141,0.9389519280086793,61.28197020376971
5.502917908162461,0.04833801905588289,100.82992172445721,0.8587945234690852,49.6671209488059
4.716347936017181,0.07343211097950425,107.30580654917812,0.8322992587631395,57.88146403445019
4.653994846821212,0.03408255481320305,75.92684748176154,0.9699066478656764,65.93275579642966
5.341194362709419,0.05511326261701406,126.53243278999884,0.8919248207378049,56.44660198063899
5.101565862885774,0.027854932532191505,120.10822030964863,0.9306938994817697,76.33086430569534
4.71862232703908,0.02343403548252692,72.56477169424261,0.9130287213181606,70.60633155690472
5.064987492621386,0.007195502675662883,127.3166457757975,0.8214912692273271,78.7195858483342
4.692274194907917,0.06129263349138549,93.83371261580305,0.8114116767363655,59.187418943914196
5.330246419526781,0.0731431793225618,84.43016869763304,0.8754036379432828,58.27879381911122
5.31841128946194,0.00673861280289019,121.58555385493052,0.8723100595091435,65.17217651653989
5.159601859646583,0.004247777243880747,98.97891174479884,0.9347596225937813,78.58402311201867
5.108498318374105,0.06181508925497298,137.9837064167374,0.9264400818202323,68.94826850403868
5.5283564374602125,0.0947365503634652,82.94223912226498,0.9937881856927988,45.669670999496944
4.9999058982164675,0.04796006343316615,65.36684952054691,0.9716199005543144,85.69605743704471
4.64543776237376,0.009417002865384296,94.39123437667718,0.8993165051550576,65.86092197805138
5.134842173849692,0.0653989878902567,115.78444998120946,0.9000050705125391,68.52127779760981
5.625814114861134,0.05230226717143657,81.45714028928913,0.9348258458225389,45.15661592013834
4.695572152044244,0.03540873482423733,73.39799234400242,0.8228181165546552,65.5395819957119
4.891561169991804,0.05412446046303182,104.57854805405508,0.9999781129262785,74.91670858317354
5.124933811430436,0.034489223932911095,70.72625579664967,0.9037616202487249,78.33319454954669
4.9838285452982785,0.13665177810557336,106.13385399226827,0.981980974781794,67.55818009846976
4.705308925886806,0.04019702080341522,93.18753897543645,0.9934712669304415,66.83965387376125
5.336557356869141,0.012937908946573411,109.88932976704747,0.9163285479804532,65.20351022876983
5.696012216605178,0.022825097855971133,72.32342392150797,0.8206697295049551,43.99655452324197
5.058839437707173,0.017212168347778566,125.96326302887807,0.9146691616839943,79.58486541619493
4.7287795130792,0.02128845477340791,96.3393103001262,0.9195284874331974,69.29014128739213
4.535311842483957,0.08855494069559611,115.27045335809646,0.9578386273546662,46.46519665598171
5.077392794366355,0.02089849575082353,119.19750922569779,0.8096458533989813,76.49482412080505
5.331163202994877,0.048262356198736506,76.85110095268088,0.8932630734390188,63.07100576400919
5.1425503239486146,0.09571237999904436,117.64515019216152,0.9845540516673627,65.01668957735758
4.9992788477243435,0.09792320711037325,71.49866449711348,0.9982598157357307,78.0835796619079
4.823218504463208,0.08394368823501876,72.59724514480214,0.8382765357518476,66.3073632330964
4.672350910184573,0.02276984558916671,139.2799847197687,0.974119798547007,62.47997527166264
5.250425397897464,0.04175241858202222,122.2370673759325,0.8292501123261289,63.072908847778145
5.274131486415675,0.02142016108741256,141.4732835086751,0.9682348869135794,65.55645603935166
4.53628106399278,0.01775621992242592,92.59571938784178,0.8554555454935328,57.362969822289365
5.476951693454205,0.044442294490649396,102.04857328156017,0.9919250532098285,54.35019795519085
5.1722213662682,0.13922989001657346,110.54709493504727,0.9390993501801275,56.50951203151979
5.419878393543738,0.07016566564074507,99.75608866812212,0.8798221202779519,51.9032800800108
4.597361675454465,0.08327614607092702,85.07727958608191,0.8561946659816333,51.966443977653334
4.590252753375369,0.010399936486929006,82.07830604239902,0.8470475054948892,62.58829423514065
4.955309207069811,0.010010211229281408,104.27724465657899,0.9361584653999171,84.11246558213689
5.150835328068558,0.019040247578949673,78.6628031667539,0.9791582005153763,79.81072687267621
5.538908246878089,0.004413686234834402,78.10273015266296,0.9509883939228687,58.21294711528059
5.211823674144539,0.08263912165852627,107.87144022309185,0.9669583076033085,63.44673343230569
4.92719561695639,0.016245967144580094,98.0968129702877,0.9562767535269074,82.51069571920576
4.692089237700232,0.00801765780299216,118.7441254116337,0.9958295332996039,68.3648837163938
5.369000171815745,0.011232091280257948,91.50177179834316,0.951560985365265,66.05621852648757
4.710588372274786,0.026587505487364587,88.3748810004893,0.8420457036940547,66.65060248721461
5.488540566431697,0.038122543431280534,108.47106792070942,0.958319693094903,53.28847156923323
4.9146846051180475,0.019253731377851996,83.75950250892346,0.8644138721969602,80.9053437934519
5.477174621785355,0.00907215431713785,86.8374454888663,0.9991599725325716,61.3081544470728
5.203679387017783,0.07816793216327603,87.6309121924117,0.8753345240200293,64.79764621560102
4.9589013531672625,0.008765430420089666,95.80595787408895,0.858558751169446,83.80984586300232
4.844181088452162,0.028622531884350256,135.44873086591804,0.8478431971017824,69.76947637992102
4.897727636796176,0.04330333741393019,72.46422350085686,0.931702930411674,78.75579385382885
5.128495007712571,0.06546436983468469,125.91015164234918,0.8218442176775063,66.31651325135824
5.023146948865315,0.06692855335299697,114.75573512579834,0.9907119763465944,76.91056607948362
4.821856577579388,0.057847636806391003,131.33957694739985,0.8588625357286275,64.67754215363722
4.950310576904711,0.013323713227375588,162.73372096644545,0.8590801222076945,75.92830797768563
5.023573108915745,0.006097778273794836,128.6290604157571,0.8092132191414119,80.99230506523863
4.361379771675557,0.017355137683353315,118.51333895815722,0.8492035035747149,44.21225182370898
5.13745043443661,0.05537494583008752,73.75007296749965,0.8837958711352476,73.74764218524528
4.706083632584958,0.06959268502539288,76.27555476977915,0.8739212780448442,61.77698528520753
4.654000279038277,0.011264448103501279,107.20380368730443,0.854603984287244,63.92204884378585
4.493796695866787,0.042317014681043694,66.0384770416087,0.8081487675678397,52.83937719704659
4.461832250639633,0.021324568785511738,112.30878502582439,0.8601162747211285,50.48269671239134
4.593365749066313,0.02334867282162761,57.30156218477977,0.955666187652624,65.48281155530915
4.787293712710853,0.02215122425075634,123.0446677112923,0.8877584570618943,69.36564149514639
5.58597774125797,0.0733733925535343,93.56599376132803,0.8581550695197427,41.641828655753685
4.842236097231439,0.002600522520220843,102.53193890940378,0.8609584268295916,77.11006210150465
5.0533250318804095,0.09262667573918246,85.03255407159035,0.9108875152987802,72.62099162511464
5.1201444159518985,0.010540983242053995,62.02947179554855,0.8604585355478149,82.21641108797944
5.039319555864755,0.012190304995140214,124.69390558388524,0.9261594639732389,81.86607961991993
4.976766961782202,0.008753988453223914,126.71402789909428,0.997890902745023,84.57933470393955
4.641411870920226,0.011373058323785084,92.97024469592604,0.8082352795507611,63.64643462806844
5.435278264483763,0.03087195403629212,113.23859129468016,0.8337473511394737,54.603598918851844
5.542158993091365,0.02330705575745009,92.18217159579193,0.8358215090578048,51.47261507247747
4.495202391763194,0.018758484293667645,105.76979688532492,0.8894140635864031,54.109672444937075
4.692791422734087,0.04063206807214829,115.1827839784022,0.8082837424106749,60.12007160359624
4.916056897286898,0.0014916411573926772,111.10169849147746,0.8955043155485034,81.53958412542733
4.710638661526943,0.004329283485032663,126.8193922681869,0.9857849516153313,69.02268697434961
5.15178966603676,0.08900616447927,110.37761351410671,0.8023128177385405,62.55019036926404
4.7815183392780165,0.047967770485771805,100.56169234077191,0.8729877734370363,67.09952101847875
5.64951682034198,0.06134730304713999,84.77162064245155,0.9521787544221929,42.39330834660889
5.357164578303079,0.08130522926670343,90.42989239352158,0.830898900066763,53.949329673792846
5.063772209189665,0.04629720903124,116.20102793450033,0.8155118005053085,73.91921931059025
5.308095878995919,0.06641943395680856,69.96346962171762,0.9261557074525277,63.078099353602354
5.331770127307193,0.05896725810351301,122.11614606825593,0.8019901818099016,55.076892675413916
4.830815753582527,0.03020769359980136,94.37712547970933,0.9603540982339431,75.08716059168935
4.755134826637411,0.010864076909283624,83.6278819118422,0.8133705507132198,71.58310088493229
5.023442918890894,0.10388420454499048,78.02551646437065,0.9048708518840722,73.30565957604216
5.258490837349383,0.066382276590165,113.48735571296774,0.9480255420455455,62.14498354012642
5.041718119596025,0.011522259539658995,99.70717292393364,0.8484021977492955,82.7659005558822
4.526901055342701,0.03863970792646029,131.7753044645964,0.8207080323845476,49.0547373328243
4.759152666814748,0.02838406667246199,74.73848698948157,0.8351245532837113,70.52019237474163
4.977808140921686,0.04271657165761143,88.43672753876274,0.9709367143870017,82.83606424052323
4.977300318702251,0.030942123468732593,98.15557683745173,0.9411560583304048,83.00426408468809
5.591762653036943,0.038000823261911267,84.96286512060132,0.8396196098430195,47.090223013297006
4.5842036172803,0.008592432535588283,100.12237328283607,0.943224159426199,62.61559801672014
5.151676772550762,0.03412248820278002,106.39001532831038,0.9417236340417374,73.97649156454096
5.4467339324984865,0.016219258256108492,109.6896847825948,0.9995450196211921,59.7850072258389
5.681434923626838,0.009253158569829976,130.12334261768922,0.8783112047051825,42.27982062924993
4.878680773044811,0.07869210101833514,73.93055142436839,0.9729706988285542,72.98339006407265
5.14742883581606,0.03257737791700806,106.75520639870622,0.889288537194563,73.37791326750586
5.170928107159594,0.02888772005210243,87.06114360823668,0.9795520447233934,76.29608209625319
5.058644519465987,0.017420937139221097,108.6002676004717,0.8183200998197899,79.37456349750626
4.970346439628208,0.01859451875929773,108.62664372706094,0.8350625260250488,81.2701947115927
5.130792616850014,0.024251431613139935,80.26161233535338,0.9699908726133379,79.88838446575957
4.240326174434094,0.02525379856041475,81.97695314731826,0.963860064821079,41.7110066636732
5.20462084701879,0.05525329284518524,110.23286126939149,0.8610867583713975,65.63320429258364
5.03785337109859,0.0303981117456819,100.46809021488261,0.9193596636266909,81.50946522327786
4.933257530966521,0.12270477914618218,95.60756318536791,0.8765399444204073,65.55977755593527
5.614058658715868,0.04297375294845046,113.15973659549947,0.8020634698607043,41.43571327244452
4.7975197943628345,0.017328167613495555,114.63436951724263,0.8052208253134254,69.89294207428998
4.879077203280491,0.04091075391330985,89.40739774596594,0.8108512730963153,73.88430479716268
5.59746599066142,0.048366523849331475,82.95893724715,0.9188144308651157,46.97745687550239
4.750381608545043,0.06972072100451192,74.76162046324717,0.8558455470611056,64.20553725692318
4.834965415119038,0.013642198527163477,100.6690824040297,0.8287896596629781,74.56048008092438
4.955892372970745,0.06882488513864447,71.5367944570287,0.9882262216887775,79.64065459552073
5.2522203446388644,0.08192232624410864,101.98856916458068,0.8242637334162433,58.86484813691864
5.062340752205994,0.03281540652378766,124.33673582848878,0.9347963432849755,77.59949717192282
4.612212395854321,0.028193570086822786,92.93080459427432,0.9788320365645318,62.78726851009907
4.840349431061843,0.03648167664038958,89.27591438919673,0.83276593344769,72.67644159768626
4.817793670036337,0.02558911438343209,139.9568954725429,0.842945936445743,68.09248222632596
4.976833686433086,0.03297099956315796,130.19403638375292,0.9147627067151914,78.94022174744003
5.127753097588949,0.011192012434363022,84.70804258889171,0.9016897372757595,80.21900276613465
5.125461726766392,0.006152045288641718,102.7802636211795,0.9042054833772535,79.35557290614736
4.46719647378548,0.07123869003325055,106.57356484696166,0.9109356188036177,44.907340813517386
5.319182296268257,0.06544687484442999,104.07320845452357,0.9899805831922088,60.42432181563192
5.075770653798987,0.029853016368163125,136.29346895425576,0.81076760839339,73.56181358927854
5.415359614278172,0.03286257310100517,101.74459784838841,0.9520897041389639,59.01637147609935
5.1332594981872015,0.0005586697776658149,104.74469751262033,0.8465012844813466,78.37618558048294
5.330396887320728,0.018662684941353744,113.77324590292832,0.8747355340344765,63.494170109949934
5.139963593435038,0.012894924428737044,123.79839432095335,0.8178582245930128,73.6452707893521
5.403867726860825,0.0720321221399834,118.73798388608212,0.8891253538307088,50.87182675535896
5.156675190805333,0.037369492085427766,110.76169572623279,0.9608438504550243,73.13477217534306
4.970625426067129,0.04030425549372145,68.82600389212183,0.819748067706591,81.70424820488917
5.681730416134064,0.04332694144724858,90.23724551883149,0.8551207196440598,40.675823655866914
5.266711136683968,0.078364535869189,116.38842414410541,0.874612341735405,58.096055838881135
5.172123326301324,0.12100844111203456,105.00797394558612,0.8207798406175285,57.43613367290735
4.617108675038499,0.06170277259246845,116.52257267645903,0.9524633619953867,55.1681145857015
4.613507714760939,0.06671558688353856,137.74332123342495,0.9573894056434851,52.17658084265274
5.087814644642556,0.0016200593638980784,76.46073589881351,0.9671789995559936,86.18561881810045
5.043656359330472,0.0836455108623712,122.75820349609168,0.9167792409612636,70.8935562804321
4.815763230497505,0.01684512235228268,93.39273075012738,0.9014477641708752,75.10870768541267
5.042294809883618,0.02312158516637215,118.70699638549465,0.8525104890942484,79.1735837753626
5.476588078413078,0.03697643937021081,99.17558513263765,0.9310315934581096,54.56132274558211
5.208620742365089,0.17932874559055276,142.54009077785992,0.8889126971311088,44.10768848434793
4.657697447074178,0.08722169540415023,102.60173872523477,0.9941552812154777,56.00152426561424
4.966547351857117,0.05505656003564591,87.1897155128804,0.9936358993948913,80.88810354268992
4.758510055744232,0.02564022433005975,108.39749245583535,0.9810410263635125,70.44564097683165
4.883690025077431,0.02717949127397461,106.4788556143654,0.8720178276028664,75.73694880417048
4.8759153003111075,0.020656204692319328,122.76194188220896,0.8735944910708119,74.6521829480139
4.8567063252187985,0.06110554236414065,108.9610559720985,0.9705346328087432,70.75113521747183
4.623459388407982,0.02702334878674284,149.50129278338608,0.9458269863482932,57.32047143509473
4.9617035955445425,0.03622608398069477,97.77191729195455,0.9408721939636088,81.30855528564507
4.831817708945807,0.024056229170925147,98.00760100439052,0.8559222022168231,73.61831210500705
4.12116539299932,0.022470873485815276,87.9222789989389,0.9666697223108952,34.440459103410916
5.615891607350499,0.027560811066877352,101.71336676708354,0.9158841144525887,47.058727511281866
5.3266308962650015,0.022953865818262826,104.62118242165909,0.8893731148477146,64.28441040614888
4.887109782522502,0.02137438166804064,105.62421059911756,0.9730844248216152,78.91969713766454
5.00564571492218,0.05752349309675474,101.34375350987999,0.8788419527564229,78.47519684429648
4.648503695804732,0.017347400403744696,87.80357566545402,0.9307851623735531,66.14345736864787
5.50871686334326,0.0004555866413805641,82.3666974383529,0.8931810364008278,59.035601187378596
5.5691866084319335,0.030163811052873128,92.49652550328888,0.9185475612342112,50.44553051050836
5.047008118473958,0.054859131039642656,122.83075320470226,0.8081092943296958,72.82975380173983
5.307059193255603,0.03535916349408803,127.13599370982959,0.8922230326352768,61.403435162273176
5.052586033680178,0.03303280773526013,98.4607092711913,0.9112982614993549,80.26981112176829
4.598982368337221,0.08587704095087,81.1683406706515,0.8985438669499212,52.91142922953601
4.876452989310903,0.048682848163835765,98.37652779366418,0.9694820745013638,74.83674084473967
5.039578390031587,0.022887707333361394,141.83330870540158,0.8622247949583633,77.25330552672767
4.863635684376967,0.05198687533494474,119.97935670633241,0.9768153062009081,71.55848021576124
4.93440401676949,0.04262482280513412,111.01485383065095,0.8806923939813781,76.18288008196173
4.972580132747265,0.05768005545799071,119.25369834105139,0.9389053464521313,76.5555367410748
4.975736450640362,0.08119658054914722,130.81133222682627,0.8173445456014596,69.63045764539619
5.015677547149245,0.05767280668316327,76.9426759690576,0.8400308167137646,79.51477490594033
4.68181848008102,0.07024145747416186,92.15920262605755,0.9522332022282544,60.20163396569627
4.784895155261619,0.05526395880807203,89.42556734326368,0.8024657371077282,65.91087350231454
4.614624720290009,0.04007693178596025,111.74228794141966,0.9937055478294199,59.56582561195294
5.29334466490586,0.0023975171983854175,103.20221781279194,0.8381257802126431,68.48198634886423
4.368305917447903,0.02980946227979985,115.12622581378815,0.9802607972490247,45.719529068505885
5.3460771029950775,0.03748248785737368,89.86225300265555,0.9031890056452572,62.69055545432889
5.415904819178853,0.030051675185828533,127.43904101358312,0.912915073379426,56.05235693762475
4.9093458239052135,0.12551713260481887,98.61332583701396,0.8168263575942051,62.20837411177268
4.219058873651811,0.011240560226794462,113.89091103916365,0.8730437508314736,37.529232297802594
4.8916068314098125,0.09200550600345869,123.90812997845879,0.8312437721561003,63.929646429346064
4.980744751613354,0.03762114571921572,122.30248630989936,0.9051862988721886,79.07499058537275
4.696820534021326,0.01305109407713562,107.21656816803593,0.9101464291343899,67.33283969559339
4.845434481857527,0.05996232287586227,116.38693812765091,0.941933389916862,68.93169446564444
5.459058559659005,0.04828692522269756,134.83321327944574,0.9756556315846366,51.24323894080322
5.199478148690522,0.02179216474290246,110.27202467949391,0.8936359632539722,71.60800316426337
4.72263076568657,0.033314767822031174,85.4070719587684,0.8466720740161213,66.7533650523351
4.5207202491213705,0.009849351552276581,111.6610146192777,0.86671433228833,55.93399739827958
4.9018948047170685,0.02128935626272534,99.2543756396082,0.9694179625877875,80.38320653141024
4.935962966194869,0.05797210869112915,53.03997731191312,0.8291726970157524,78.74141787714652
5.148859756208995,0.008803028784336298,109.23996047406186,0.9254512156677365,77.3329885757584
4.839404986229702,0.015995850087545376,102.33301300031214,0.802617176768562,73.78396389599037
5.153449872608558,0.03399107979721386,123.12835542994877,0.8491338656908486,70.36418744472654
5.580546212018069,0.03326441723919041,84.99812685023387,0.9182816995002919,50.04338599801975
5.244650306733279,0.05146632354870323,69.88580675241386,0.8912824080005342,68.43810054846709
4.9855734478007685,0.08431260432274294,103.37361718821019,0.8987098980486463,74.12435246178657
4.945054858684012,0.026059107595033916,107.60354775210892,0.9321124100919213,80.67631880841316
4.892998059746039,0.009867336858892531,101.87665890771137,0.8469172048837135,78.85046126283157
5.354192273735643,0.04154230025848733,100.41417367370806,0.8561609880653005,59.5989209310235
4.811805966214609,0.031827109680743156,78.62546091587348,0.9368916414855692,74.80957825888912
5.013566812699994,0.058353134474485105,97.22165726050153,0.9076582815087738,78.86402097095288
5.015359370564326,0.04689918360754706,93.0318834099117,0.8029173648517656,78.79871918105252
4.84946474215654,0.05589231144981334,121.45417481534881,0.9340655590570882,69.11993151152728
4.58826033563477,0.08754969528637581,107.58650728061228,0.9240184081504557,49.8848832800777
5.096892351085301,0.06418122744854861,94.4400575650961,0.8157215147596548,71.42969935628315
4.981698808443385,0.011975688983571868,134.4776975284553,0.9495038989681972,82.64788338558573
5.150072140830971,0.03614505780384164,94.62184647569981,0.9044202917894142,74.20013406778381
4.83991990806825,0.10338989665022576,111.15573447772326,0.840949456791392,60.59012567461666
5.366246389643914,0.008113831332644365,96.66157332821436,0.9118712736232855,65.3794100611128
4.736967865636447,0.003655370668026115,132.62305030056007,0.9190917028342007,68.78929536461091
5.513612085205367,0.06683634088822196,101.73719551627222,0.9840237458380474,48.66457911957839
4.475709047051522,0.03692365526560557,102.32828455781348,0.948428885110234,51.73974377967381
5.130431019367068,0.027444330197688507,97.20259282454573,0.8603848708982399,75.54492744383288
5.142629204757987,0.05575574681247404,103.93023852002429,0.8236265935128385,69.15839371090402
4.761332879617735,0.04266370210665879,123.99075677295818,0.9706368144161561,66.29407807209262
5.127318181358304,0.004909596035071951,116.91687689369375,0.9692135375750892,79.31705277537337
5.383855600928047,0.15451575036443468,100.56152362232342,0.8350620029447915,40.436389086315444
4.334954348193781,0.008468059604543412,134.02650212913306,0.8124262370395774,41.6729264788236
5.150823442247244,0.001759666609889663,117.45971282685139,0.9423729299632078,77.78813079026092
4.252018753900977,0.023738811212718387,91.23637761605302,0.9445163661672968,41.32699311389148
4.710300558943038,0.08389382605209861,72.39303292532124,0.8354287507410758,59.50323135105686
5.488749909470283,0.0013612102767623438,91.6997239640686,0.9336423719114911,59.9736989320916
4.825465389982384,0.016245707688274835,108.26697557100506,0.8557847489393858,73.38006466738901
4.647836010677308,0.05534775049602712,111.94400741262854,0.8521234055937609,56.416065436846765
4.940618681304596,0.04901764677065926,127.18275366604038,0.8649035868180686,73.66427023243418
5.620371901449065,0.05125552731244737,78.10908049762,0.9040792733033709,45.36003423249441
4.450495325838192,0.10906998583004289,91.2168933210638,0.9608907846657245,40.765348036993196
4.684607026508196,0.048330391641754455,76.44714660250975,0.8997287501779253,64.17672318753614
5.4492295049538875,0.05189491581299624,73.22401576841109,0.8596085391248149,55.13176153647251
5.55731070306132,0.0635030108453742,87.44362508093363,0.9767948597423699,47.82744087626873
4.968970632712915,0.10548540143377594,107.33224488588041,0.811017991488473,67.8025630888899
4.628284189242008,0.08049469800095523,115.42788869780632,0.9594182967796161,53.26842372018886
5.628753050542747,0.041983486113651186,81.03291786756651,0.9568763515843711,47.01152929531825
5.478332717524759,0.06519457003180007,83.81448161225521,0.8507093620308687,50.15359052313633
5.2036840963286695,0.024296746273255534,64.40353649353132,0.8396590365040559,74.48726936001948
4.756279295318774,0.058814679537366105,104.28704416553991,0.9749401122991195,65.62465361794992
4.985291197748589,0.030277798559187382,85.35722196058524,0.9117742587120649,84.27556505922003
4.951891975686551,0.0016488790684186655,133.26062756423696,0.809202271526283,79.72416935503222
5.099255391384673,0.13412810875716188,108.1961759929919,0.9781665032934286,62.669172669914694
5.4353004314394004,0.04007148296837311,96.5710851308645,0.8698011968711348,55.61016709271625
5.2638251123412205,0.012193600555417638,87.17775144911096,0.8684313107620053,70.99230424654313
4.676787176904573,0.07555726076022314,70.10659559611541,0.9286575874319747,60.836133689268856
5.412948935005861,0.03950963053027014,72.64256446109138,0.9322621885597152,60.677606645192974
5.093939642003947,0.07620479473508127,87.5571809085573,0.870663224165683,71.59044866195894
5.206119738757675,0.03417982723362689,86.0219423595139,0.8286557855793761,70.47676306513162
5.439962257783581,0.07191930185798164,80.0165631430801,0.9104539526739345,53.02179199345859
4.666525925145935,0.12529281721816635,107.54189454884688,0.9250358329350481,48.944160129847425
4.989252326388061,0.05820791499659472,110.28531184829718,0.9720444730117948,79.03631060920063
4.840563634592235,0.05951745043461444,90.82735205396544,0.8968879974730132,70.36122525440565
4.529642172390363,0.02847988381974675,138.70304536530634,0.9291392159136443,52.21902755220205
5.104012993281476,0.0062334390282682145,65.06541266967815,0.810881765563175,82.5352985931669
5.753466965475327,0.05805961863507543,101.16327797944527,0.9789045800412324,35.54480307909921
4.447976676648274,0.05530414552010342,95.6283959182415,0.8654431626413405,46.329002431883595
4.990315816685159,0.0008877562460408196,88.98598236065487,0.9264442248684623,88.91607182550719
5.192162880522432,0.06855284011685911,86.04674307973882,0.9832103262626484,69.24683336840432
5.036923460496855,0.015182818865754146,99.86080234175284,0.9621051568729374,84.76319244360906
4.966061584245278,0.05210225459467806,95.48944345356543,0.9275407714955731,79.15022795006988
4.610235090966253,0.045269668811023164,92.16246945774881,0.9407215656140171,59.42183950282715
5.069836022882049,0.022545684776773635,74.0256073002125,0.9841810231929953,84.7090456443997
4.772970806895222,0.028520049703100535,67.63776364379002,0.962418636029359,74.5848373144564
4.343023488506434,0.07429323089321047,94.22967049608869,0.9219718121074314,38.45389386894424
5.358377666154119,0.0013718859714542536,91.95807791006939,0.9317405412419253,67.73056016886628
5.2875157459526125,0.0140675803217605,96.05926279446345,0.8294536848330424,67.62206561179367
5.015498293055324,0.012952984525727042,97.82756404220983,0.8940335359541199,85.22506905268294
5.068722406461711,0.04997893139068767,89.54995316234364,0.8601995295367333,76.6288111781945
5.322295403814668,0.023025366325265525,95.75185152363589,0.8863941268999833,65.36116820796613
5.067301897033425,0.010234042506370545,82.9294338379301,0.9324493747061513,84.78282391236893
5.271205266428394,0.08435346228547581,130.47891618326565,0.8298302187203511,54.62337742755544
4.910755339737845,0.0052938409811915214,84.00519703700063,0.8034751927322514,81.52022838803693
5.393595121572184,0.03439187738568099,92.58038581069319,0.879384880646546,59.55517012967842
5.096235717779805,0.02396014643448218,85.52422421772239,0.8644368628976115,79.36814980421933
5.058215583081762,0.027555402337123235,85.18836919590194,0.8840864119403414,81.53664598374242
4.61898167338639,0.02522711227746081,100.49283133275894,0.9862441840737961,63.03043410976431
5.086086756290513,0.012765711962882842,97.95531580233975,0.9414168202429687,81.9527426527622
4.750413524751664,0.10360208865211605,90.8107921924958,0.8654917549198321,57.713254066429506
4.808515182041452,0.04486089902265969,94.33048016891377,0.8358557644473407,69.0658433411436
4.755387311505164,0.07198189362811515,85.60372898013459,0.9236956588513873,64.43949492510683
4.680129520430232,0.04324444220513542,108.0345127545232,0.9315152503019006,62.147958625629315
5.637431420905088,0.022760400449616663,141.10385485181428,0.8967245367755671,42.16415992858214
5.399401718596521,0.02649239741963254,82.50317445533562,0.842552154924432,60.662762924218924
5.5761102506432785,0.1284184215117926,107.87926447469209,0.8057110521673061,31.496916330511315
4.633131494133331,0.08747731569168718,100.8989791404142,0.8531321394934546,51.83903717007448
5.021376124973267,0.05601120084527039,113.37259516265179,0.8914340998580368,76.80717485570895
4.611947712438771,0.046048843674588585,113.93585920992143,0.9575868572884985,57.56768741991579
4.79129153684088,0.010366152273545755,104.10825394437322,0.9707507657690344,74.92675929036433
4.724561904975028,0.04138383855049649,99.203588477698,0.8825869119333929,64.99751790682525
5.371875201932468,0.015218016211044082,91.31099600703106,0.9592248109367055,65.45818207042629
4.881131096569472,0.03024286501088454,84.70079293782729,0.9986705647102305,79.83476804295753
5.320513800108205,0.026029161291823876,98.06308678096431,0.9433220749704458,65.92493062104661
5.181236266876556,0.09581442252780072,74.30822337164639,0.9457198063202814,66.23723439747754
5.691091625631437,0.05851183270409223,88.12288019765063,0.9819073003099662,40.58358554293423
4.556166733058083,0.08161419147554157,122.13707248945137,0.867628825683382,46.26674452687624
5.37776997193604,0.021945791400866516,101.97024442159382,0.8022410786114943,59.88973010377813
5.3439322611202185,0.004473349767099542,117.853288378711,0.9973954543351398,66.85564211655365
4.70798634859189,0.028350146084786917,129.3928777331685,0.8980936155342047,63.249243540162595
5.3021400009419475,0.05666740035890905,96.45941088170366,0.9571355186324654,62.868259174125726
5.100843488907868,0.08833733683471987,104.14651668387283,0.9624982275218591,69.53410302236982
4.931757122013978,0.03565715115667661,93.96308211694489,0.8795033354160058,78.7506131439628
4.7528193539084,0.024534804263113868,83.74788479048787,0.9082546093444637,71.27924430287742
4.784267164565244,0.02278150618828943,80.9406348133519,0.9079831052125356,73.70440256858674
5.6149436287357775,0.11083966183311865,116.86300745192983,0.8440432018688502,31.671996293069576
5.000204845687245,0.08738390427563121,104.17254560971296,0.8235277867788587,72.93342479202651
5.234639000459437,0.06543817390621794,136.93206144162104,0.9087144609885252,60.587016962109466
4.762730185499734,0.05978435100611934,119.44104025847781,0.8240286453702925,61.332627360624215
4.766044116133508,0.05497250453032709,85.37574020927264,0.8692177447719027,66.56355216297221
5.324595442774982,0.0779377417254935,116.80684360453543,0.8372166663281877,53.897261140787236
4.595127136534541,0.0028314392860952636,93.89848921795489,0.9413832216565556,64.72072781049378
4.875435869628419,0.0477543032887503,124.33719418258002,0.9744017706999976,72.41732268013452
5.01020822332167,0.02345017503685307,90.27332245513959,0.915582921970436,85.1543065390666
5.033411780552016,0.02087907933888455,78.95148079514655,0.8820311614343195,84.6089064152181
4.946272014495153,0.03275103776885922,84.0848984587718,0.9993285281642622,83.44174592178837
5.118745934328777,0.016013928829396593,85.10670195170172,0.8042418270493079,78.04732096167989
5.2078567267453435,0.1442656962266843,83.19496470762672,0.8608682168407846,54.78660982732977
5.220391263637799,0.026806231703792212,88.54783448789786,0.8557346305294001,71.01549858796145
4.704258857399652,0.03809539181804941,117.13383740650475,0.871240719611584,62.252653322852915
4.914753470621361,0.041118140350212704,135.92088416532368,0.8461191482317005,72.04778173285138
5.358428858563081,0.07218764793963149,73.39620968892993,0.8528525670862912,57.38355166810325
5.268394156272162,0.020952632155940298,125.27026085666299,0.8515354219834654,65.25713815428223
4.588142164555681,0.09190977926043742,90.44592568051142,0.9011488101504861,50.48044661923381
5.105443970105661,0.03671377330382605,106.95765062404467,0.8782110554068863,75.03475184381969
4.406532425187557,0.04992975457221961,66.91707938853406,0.9278560203969817,48.76789479450668
5.014080470618111,0.05692830196010307,110.48070034689712,0.9028802319735371,77.62546107367893
5.569330105023793,0.009567468989913886,59.89375206367875,0.8366843704739462,55.149385553196375
4.715632184819304,0.08939827919866838,106.27870144620331,0.9620089957869016,58.140498980475684
4.749703086352525,0.011640379961109112,105.14512094058674,0.8944390396681114,70.61039688628871
5.229208934471858,0.09031161796312766,103.82015268590935,0.8306463035811966,58.93163204025238
4.537159545437106,0.042115107806767034,85.30179698734142,0.8333759685857325,54.04964622819182
4.810173491034488,0.06945225771231611,110.99053348859287,0.9593936820957911,66.28139109827842
5.178932341274526,0.01740047433002675,107.82163018833434,0.9405986368446201,74.68379809208342
4.809714245693179,0.06924692664360522,95.8009443271776,0.9013055905079522,66.64183312249125
4.929209003836709,0.07816410663971043,113.43700614350388,0.8612163019504665,69.9085496589049
5.2232557130945105,0.018763228959879946,98.08791706868989,0.8921044073594152,71.8234693106667
5.126463825060968,0.09141712199748901,110.57554317817524,0.9272967074276087,66.1879820274532
5.08004551888862,0.03878734408598292,97.4824134521182,0.9758564634859029,79.14805517829159
4.898263316218989,0.006858213119416003,104.33403982219082,0.9111735735357458,80.65713449372275
5.111018334580686,0.05419029275166616,111.49445882150525,0.85534705895475,71.16785130935337
4.962880195970073,0.10389829184843487,92.0417485276393,0.8085479829386958,69.15485278694915
5.137341682977736,0.025364293304828936,75.32326827491609,0.8350910111833482,77.12434842178686
4.850920392464607,0.005328429884334372,105.52158011096309,0.9300355241324926,78.3045115367798
4.945229307686137,2.876095069914708e-05,123.78782757225859,0.8320873933648316,80.97240942863414
4.7030126622343955,0.05566397345788861,105.98301945914892,0.8963079106286902,61.159019982039354
4.989497716998129,0.04522744497920547,106.36284629392745,0.9397910030952771,80.74528170551973
4.756699740911347,0.08424583924375417,99.15647787006719,0.8616449802806222,60.0823603867234
4.665786064951402,0.003694143489285956,114.78237305546402,0.9338211779614572,66.591228627374
5.077598344356616,0.021103385046843174,96.28129167724126,0.9162144123295638,80.87475066044371
5.063821932757298,0.08221652381005373,90.92202437746276,0.8877878213856791,72.50175945302138
5.234862120484571,0.04590460178977529,122.10596505749731,0.9794490957768522,66.40096791224674
4.87066232912747,0.050490625993737645,89.38923363414636,0.9384117780854888,74.49545804688272
5.1224158540510265,0.03888558800569168,117.78941892903498,0.8721194066305151,72.48565679579147
5.165239271682099,0.10766875993621579,122.11870923915419,0.9608529067051084,60.94051691882846
5.133432142349479,0.08714781658156132,111.33633864124121,0.9476204428339343,66.74067396435164
4.752303895159358,0.008464451375758845,75.01528960854735,0.9583367931016329,75.53377290437555
5.044809044681356,0.04364767823566355,100.54309818444995,0.9281911966081989,79.27381969748808
5.109242088816399,0.004169827854846302,95.96000005882766,0.8758741231678997,80.74148295026437
5.002153540072382,0.12274049093193244,90.08001489329374,0.8697157031208539,69.84602652895491
4.374056702488675,0.07745073480261999,102.85503174692855,0.9308302721518529,39.15689419727169
5.048146887192044,0.028484254542887562,115.38412694995097,0.8261800015933802,77.8237359239167
5.663759311819173,0.03001973924381757,90.82894679737603,0.9639828700997152,45.8682431265337
4.891988219372905,0.0922425143629904,96.57234651452652,0.8740670767996146,67.50702289246539
4.781576870643404,0.04897889235569236,95.17882132336025,0.9260743978731099,68.55138421037655
5.112004567913419,0.09793140085350431,123.27742091088624,0.8998127829866837,64.25852936581427
5.093713463139972,0.08968239631294368,94.85798764378826,0.9038652984049308,69.51633996837994
5.3578205496249245,0.04306141307493991,75.3118868447651,0.9476012292402695,63.49239096159243
4.622639553227334,0.005771743234069249,68.53130322018973,0.9253340107342837,68.14616160119633
5.219414075772498,0.10781889938139963,107.25459133131939,0.8500617976691427,56.93809736669109
5.177126618375439,0.09731993435949148,84.78636520228196,0.8148451862847476,62.592679949016684
4.957356038917836,0.021641790455065334,113.37449010544957,0.9680468134730582,82.21858102572656
5.101606195376507,0.09678154894055159,73.37560022985737,0.9769788149503715,71.58841221234852
5.308837244479507,0.10915572599962531,89.22175666778784,0.8328993065834638,52.832216896176256
5.261694614008535,0.023720333596307368,73.38862300959704,0.8618954133839065,70.63931908676022
4.657094206377882,0.1435966886215929,108.69221431097847,0.8564684763863465,44.14629718606305
5.246047456026646,0.018432942366513876,112.976950812493,0.9874897121480309,70.92431044513549
4.980593418490244,0.009273952483204555,106.772503152732,0.8409554763861378,83.58637144938352
5.021862229404655,0.06329362942921717,78.28127359192314,0.8333078464199665,78.03225139054516
5.021959097300508,0.002310463442884308,85.08472511778668,0.8363677099496398,86.554766332751
4.9549271033605224,0.024266988789744693,104.68627977223107,0.9459738352187534,82.1064266103216
5.357512249132119,0.0904717212025455,66.24517183751271,0.977603968849295,57.906069064925646
4.974884612045236,0.020960942610863516,95.17730111224193,0.8786734821266536,83.4046748623935
4.664136161485049,0.06475088964876538,130.3381070667176,0.8272159808732714,53.64604515258182
4.881941043209081,0.038365969392459835,96.4008890163925,0.917144399481668,75.86436627167
5.053608415043143,0.014814678952619741,70.22910721936097,0.8419869916657953,84.37812236589829
5.3687644352891155,0.0632635578647273,87.8518150464773,0.812830289473047,55.856024487757196
5.18092840548465,0.054809485791312285,87.38615348644848,0.9772462756764952,71.72918296710921
4.7448394163758865,0.09357001740832611,142.80617559673124,0.9741682552667352,55.85760991696584
5.745556975003668,0.06537661503963485,133.3135816102779,0.9951820320518547,32.03237172384402
5.079432593293394,0.07451221418290324,114.61870868203155,0.8948009509812266,70.49136042638227
5.3826172213997046,0.013454838006885666,93.13848138517204,0.8588002396420844,62.88689766930936
4.954485669926831,0.060199324794525125,124.01259321959446,0.9539567491140805,74.91711713675328
5.1600077734116345,0.11842256446801452,77.33080721899083,0.8360989864167826,61.62504793153632
5.251840551355522,0.014432495431838364,121.53150630488518,0.8486584153632561,67.54471028066955
5.365458413526277,0.10998691458635491,118.55947074840088,0.8511365252414762,46.7412414304596
5.3172104916134675,0.007467504560066524,96.97308530701439,0.990323881982436,69.95641392812925
5.261659100021894,0.022598562252498716,122.78372626701544,0.9459645837662148,67.55158870943431
4.9054739806417675,0.03481002216774191,91.055577410723,0.8267389585164308,76.53615694260108
4.828476187413181,0.05579552080644047,74.69828803803533,0.8185691756247814,70.2407978325169
5.099782253097259,0.06558750619861325,119.55930025999842,0.9685629707169023,71.59026827271067
5.279938421702321,0.028088121038660093,98.29514141721081,0.9604548646089524,68.37005969251972
4.933183789767018,0.04172700486271452,112.03561206597335,0.934198915601671,77.21239376204997
5.319551589714316,0.014277728574175263,136.41773183118812,0.8392201304793232,61.82787475748239
5.435785023645854,0.05444611280352883,85.55491855207407,0.8960567077778543,55.0516239610691
4.725103724277974,0.026436815776639238,97.1324099032005,0.9205451890914548,68.23836388169163
4.748923788861116,0.017545018297790916,131.39269009155427,0.9864275053680703,68.89295568520433
4.957887482328399,0.04607975801762536,113.37463461710567,0.8338847480394822,75.90151673613921
5.092283800456759,0.07761068315343343,86.00434511590808,0.9030893614292228,72.2827222165731
4.842629895869885,0.05366033149376333,80.89964592921044,0.8315503277756624,71.04978599072078
5.405660803660143,0.037598053710402785,89.43838719793308,0.8887698681148305,58.852202366334296
5.127220058455535,0.03883490928854533,85.23170590394244,0.8400269949261846,74.81892940751554
5.011834114472222,0.051454270450700015,104.74696238979061,0.9672372416630423,80.44186115834344
4.569227142839441,0.011136529050187395,101.568690143952,0.8509472555275026,59.34522530899322
4.605255255071748,0.032566450901163946,105.58475508550703,0.8834209432488048,58.5402910255557
5.0843027750845415,0.059983225767378745,83.18374396880435,0.8815575304984271,75.2571258429088
4.360221312153549,0.009346130272254744,98.5833218494949,0.9732589920043517,49.81820684351229
5.303791222893222,0.004201802432365086,58.886004520875666,0.951559492946452,74.28484566839342
4.952553846688304,0.09099945437781883,102.90012634722733,0.8115150978030169,69.44360196596304
5.97292789087842,0.0673275680711737,123.5088128991173,0.813417491433633,15.442659875379661
5.692374875184833,0.061045426058455365,71.5050818130764,0.9102394490261408,40.35497437935689
4.945565279225745,0.020272892214065696,109.66856461294923,0.8855438054715588,80.43700256957109
4.968098899240606,0.05637904706778796,87.77971296478873,0.8551168441073684,77.95344247993667
5.298674454200609,0.08046845891673816,116.05002307386738,0.9585241876414811,57.574745355895644
5.510951782975411,0.013313169318039563,103.17294902424558,0.8257270343797999,53.54316340894084
4.508591282769195,0.00266767250502941,108.09408225320881,0.9948113825740303,59.202145516557
4.464087360393594,0.13560220281797655,101.29647797510881,0.8048205013504323,33.471673430416935
4.813389558333686,0.015181822205461482,126.56663612768705,0.8236461449221688,70.3423594548766
5.174821274952159,0.057110498121325015,106.94820955390205,0.8622633308551704,67.4945944463849
5.149062077152279,0.048104613104130875,85.89152571995098,0.9018298190511006,73.28802721427054
5.320931436495155,0.03950860964400426,101.97430104642007,0.8432272316958648,61.48493689296532
4.640090741490408,0.03410002712772554,92.62237914067902,0.9472430297708053,62.97306310161383
4.305156841109337,0.03881942809445997,103.24799813039178,0.871508380685198,39.591864053056014
5.257404258590643,0.03359702954702702,91.60460575266374,0.8077076666793875,66.50988281082873
4.7515411181104295,0.017404082061196955,86.46378528907371,0.9755443934881288,73.34636411830142
4.394453640683409,0.09556415620553713,103.98544425496891,0.9887731346172126,38.70951327702134
5.0435191237878145,0.04563302803996391,101.11579257233107,0.9237127244874088,78.9065735992516
5.237952706465603,0.07107290520076882,121.27911690091695,0.961307277714081,62.16013569613841
4.963382860363617,0.06111711493437759,91.70088241734373,0.8242223077386605,75.94976229469923
4.862645484145253,0.05491995606647006,60.38292305009386,0.853764056357333,74.55772446088197
4.952191330356228,0.07584897138200643,92.72258403073374,0.8650463375356368,73.78280246171205
4.888825171279765,0.015370030236580352,67.47138482166847,0.9921506333896992,84.119879926926
4.59558586641795,0.07344870379134384,108.31343948193152,0.9024445279814736,51.93539302781171
4.785595796902871,0.01638536701427571,66.52204143302424,0.8014827117627921,74.0553928539843
5.156383971504145,0.029559710881227722,80.23257875171797,0.8760371645740191,75.68049049387575
5.09650356241295,0.01659296049290319,92.75331083450274,0.8015501201731153,78.47651350129954
5.050417941790046,0.042120983691620595,130.8790120952229,0.8475611480944892,74.52009769122164
4.701455455443986,0.003867242922191722,78.54219768570165,0.8909400134282355,71.47182138830492
4.9455490513593,0.00983118469917246,100.24809966293172,0.8646786110841673,82.52702763207228
4.3468804860671435,0.09887849149635512,111.59953153914518,0.8065468424570342,30.952039134801513
5.053542999165617,0.05501109556411446,129.68121106441396,0.823267144481756,72.03297749863953
5.42865731234407,0.1310160929002441,115.55589503442819,0.9101773122445466,41.2761040657673
4.557760360387368,0.05031185967481444,121.8781390326493,0.9391209808768971,52.51344838629293
4.824221698004673,0.009853802173288611,117.28614117703083,0.8809098024465806,73.86481348551564
5.098732033613039,0.017262680216189222,75.81754057207722,0.9462963492849814,82.8308488792812
5.375852790328245,0.0010492934006588045,107.19384208634094,0.8326665777030288,63.225385915632984
4.865532615109955,0.024502079193347917,116.97321904344446,0.8244115895615373,73.04755491448141
4.792324901220231,0.01814959529633832,80.8699942065196,0.9678907431886552,76.08787022188423
4.409323057275175,0.02205242151991473,88.40480246551955,0.8678426696984399,49.76789335594015
5.031031438792432,0.10414441944739158,83.93615409745888,0.8864495843888849,71.85182703337715
5.612622812043123,0.05435771178548854,115.45245971936066,0.9895163204634593,43.334054946922436
5.083207538589403,0.05591657715971231,98.61437759341736,0.8848224655874218,74.45507266308567
4.993316306244886,0.014940118634123405,93.58308211329806,0.8006980211703809,84.01361279165249
5.096624693230096,0.11504159075328725,74.36660166694026,0.9875943879099671,69.26150738470649
4.996672398815419,0.03704322996241107,98.65211493612415,0.8028237266971656,80.43512247489438
4.756095688321961,0.002004723140837588,88.64823290030502,0.9324572567458396,74.84935467307832
5.246983974703312,0.0076146400782751335,104.86679130528324,0.8645781819065007,70.8436500136617
5.067728456933526,0.02199533472598806,77.14065602709098,0.894078151312041,82.80448979862193
5.005283975580097,0.03713953474982004,103.55812519012402,0.9094570335392368,81.9453594044935
4.707390191816525,0.01834347625589559,91.22098459002359,0.8816920114591109,68.203631840787
5.391052379580428,0.06924719845959289,75.01406148529708,0.9548737574364337,57.74584645643437
5.199410823599933,0.026148844918704697,73.45431924243707,0.9861412819328892,76.49041756061243
4.83412374878981,0.02469532408302249,76.45959223954611,0.8172824104237737,75.04281529945607
5.300547456104582,0.03500875246422605,95.87201885118915,0.9600505762469946,66.32964940391217
4.850728748484438,0.0789664847498201,102.41990868727001,0.8257342281801291,65.47144589146885
4.765398952246689,0.013139414847789976,105.39647264754362,0.8160554366499216,69.7344863758769
4.772089064755914,0.04817049754110662,106.15105835456896,0.9911662905444257,68.30798922962045
4.4686794340735725,0.011854390331188236,84.829534780416,0.8978595562982549,55.81684514265961
5.141462714125462,0.01168943228889002,121.1680581619035,0.8305206582018577,74.2524296569856
4.450656536498495,0.0006080572524106952,91.15548947983694,0.9139914226434179,56.112463106932765
4.631466850620272,0.007038167748861103,109.00299520119464,0.8526474277539107,62.98493490984589
4.37732359727644,0.011836527955402864,96.71689133012366,0.8928618033615988,49.0494835774956
4.974179092162732,0.02869117626224242,107.51242463406084,0.9249319187759821,81.89446500254111
4.954903861918439,0.13538441138677257,95.71343867710172,0.973853965773999,66.89230545486025
4.90199113604409,0.017184995845259166,107.87269753149133,0.8006162796538617,76.76677462578465
4.687226691598827,0.004092868366928654,99.85222260239352,0.8428281321831897,67.49101162431477
4.648329873969008,0.017415103031238416,116.27681141301377,0.8192541085837559,61.04492801382844
5.139310959063972,0.014367721717914683,83.62629913577604,0.8194195403118125,77.5119450911331
4.834834420487454,0.07491179017617133,64.60217328218843,0.9891554826279809,72.17618902716228
5.094907496460843,0.09854426866532191,80.53285161131807,0.9872165869030105,71.21495648947953
4.7344253941627334,0.006552958518933786,121.37836830476067,0.9498616159402467,69.94197536025281
5.054318822831324,0.0609156868159981,96.9088236022452,0.9286126084801831,76.48488741709998
5.390983411194819,0.005295284580568311,101.84124591093125,0.9695940892715407,64.9544598355633
5.175849740117835,0.021041947942514568,78.92726771907226,0.8116817476181135,74.63363158200777
4.876275854535056,0.04203783772193821,101.31107450300557,0.8238971586202457,72.61771133591698
5.077159691106778,0.0653171617698576,79.54374711854607,0.8634225846592668,74.88692124944541
4.927800447640936,0.03053177226075292,82.4843744989449,0.9664984759793027,82.1697930890348
5.002364055408418,0.020061017990644168,91.95032634352239,0.8944465085533021,85.54290151361207
4.902316684355449,0.042810165957587167,108.90194515684291,0.9007149526875237,74.84158070575504
4.950699438234382,0.00010246501373949515,111.0369516128502,0.8458530859307616,82.83996309933222
5.0636280059222525,0.05725934409469138,111.58089795875674,0.9296774962347052,75.02887815927957
4.701992390125415,0.09416294424282955,68.23831769911251,0.9775684308124528,60.722638617438285
4.695236351903007,0.11027883778442664,99.86670999219477,0.8659028439716936,52.503741326730804
4.583437233850637,0.025553373659781633,96.06436333234528,0.9238371879539768,60.04353540791596
4.519918668648887,0.06678669684738137,69.35635167837088,0.8663897928223645,51.56927628043621
4.634815192333856,0.14208942926648854,100.31967533444397,0.9585438223668661,45.914406063951006
5.047838752041239,0.003406226689809524,94.99145565126477,0.8949919473984634,85.01943425689704
4.732163745352435,0.057318662091268624,110.23051344235775,0.8678938044439409,61.66685015209884
5.154084339269329,0.018234157020255215,101.62494152479604,0.8840097708422584,75.53751735516752
5.010414124625768,0.020154229035952976,89.01358939433494,0.8182455042792457,83.81556931321238
4.409448735968584,0.026102652358871343,118.51524900913955,0.9732234306644881,48.26447001666015
5.196492675266507,0.09928395865503796,55.575329984497515,0.9916138110676209,67.59258890865657
5.243239593677513,0.06779690300891554,98.7146974314078,0.8954828359470833,63.27427590381276
4.701841197549544,0.11717920436887817,64.73498136016129,0.844267441615628,54.94544189393734
5.126057462868498,0.02277266675788496,81.75613457587761,0.9329312398177878,79.5036635529754
4.74305052877724,0.03439598106230002,110.49627406018699,0.8904762959082285,66.18353307943528
5.0293011130245,0.006640421717235591,74.51605039118394,0.850460016167684,86.80346524517994
4.62065047791351,0.0056458898442495395,71.5256436259213,0.8076866286980299,65.39331340954163
4.462068064239627,0.03209434662386841,147.6388996683125,0.9779408903577025,47.70485970112017
4.885154843116109,0.024200509546217563,72.81421897159672,0.9593468704090096,81.38472966605444
4.962881316117549,0.019462329744309854,133.01041806175948,0.9658012115278759,80.86851192978804
4.880696091915619,0.04209544610821014,96.55595670841478,0.8879679461862778,74.63121185158967
4.644790832533232,0.028500510949010485,89.5034175712205,0.9506510783906855,64.47505312033401
4.880030281360659,0.03438410218378611,111.3357278117641,0.9162450527759991,74.83552982841518
5.08078842577422,0.10375649698451131,126.73188151088999,0.8749550592826987,64.41513294043506
4.986532090963239,0.01811410251172044,77.07864115783343,0.968548417624436,88.13791431774165
5.054750309179764,0.05783635014267141,89.7950042054294,0.9997515096088836,79.05505869944818
4.79896543986373,0.12257547320427907,116.93739469368505,0.9798564614548719,57.45499517091089
5.351515374414848,0.08533085346475239,105.75988624854,0.9552383943372611,54.63822877728751
4.647147999033566,0.07765848492274224,122.03835661282766,0.9495015944384754,53.966303431089344
5.146268089126016,0.0046655892239749995,110.30223908863559,0.930049768603371,78.09484773204665
5.354567327887988,0.03148215277838984,136.16448018298297,0.9707234993679155,59.80165937902224
5.144272427824669,0.045913814601497085,103.571771976673,0.8986162495649332,72.07172993392665
4.939242731880551,0.04494572004822073,104.43622296661924,0.8363459020395987,75.89600164973
4.841510886001107,0.03372300888069208,106.43442744031597,0.9536099448538413,73.86095798100781
5.310826295313877,0.021169256257809056,97.15022296546884,0.9839012748351771,68.13803704265268
4.573107522421498,0.071359739412143,116.96174317601849,0.8682704583861,49.3517252835886
4.708962721886107,0.04038874112121983,104.74082447726052,0.9565966595914271,65.13730288908594
4.880732670352484,0.10174314255801736,115.76360018290288,0.8547445406164829,63.1010196314858
5.3712961272536,0.0650882343970142,118.8899970724832,0.9885200546717364,55.84039859141829
5.113930290812268,0.016468301017401297,108.56909363120656,0.9366921984027573,78.57087200358819
4.709586272446926,0.01256352060913032,110.03432648468393,0.9138551974364795,67.96431955570722
4.906907688384529,0.04403056076242972,79.79340424806932,0.955974031580715,78.95001739551468
4.815703056771111,0.09604256160318898,88.99292824360357,0.9626462341115083,64.88943102365813
4.78706330232994,0.02508038593450054,116.86766905981463,0.9784739796450694,71.34445293654122
5.293666867567033,0.027201545098961312,128.47262363637026,0.9802239065694861,65.0569719488865
4.5884770612209484,0.020905923881293566,61.19139548983279,0.8105381651107093,62.264358844293774
5.482634256720312,0.10910120563507364,88.6427370549717,0.8245815216025592,42.30412047807427
5.248468907055387,0.0015558448531488057,100.472412048293,0.9652121756374417,74.11549115662397
5.3272585011811096,0.018524620069046437,82.41451075838644,0.9892103306760356,69.12855245645852
4.861118146392423,0.09317178271304974,83.54960711636635,0.8615343696247881,66.56704805744704
4.955017784276267,0.02735054168064318,109.49839747587609,0.8017203636865431,78.28305333062278
4.570054455642587,0.07685294300227612,131.62751938342868,0.8645410378070396,46.8033947060117
4.842601277879959,0.02556400284514793,59.36352887355718,0.8765728271945143,78.31657990255994
5.148096454292945,0.009735373918574295,96.59047702036608,0.9522066729446805,79.03899241149414
5.388818918534419,0.09422170192201143,109.26560683580776,0.8095169331275679,47.80138757860374
4.6678529549592644,0.013816985788177274,115.60427944400483,0.8425280472185321,63.28876242929944
4.89034821890442,0.01243504801151463,106.38254686138077,0.9787937172389279,80.4932555911785
4.954610233930243,0.03283426154457393,135.2280509987223,0.8309640818902868,75.44795134206198
4.581263239342254,0.029457725899649335,100.57813186651588,0.9518495303936686,59.43631289680964
5.17740477252752,0.000690505931094855,126.23985580784195,0.8722620831158152,74.07339384021667
4.7828029004772175,0.02563183409128202,87.07264659308062,0.9325320429842773,73.06677511531822
4.9413828946468925,0.022334086708098062,101.159658931777,0.8147693006605984,79.3122807926331
4.864415188426436,0.0840176010418568,75.74569848402298,0.8573115890172087,68.83393308124954
4.763198448284098,0.09707285974161269,118.01728881097989,0.884957947499344,57.128408004692865
4.997886504355834,0.022804243600045567,97.59114274717648,0.9714425252155579,86.1222899509367
4.935317126429593,0.025563425958374474,107.15642125039795,0.9126991715292235,79.82285499756411
4.8884426353164,0.05371241542123828,93.73262737429853,0.8090450586155379,72.05733424067915
4.7814615134958975,0.09581737328995987,111.72857003318032,0.9603733146652252,60.54969410624634
5.095857401234887,0.05592451486585648,107.94867947711504,0.8109042977902966,71.28309670412276
5.496085180547685,0.034545670079616585,80.10697140057587,0.9868733127983802,56.77980777110643
5.041966169851738,0.05332712659913154,81.26465134833978,0.8423434892080779,78.20336546835355
5.298835464473338,0.05368844171681299,99.44462539317297,0.897585228931411,62.023847913388664
4.582933422453961,0.02638571461421842,113.19147914813314,0.8144561937532618,55.98812411535683
5.047328431788131,0.02963993962531344,137.25791106227695,0.9123424772595533,77.2353615878785
4.67078950430868,0.09295804970943458,106.05981713331458,0.8994457401456963,53.68659589168809
4.55692252174043,0.009632161565299767,120.1506280497708,0.8820497069762686,57.59645840417911
4.778188577762289,0.02647233212737221,67.74298130471664,0.807114583406808,72.08845838429599
5.357569800324072,0.007874177523698903,140.25911698867964,0.9757872757303006,62.85451916773891
5.285004748600894,0.09569297478034375,112.11372422258385,0.9605273197625726,56.54494283988786
5.07290141661632,0.021029508861733957,99.0079097768244,0.9266060040657982,81.10281777739422
4.540189832033021,0.03508959653264364,96.7060790508415,0.9144459965267862,55.766262467536286
4.941115804583619,0.0056246695440450994,77.85600404282003,0.9389892862739663,86.6174331646077
5.090510002670521,0.03773184744423641,83.57426408559658,0.8287980031828734,77.1281563782311
5.05266086887358,0.024030322989082465,138.20871264266827,0.9865288492632969,79.14550514022196
4.446861924955776,0.05820938080677822,80.21991123427975,0.8569346583009282,47.197010418920435
4.732904645594038,0.11862623865234527,79.8346448426731,0.9312980544886005,56.8228395432952
4.980776670755385,0.08912166704527165,85.95559027848842,0.9213511362283809,75.30981388525115
5.160887272855157,0.04721730024152759,76.03638494077455,0.9273227959431217,74.20698601724642
4.341161653670016,0.06273136552753515,100.3061314969102,0.9757904246164224,40.54518973370814
4.951362807356042,0.013158118790464506,121.77821025330478,0.859182241330124,80.11387442406486
5.042914630963685,0.009113353125438858,87.79015347455933,0.9497896376505315,86.27489657891775
5.254883596554864,0.0030987798985642016,72.53351440478357,0.9196782127878338,75.38238003720187
5.207857275271231,0.05530334749277152,105.83722626029308,0.8152120661909281,64.95358005759965
5.174771395642642,0.06796266882245192,98.88451324640374,0.8828309361763951,67.08748333696123
4.7600178479894195,0.0150984464360106,120.0544910016325,0.9675903146531489,70.6826611068633
4.427599358863008,0.015946462949598762,90.9098340139546,0.8630694777861172,51.43439824366753
4.88208417288158,0.04321318716178965,94.7968644074665,0.8964527766625752,74.8924413911312
5.300489547562568,0.048399726976212094,97.00939270913462,0.897727713630732,62.964283101515264
5.418036358257329,0.07881128533792646,101.78008221106964,0.9236019733611726,51.390156949987755
5.213164730689336,0.04421859877545993,92.14876645284821,0.9768035719580367,70.89852113619679
5.12880224684052,0.0210013669902015,88.90711783907983,0.8347078397570313,76.92510515227123
5.11389189451579,0.03340121879455889,62.99244630236317,0.9009233765280251,79.87552641019295
4.833164375971766,0.017452886046829846,88.69225581759765,0.8848534518575224,76.19977310667214
4.960981911933914,0.008691235615961954,114.30446536163504,0.8591840180201193,82.10846319787942
5.5007208577479,0.017662527304864888,117.00491038737772,0.9839216353907545,55.285311108473614
4.717232598262437,0.019987144405526586,90.57773952817399,0.8016342184815428,67.01079465173069
5.484433637212955,0.05436448966037144,125.98971996363524,0.8244209585260754,46.66875549232494
4.903391553652383,0.08472187633574514,99.4259185659929,0.946668889983222,70.48599771184634
5.397629632728523,0.013440992286757977,73.24307256368104,0.8526883209373828,63.85553235565447
4.577955497150739,0.0015500552916469547,66.9523188709149,0.9446358522184487,66.64230669257476
5.175771260349395,0.01379688324019136,124.36515845239452,0.9664507221431126,74.27669049063041
4.778968959215714,0.08612742314158305,92.53992549477853,0.8509232033669061,61.58349559956564
4.575419842422744,0.02297190933976555,75.71870953854841,0.8383888575726048,60.27531034199707
5.065560212723284,0.09084170410694015,54.814476571289305,0.8290601265362316,73.53988649415764
5.30284153657879,0.10119218721346286,92.08567778249714,0.8400177221764893,54.24246638853323
4.746517568421951,0.07754502333946905,108.09501717992723,0.8534370778234384,59.41854044287276
4.55029521186248,0.024619072949948487,86.0461771190759,0.9737499633081017,60.195233323510955
4.972446570699513,1.517545820045943e-05,78.93509679732257,0.9540008826504865,89.53102589651817
4.973769401366845,0.1255901972358633,89.01248462786545,0.8003688633836483,66.69376330151766
5.16449588826635,0.052232062653420716,124.86384038289711,0.9748238284196196,69.30552983610858
5.284878371409347,0.05874680535542372,72.14036764649619,0.8157624599403955,63.19648934628393
4.982175445618251,0.12095996263556323,87.16597939154966,0.9310531235093745,70.69099687279312
5.556650994438279,0.06513390713496242,124.21515479235181,0.8302949536433654,41.015237857091044
5.067270423360587,0.03618162362564888,109.88352578847507,0.8124551621021913,75.79728171771374
4.89607204819793,0.018933380918445625,103.58255627557912,0.9519541395042356,79.60514291663577
4.516529792269152,0.1041331457324057,87.03107729167502,0.8934406227711686,44.53752040254413
4.92120214390515,0.12741196009788203,100.61009629000856,0.9198125026622318,64.49557504387047
4.899083916376659,0.009342133976209307,89.24341863093399,0.8850706037594918,81.32078509826458
5.288091438884441,0.07999932801551456,82.81227737858498,0.8134343725015685,58.70207417677922
5.138745087220056,0.08490937316356008,78.3988504939652,0.9479236332573949,70.057476408014
4.646189263510215,0.08609404960799011,115.68191192744997,0.9640702242337653,53.5704616613447
5.051676315923311,0.017647072961280673,98.79187735567729,0.8082841086177401,80.5388545371963
5.201459351518716,0.029162095522935926,106.29027487605393,0.8751434393967878,70.411965880767
5.45840940781635,0.06953254964783566,103.03346371602808,0.911463307414032,49.99147286052148
5.266251190224218,0.01765944563942332,108.81837655616718,0.9210366845533835,68.91490777608436
5.228253996293443,0.005225959304960885,94.90562420028216,0.9156305882282598,74.34291567118628
5.018025798384549,0.03039191916820353,90.36685097890852,0.9385881307804259,84.09474173941418
5.116493601627035,7.039805431205068e-05,83.69439341217756,0.9933632404839046,84.49764966269144
5.374851470211848,0.03186630991506713,71.72061733185772,0.8781173042257422,63.119249651358146
4.600166780756105,0.019228349630126148,77.55933658754167,0.9113247133911179,63.59631500991556
4.895168201834913,0.08041616429736165,92.69164557799557,0.9398157258927998,71.17481742554699
4.768229375373128,0.03223923098017499,67.93921031129044,0.918484764415561,72.8336521325436
5.113745935617837,0.050607840347777586,72.3542819172794,0.8773502060018363,75.89564373907191
5.369066652695237,0.024943690543866488,120.84279785270354,0.9248158575899653,60.52648462323478
4.820907713983678,0.12769117427003124,104.48358969707584,0.9300223060880323,58.25287385056903
4.282908689759169,0.006155215344224821,90.96326543592959,0.9169936950652674,45.294786441628794
4.876333776492659,0.02332852772127483,145.4314891780912,0.8410221321504742,71.3580411565687
5.274042119605222,0.03745061343140397,67.03500562573942,0.9011962716304864,69.26030567901186
5.161288970884964,0.1842861856840921,119.51222552923645,0.9768713619521401,50.265938580407486
5.128455874343173,0.0547583008809128,97.77067834441168,0.9737203756064488,73.77624208496053
4.916002009437656,0.15679800796917442,115.70094045825624,0.9501575849992022,58.873477025041595
4.616290779134064,0.048438484766972434,102.17907434541614,0.939439102887445,58.28254865620527
5.15458829648734,0.011494311878635758,62.555098755094846,0.8306558275520902,79.35816210449656
4.7497154569896125,0.03739580390604417,101.90920935117657,0.8918929329008899,67.02049455637027
5.655229020014136,0.10903192997388542,106.71111709279197,0.8221902619494988,30.104162832779792
5.171152162506354,0.11147812981606196,56.16029402951172,0.9634568899272039,66.66225917280235
4.825805509233815,0.008766868402153957,138.88096587603798,0.8582086412879503,71.50937653186101
4.816584425783412,0.03265918478496495,106.22415188345545,0.9533731728498188,72.54123609791081
4.972116738015924,0.05146334398355726,113.43975480272991,0.9629157783017805,78.52184276918446
4.928149423393475,0.06123343123457149,76.68941220847377,0.9784992194823081,78.40499388722158
5.335050132658986,0.09766773495279472,113.81235044291236,0.9507660156975527,52.88091706720146
5.055924850923214,0.02198997270580081,121.79008919126112,0.9129458001014763,79.42592012164046
4.780510478327441,0.013369202718006411,105.07136456275691,0.9196369829453392,72.7108514945766
5.567132205546735,0.03800654756387813,99.8125688295847,0.8641164553645239,47.57215775694618
5.014792499456067,0.0408729515681583,82.12823750203167,0.835399238278089,81.47666831277087
5.230651902790669,0.02405719159248101,95.67586164433348,0.8261272409647561,69.5072657485495
4.817532047766572,0.02893575621679765,89.7594097148144,0.8364047042233543,72.46371254646031
5.108934688323357,0.011309257476531455,111.43991274785368,0.9867903774805695,80.35934635394489
5.093332997342959,0.0697977464113203,83.00248149765196,0.8328866508401368,72.28784306476197
4.433105212371154,0.056811372258256346,111.29301443007114,0.9447474889857099,45.23025524023787
5.604582533138192,0.029155157357207463,83.22028874540686,0.8369257086629449,47.768259706845576
5.387193338276764,0.03052953015792974,94.75294891679962,0.9950579540431548,62.61483436888784
4.880841405156204,0.007281279148671899,112.32088794025634,0.8733169070951395,77.9925417849486
4.669319077863244,0.05684185620525896,85.92406560027912,0.882427285805814,60.68900539709414
5.104268484141065,0.027402870694540733,113.01072977955204,0.8809023157564309,75.95043368452839
5.026009309824319,0.012157520506132762,111.05988315342736,0.9632918368120418,84.77566175551904
5.106700684568969,0.03307592983629151,94.58098653246113,0.843658104948422,76.05163289614049
5.0574732188582265,0.0034594740238864004,123.23566402711579,0.9662049471811258,83.03321830583438
5.151872296791778,0.06402432301120657,101.55568683954229,0.9314117708884162,69.75668047462645
5.434191709817542,0.03665292175335237,122.045530531707,0.844056033559385,53.12712676596163
5.170430961538594,0.004236090627392809,135.86929849754358,0.8130815091681822,71.81342904718471
4.685103350327018,0.03157593860232308,95.17397956597377,0.9549985082877918,65.95238243843107
5.408768855813736,0.08575240297621009,112.89909968054793,0.8437926091632374,48.1969504199543
5.492184369046486,0.008481503827318878,87.2486414935425,0.977813365944566,60.0281154526501
5.945617020353625,0.04013284908235805,79.34371180983604,0.8259570554729478,25.827821344904155
4.662951790028121,0.016476982976700208,96.09080685227143,0.9232729129615005,66.16193752918508
5.072864603945082,0.04134918419310499,72.74799440501074,0.9384336787443023,80.91962026871428
4.3753703890433036,0.01272824707978652,81.2478444070538,0.9315404829114439,51.11901149815373
5.1659447469137625,0.02551677165796879,111.82865198642136,0.8632059628992509,72.29705349582181
4.835539910549969,0.07539116412084004,89.72701969102323,0.9751047046440937,69.35311213865167
5.577033738447486,0.026850349062305368,114.21028174243723,0.9539610633497495,49.00861642655629
4.767615508994425,0.04647025516625408,105.98823876034974,0.9020412683242561,66.52839375517756
4.493245088609822,0.044572778224348214,137.0230812403823,0.9206586055876897,47.619652570652626
4.858620877789244,0.03853312651000945,110.48674571152091,0.9132742453894748,72.95409402749064
4.407353668634859,0.04976616439463322,122.28436140558628,0.9893397154690851,44.534653627719635
5.225329836352193,0.05029298429327328,108.03769326255093,0.9792826473558579,67.71814579573949
4.380475086123104,0.005105232762823462,106.22787002156146,0.847099457031214,48.38192239143085
5.008537274354947,0.0509144651655354,123.2946608422663,0.852551955543009,76.5721667905064
4.376656454043141,0.04083295302742969,113.3759493173053,0.9962876144264865,45.06260164527323
4.903910658639007,0.000722051001875744,104.20127225914857,0.8473121403905738,80.65244744995567
5.49301344674136,0.029546186587755298,104.11309331859435,0.9906958648965191,55.38987317342606
5.108194367430738,0.025357266486878416,110.76458623660832,0.929950741019349,77.22730417785009
4.74095191851052,0.008787952222590685,86.5725296108023,0.8100218878082136,70.68210707232664
4.990638953318275,0.009458264067270988,85.72401067722603,0.8671454398921667,86.79010531912657
5.005405061613334,0.13177137173784803,128.50811864745864,0.8952308143825783,64.96379496542848
5.1417891037530215,0.06046554519656504,137.28827327719995,0.9666185782900903,68.02636623341579
4.589942491015752,0.14403254587560715,81.42235083179668,0.8657170826550704,42.963774149525804
5.177770182154199,0.004848156646025066,86.62011135120592,0.8621156624249093,77.18686768722189
4.188682510519167,0.01575167015559263,122.8504563900829,0.9840526518057329,36.354207504917525
4.8110346342908565,0.04660628826383237,110.67039986284793,0.8158068690802347,66.92023221319643
4.853517847264537,0.02047834010447862,113.52856210641845,0.910304242942999,74.99254846841855
5.189998047821372,0.11509565743312505,117.93202589706114,0.9008478539696206,57.55952300543523
5.006789255803061,0.0061017144920878195,95.18535676511848,0.8114669520445021,85.38819084238138
4.578331083843114,0.11596406500722298,106.59939849980373,0.8175518441038622,42.99635231160027
4.704502062254895,0.04216811303399452,105.04384301396185,0.8763934865956009,62.96839221071037
5.059604002864222,0.03267345170366384,82.83016799509079,0.8268322438689563,79.77637015046716
4.976279797440633,0.002938438948828944,106.30181886431407,0.8956143808895712,85.41812773547367
4.826262767109276,0.016812503916041107,124.75421392299336,0.9217777770814359,73.01402458847981
4.855749863146406,0.06615436462250648,93.31733522313277,0.9382793369005954,70.85569031110704
5.208850399147787,0.0425385208593133,103.05138497481869,0.9092940131841529,68.96893968843699
4.844692228139236,0.0008157628672013882,104.13417832021712,0.8759320031786625,77.66439148982546
4.973572626791278,0.013334209674094686,94.30670899129458,0.8259517253209272,83.50258976365157
5.6509809764241625,0.004046854010764996,113.53802475388716,0.8494970829614156,45.970252496775096
4.572895208934823,0.025732686766286494,86.39868737490025,0.8838843354031707,59.551627491719806
4.444447180527602,0.024398146830081086,126.65291037391867,0.9848228966804601,50.03827570336129
5.235076899439582,0.07139419457167048,112.52411123264491,0.840520116238879,60.744248049387615
4.796407081611769,0.071408246396357,81.26462798654211,0.8826688461865311,66.60010206232903
4.904528741677214,0.10086793487225275,133.96019369772506,0.9464617714748108,64.67475032951864
4.765653086560666,0.002850288719888402,103.36202922523191,0.9410406704003789,73.99625237114107
4.922059957769746,0.01862543031960801,85.54104965529896,0.9931185188947886,83.83804833060944
5.479561433628902,0.05698796453486346,122.09109049982382,0.8381802593359349,47.232615438772676
5.240638537585435,0.09426082920735587,109.8934303889605,0.8033039223199924,56.4992987712743
5.258667053566093,0.07588162208019787,64.56080591531924,0.8644646521974406,63.930945926421636
4.575131883262206,0.04509260246799454,89.48679365512292,0.8299385224965432,55.394113709951775
4.654653879034139,0.0743431744860918,105.58194674443088,0.9096938104767013,55.76343810422553
4.148276402154372,0.0658248788571933,56.80866644714683,0.9797558110500467,32.937101876969585
4.757185753675174,0.006091527074407414,101.70140170774788,0.9376453665945086,73.10018332046468
5.287010955915697,0.02555850300124223,103.15958745410519,0.827159771270025,65.17280387486181
5.155083954724511,0.08123193656075876,76.33016235248355,0.8232180048790976,67.34151609474911
4.9335460211143625,0.0008260990538056616,105.41289772519927,0.9822899626550854,84.99335588937267
4.993309914884584,0.062270327839102774,100.14927678250066,0.8975219099784801,78.19355623852917
4.793334337227378,0.046792847124431894,76.17411788229971,0.9847345983978595,72.65841334470512
5.061427664720536,0.023115346808184053,118.3912109372565,0.9472435431086033,79.95278786398667
5.229763483844184,0.009347910498814224,116.7570758953561,0.9986696921270801,73.10969064753279
4.515233963776859,0.0846908845407363,94.20525826295278,0.9742455485321947,48.27479028984969
5.089894306351204,0.018774132434220676,96.02837353216353,0.8828424384523611,79.84423316962553
5.2797304612864,0.02624338050977395,114.52527875190691,0.9516455655103181,66.86004868136557
4.875469913310989,0.019127064316322256,95.98673713776387,0.894245633463989,77.94537410671441
5.210210183636175,0.004302390654206966,61.38183598959691,0.846614458619823,77.53613595713524
5.844396333341766,0.017691902801501406,109.73873114799855,0.8482058517512719,32.67267849949439
4.968697162103933,0.019143325514874566,83.73481358522983,0.8794644288923628,84.46613811832904
5.117992115001597,0.028022347699194084,92.20313891164813,0.8222932452024351,75.94267195790897
4.778582874901582,0.03431366683887212,129.1574113590295,0.8355532569777289,65.36324647191574
5.054375348780615,0.022236870439558815,97.32043051982404,0.9001217367440199,81.67234019012726
5.138081487494691,0.020532877784933633,100.03469871747747,0.9907844954723612,78.44739912027796
5.058452702081041,0.026952657185098535,110.19334550927195,0.9155372684034451,79.74135011451445
4.694091404087343,0.01610459768343408,110.10667887748065,0.8816993498376045,65.85311370172951
5.061908531397635,0.06718508171999206,81.61604465244433,0.8485400639738604,75.01692267237586
5.438658781615291,0.09532643181561334,98.79402968931251,0.8391802609412882,46.28571058063506
5.1345907293543585,0.01629590429968893,100.72305055851655,0.9316814058757792,78.04149365544909
5.288596156721552,0.12751553966656057,105.44053793257655,0.9696650634843318,52.40614712315176
4.928896408996212,0.0302352430353398,105.78443881833239,0.8797711852878327,78.21547790839516
5.224970071827113,0.07417742616639349,151.74882457554915,0.9101318092746565,58.4029354933524
5.0837803514649575,0.01608482270077213,76.4828045882551,0.9413453522498079,83.73908209315736
4.71472678109383,0.023546163493500517,119.60183240395912,0.8116591150111152,63.62468140143114
5.095556301439663,0.017237807839219434,123.66751611666118,0.8701794094872367,76.71778731581594
4.702491000967907,0.01737761501754404,109.85567947847055,0.9459505779524218,67.47626141664418
4.810135917534563,0.04899860855168052,86.9936921025385,0.9369238053038544,71.29747066514494
5.0567984921877125,0.0534934018952411,133.29336060535252,0.8106695448832183,71.4521350215802
5.089173282014038,0.027199250767394417,56.160342705196044,0.847563699674681,81.9049551870226
4.643230260476861,0.02948296437556343,86.33466605564347,0.9359914428890003,64.25773322449282
5.3161957313548625,0.025831934668177358,123.43364394445622,0.8542832084711809,61.89576569345965
5.171601883490142,0.014432279880724437,92.59776793154964,0.9628820587874776,77.53690939107739
4.788581469316735,0.00949221979045627,131.92929049600372,0.8059009718398319,68.8161455776319
4.538724561065248,0.02750877310348975,69.76390510643199,0.838069405858689,57.98215530492198
4.956528626275571,0.033480184703162205,77.75796212103984,0.8562625960101117,81.71914557915815
4.866216885841652,0.13312844041676591,89.3672365974605,0.9850579669620176,62.76818276747855
5.033942137115907,0.005235773091757569,108.34798555073057,0.9592637912741331,85.52858307969156
4.89106500165333,0.0016755910601766733,95.55959699239955,0.9768290173058636,83.19318208705062
4.397762941776497,0.04798307851621844,90.19201494875158,0.8880958294354575,45.41102982299105
4.883495918509652,0.007940814586839748,128.40792862197048,0.964512418255284,78.2680884254618
4.908314266679506,0.053448224085909116,130.268899507783,0.9706987143693497,72.86870672449268
5.190098307432217,0.015927135338952018,91.7124046858489,0.879991364775,74.63361808013926
4.790540097616685,0.11160598037886507,65.80464385340676,0.9988923695488505,64.0888918058077
5.5036024020117695,0.037238748629614724,56.85032341625241,0.9702477258431739,57.917965760089864
4.426507834804473,0.011001147453835576,104.78580229560713,0.9948193937489578,53.358105615611464
5.393350249340787,0.009434584973463701,113.11911244437596,0.9732994217290332,63.13787448367629
4.932704308736569,0.005689987635401746,101.25995571157091,0.9552407280511216,84.08757936874922
5.257875461703067,0.08863748331244367,98.58183785838483,0.9887687746929091,61.14904150896911
5.02394044521762,0.043437550380064166,83.90914770611835,0.883963848916918,81.33630293765974
5.341866660807641,0.013397083522975233,113.09959587827677,0.9566666866993725,65.30181196925501
4.8837914106341564,0.008083027846271303,133.5637075779782,0.8425782411832219,75.3102245269753
4.670413872446656,0.019215601662153102,55.66244645328888,0.9465587709442154,70.70742287103181
5.426151286181319,0.006444515367660277,98.44997622424569,0.9570706566104785,62.76066103375685
4.965955806235358,0.05456139156952314,80.593033011728,0.943304881976718,80.57993397705455
5.066467542087263,8.865820226619525e-06,70.19068011892297,0.9699626130714324,88.39080185126656
5.370425574213439,0.015022465840751578,77.40048258431167,0.8826670893699211,65.4343892000482
4.69041342737167,0.011404891753989167,107.59345711368809,0.9089536264150984,67.13379869613499
5.178647269291777,0.05433877445238325,108.09924395182333,0.8021334821390542,66.36309292223463
4.823031573061133,0.06597042143768236,129.205755223496,0.8292106326012049,63.14996829769013
4.960349193306689,0.016080665013530355,100.17563094290922,0.9288387851255644,83.76806445459212
5.021683689615287,0.03152707934253647,64.83556740260843,0.912463439929009,85.73562878002163
4.549933441565919,0.08805279986746355,95.23660915248057,0.8394665027082808,47.05375565275318
4.766348887153869,0.0010551386080915916,72.27241855568433,0.8486929588320563,75.56927975909112
5.405321867723941,0.07024108458789564,75.86408227155991,0.8688164403846916,54.93444582891701
5.265857356575439,0.0011718291589638795,111.6111811681299,0.9432829425887018,71.57732496659013
4.981208126801829,0.016863083819598047,103.8836181118884,0.9219433205326601,84.3935296346344
5.072937037553868,0.13388444630154656,111.75131190870661,0.813914252835058,60.64426466736643
4.911727248309063,0.11095385950979027,92.85014305456544,0.9519878298024721,67.81529826266814
5.406975015748395,0.04337874562410786,115.81059126850712,0.852531912604406,54.54426633671755
4.9398942266617505,0.07694553057400239,91.73194203419777,0.934351935680884,74.36566852380257
5.069552627640454,0.09129677089790389,122.33365665484494,0.8246725689323101,66.39241242004887
5.3438090432426195,0.019377572031435326,106.89277878943085,0.9995842553438337,65.76722882866112
4.766788554546228,0.003497893658657575,95.86006259030765,0.8160670341375429,72.21796364769513
5.467636755349068,0.008200995056652689,104.24186088352194,0.948346805680199,59.254395445809784
4.540861577076987,0.004497201048698125,99.64278598050164,0.9082660718506191,59.97815730627669
5.48889263933384,0.10750131457581734,131.92213030625845,0.8171878382568277,37.692788188107706
4.888197324814407,0.03930123093542799,104.90875245157578,0.8053620915101511,73.01302143359568
4.927190375652415,0.04718270641403034,99.96774655210983,0.8725331435033358,76.0079047918961
4.432996948645117,0.10009493957949908,95.23018285898401,0.9604447864014288,40.65145342391235
4.863561584786692,0.01941546323874817,116.86368438490021,0.8082302480562785,73.37961212402483
4.688058040691935,0.023508157888995112,114.1582667810701,0.9408797326656109,65.15902673337204
4.817706096387958,0.11399922429822344,94.52316739374744,0.9310752552528477,61.131670504226186
4.958806710263336,0.005321658170455691,76.88716970754382,0.8531075353545534,86.10358762656851
5.2873374843418715,0.06505558905310858,81.96063723243293,0.8154984071469781,61.1153170012177
5.062281005420187,0.010588393109635972,96.31674920915607,0.9830643921108124,84.704493629644
5.092302996020334,0.1271722409271824,126.97855012238166,0.8600699605473449,59.88952829841134
4.671344183346331,0.007170258210523823,94.99646741506172,0.8222766463573523,66.15099845484218
4.735773773119181,0.027349614214427782,88.1175278006887,0.9363034156721832,69.95829978836149
5.539617505505394,0.04815515402907969,64.78561373502708,0.8433362457583257,50.78784010697823
4.779439689571026,0.034361017258763976,130.27082871204593,0.895126151112526,66.4876689364929
5.496862475617188,0.07896598974263476,111.3805629196292,0.8100811088472066,43.40691888655469
4.92708164033574,0.05468489775065724,115.92019940011716,0.998596789781621,75.80207961316654
5.000686380843051,0.05622140881177061,119.2337610385875,0.8895242253550985,77.39271423089455
5.3211095480689785,0.08796457121682552,96.70539542482074,0.9998219962619068,57.86464181609353
5.381567726581597,0.030998435938384434,101.69181267495071,0.8771349753868133,59.829689254587706
4.966756231916274,0.02802810591487096,129.77203883903988,0.869570511188444,78.21536436761068
4.883527083943538,0.04819082796932521,103.59161778638274,0.9829144656534147,75.08212837564355
4.983223865443336,0.0421140819165155,111.75050580127989,0.8658931707688977,78.81913247437282
5.101387258469636,0.023264963756742568,117.41101434401023,0.8864011094632541,76.41394068317453
5.267391106060927,0.09959909447780702,112.85862664845287,0.8156220873428316,54.043248546684666
5.001268957698246,0.03734801484422406,97.43661659467013,0.9910924776070951,84.39984820414654
5.1856658894069465,0.012375016084504028,99.3223231437216,0.8170302481701804,73.41216687193905
5.491507919681283,0.008333529648072015,115.55280875951884,0.9542369867070648,56.78895423010165
5.114392883679435,0.05819726818577331,115.52005719869453,0.9077230787622355,71.00929260674316
5.093495856801433,0.017754023092278345,123.36465198038923,0.812281028809507,75.63630050622349
4.54432675247298,0.04595975263838997,111.02193966619677,0.8003407656082113,50.670263598164844
4.210780958951281,0.07657261445481107,111.93211227184109,0.9871107277054258,29.709968695779597
5.116512718769051,0.03644816325665827,91.07533266431106,0.9484346808471088,77.40317273586929
4.9715527306157385,0.13965061473833934,88.37700977856197,0.9372872487078829,67.25361562249488
4.845565197525578,0.056138838696638646,115.61261348702989,0.8877113061198444,68.50605082073277
5.073059061255903,0.02943061709875059,88.5162986396725,0.8477227573421955,79.30468904270988
4.981878881240927,0.010916953640709763,99.58597993766276,0.9359726149461148,86.03604413350521
5.338334075190169,0.007630353002628213,127.58046481942581,0.9216602137234199,64.23056033072142
5.025833260477693,0.07835979916795474,124.41140584690177,0.9452684389696673,73.16026269084837
4.77592301447895,0.004529787095171579,106.03577661594367,0.8731585037000524,72.73550521686796
5.297049871687786,0.048846020534214635,94.0772084033258,0.997384752102638,65.39007882032081
4.93486067751614,0.002578602485420297,97.53242179312991,0.8134017310857066,82.21964272055648
5.157961005101692,0.11700783159175314,117.35320282111229,0.8159403234072429,57.55465114116915
4.8567767881421595,0.05711442537891519,99.27001445107669,0.983375169516123,72.57994542690707
4.805051934350769,0.08227784073418128,88.83435213979472,0.9295412869838087,65.66883047661565
5.025250469055709,0.009220488734411936,124.31549512815948,0.8652668136364209,81.97568530640817
5.003848593063106,0.0729068056283711,103.63200278258563,0.9523905515401252,77.51767432450193
5.14394811061005,0.004371128730265461,88.45488358016507,0.890554677570608,79.67304924725283
4.919406274007077,0.025501741196642464,109.57880377865261,0.8042243017615465,76.46572091829391
4.449092064868881,0.10175238353097292,119.42436826385017,0.9302207338839915,38.34464421378175
4.870167834923484,0.03213875283782096,79.8465387042448,0.8486223874183046,76.3770510476775
5.238145540143145,0.030162386565270018,95.9909217329413,0.8230670233220136,68.04915789976697
4.9107871762270685,0.04190026292593635,95.06633264823175,0.8450546364998809,75.7566505999081
4.926084979245635,0.046000219040040494,109.04574331566953,0.8952315762258497,75.66512309168208
5.295912951771781,0.00253922465467327,112.64016645719717,0.809971286256648,66.7997482749054
4.786408031822323,0.12431320504040408,88.97052177441029,0.9766304773559096,59.17305852295595
4.53715903452713,0.04474659426701301,70.1449764818795,0.9119836033138724,56.742727349665365
4.951810664142352,0.09294426943162347,120.63597509198802,0.8585992360230832,68.27538664506045
4.854747814625379,0.08075328027958194,77.60109458845574,0.9374009696177366,70.15978676909462
4.710126104074024,0.11504443948018425,105.42368410087755,0.9608472993959882,54.02547790024581
4.9473864632303926,0.059411354935391014,97.36038202538636,0.922784925596696,76.65114486291019
5.147451694174035,0.023441574394485517,103.2488781040815,0.8404989363821047,74.12175310761903
4.997213431529655,0.09459715295808205,133.02467943413717,0.8220576840292888,68.78191868523905
5.092094321805871,0.07385195773151544,160.76563227243656,0.9719799394066774,66.75958259281029
5.544022309554627,0.060322945052020696,67.33125177202783,0.8469374827103482,48.515844145923445
4.897136341532731,0.004415389335574591,119.67812310665848,0.8040164861354996,77.27838950367179
5.083504590393401,0.02959968943111338,96.87504454644707,0.9285804216308504,79.43387513970121
4.84723599122026,0.09961125368243876,120.95709027425104,0.8305770659728626,60.40830371288194
4.746092084033908,0.010736704253482093,119.14526152358327,0.998193963952915,71.20437253071213
4.8245277039746695,0.010411957403226965,128.19489614396326,0.9739461663478823,74.56930234055746
4.8563724285434935,0.03556949688482136,105.69929830325394,0.9216891452002436,73.91077425356588
5.107842739264138,0.04347982416472004,82.20847030089952,0.9667731285217087,78.12207755978795
5.704722736010227,0.042061991108513566,118.55298977419241,0.8941071401537393,37.43418099876487
4.785186969117248,0.011100689602432746,102.35995152288129,0.9576972488924871,74.3640645322316
4.875012408315361,0.07775430569590748,95.32313569731735,0.9293067104794303,69.8914192843924
4.981063096066626,0.02588079945531661,90.47552238590076,0.8057289295939313,82.04869219898859
5.1187396546129245,0.09101355426337313,120.12671138210258,0.9897515335105684,67.00594711571968
5.079065243586435,0.029353446898829995,132.06738984014754,0.9721839156393375,77.09000767876137
5.385228738184435,0.0038738940446471637,76.09294882600732,0.9906814781186444,68.50952628200898
4.272082378839437,0.07590842741869874,112.43904484957861,0.9462731869121631,32.62023787084683
4.2839210389412985,0.03650583161844742,92.5522562915471,0.8824121843323245,39.952405651202575
4.8512365483969555,0.008732593314349616,70.65455203615772,0.8413970446572565,79.52678959619425
5.329190056263113,0.02688792025870186,102.95411641526016,0.8359992695131738,62.63998233414541
4.530305590518321,0.002068875164731459,83.33724439620879,0.8289832496775543,59.75394471031974
4.097710298091873,0.02503814114507994,68.44493544399604,0.8441219285283036,32.14484173991687
5.171353821865763,0.010615303428911739,84.36519055550932,0.9101272026694791,77.89250017155611
5.073097167110815,0.04996715238929375,79.44452164172293,0.9367490126575682,78.90962520393613
4.672937477960171,0.0290738940939528,87.06626293873218,0.8628113122032537,64.5647645137092
4.704338119783721,0.046417589575643375,73.48231846092622,0.9097493939015727,66.14440478261557
4.709076884109598,0.02828075625483611,92.09719782747572,0.8682505318907701,66.45779046341826
5.033160595242182,0.08870679120750548,85.73501743832055,0.9393019947347991,74.91688375520718
4.812105417145098,0.0059488401361972795,107.51227754291315,0.9976972440640502,77.03671613526598
5.148219175692656,0.03857415649854931,111.87077972796631,0.9378033936765767,72.88971588439314
4.143612001128683,0.013650609339750978,105.20297153556884,0.8118061153675307,32.28495382055206
4.7429444404616605,0.021598555403926568,95.29111084252982,0.8954469915667979,69.71671186419363
4.662183811726685,0.04972545013157348,94.75144808615372,0.9540774985269062,61.87861634578782
4.9230977964882525,0.012600562623857323,83.25850025177269,0.9084483212507165,83.33889979555363
4.838585672452958,0.10548816258322867,83.74010681180127,0.9902126059445796,65.92215739740467
5.23935313396873,0.07814947978386691,114.07207736157473,0.8109543358408423,58.728268974955554
4.442198968501983,0.012345974775929865,64.80594802699072,0.8582311086591357,55.364069264213136
5.0136474428992255,0.055780453398654534,98.38550123374115,0.8441436215279577,77.85840772343333
5.167500926963512,0.0003381795418577298,93.52941876877598,0.9535244403527178,79.61676438108739
5.556994230968586,0.021697844258258412,111.98264202749785,0.9047586136968013,50.22257757433232
4.855470208671957,0.0019282901824843879,71.49976033155298,0.8276688422706012,80.44236980520152
5.097337581305755,0.05832279799248544,100.24961410971879,0.8571186526922856,72.52873706565572
4.45884116223129,0.09164941383547891,106.85968682718213,0.904531864599275,41.18772626782287
4.282413138706093,0.05993241035955717,61.9053756275201,0.9992257962507298,41.74890513069459
5.25343231273451,0.0660968300642678,78.51344054276525,0.8728584714830744,64.48536210167417
4.998331911905579,0.06615167186178647,98.16420306374417,0.8313652194679391,76.78804801805113
5.3535538069395265,0.0475627961167355,110.28293815268609,0.8994133051583316,58.612324454016104
4.587979133309076,0.03696430796051339,103.649986222254,0.8620372754466132,56.60984869117438
5.155970641858626,0.105048575970825,111.20908505899615,0.9131933647657097,62.02743388227327
5.560645352163156,0.11022054133492125,78.41254974718692,0.8933420605570452,39.85378390639469
5.12591168250718,0.008306019834331579,68.22499300543947,0.9378979843425046,83.1348564607256
5.082974451677314,0.001465104239190905,101.6901161151358,0.9828581417735033,84.28991848743898
5.002566824247305,0.050620582645768755,75.4129352357177,0.8401028701537503,81.51366702779963
4.528735562862226,0.047540641759175245,82.69355347904394,0.9642360140736796,55.608402441426485
5.4066718807131044,0.00990269656234906,118.64556709652747,0.9898531431097071,62.04678882540278
4.81674270805848,0.0425012827793802,103.78199113533702,0.8747219363035925,69.7456096791399
5.151344976914905,0.03528505953748885,88.63710189489171,0.8227325401193398,73.21748306737997
4.531089708028624,0.047571826908777266,86.03936990718073,0.9643822341565784,55.41331613781434
4.646162100647666,0.05629105740193986,112.4184311377833,0.9402191618876478,57.88860755254358
5.430526219766671,0.03746463861771038,104.23941871299967,0.8425424409668104,54.97563796937942
4.895809313312647,0.006444242581904531,75.70886715354618,0.88904471863651,82.9919300688487
5.435982642812763,0.06970010197531391,61.04352533798105,0.9155984412979775,55.593642427098565
4.976530802282444,0.023292424878295918,137.636036652803,0.8339708173302849,78.01379708652767
4.447430668112643,0.003246150718236033,75.55041549364884,0.942982565325912,57.66352723617655
5.267620279919516,0.01096733089771395,110.55393006600247,0.9379765482788713,70.00182152914914
4.823032304673317,0.0672984516237491,130.21385864676347,0.9774253225023257,65.81429112220684
5.209606644055113,0.010887908791073058,102.95195137666312,0.913454592885639,73.76431175807872
5.007563260262025,0.054421825993733436,87.9912664706559,0.9148626061391274,80.88105596093547
4.537064531617139,0.03698915110696151,71.47901916608575,0.9238774711938603,58.00514673825272
5.04928842961117,0.09603320864905932,71.1997892735994,0.8547566522763813,72.61286704413857
5.658866942645839,0.006851254299214789,107.53389697352772,0.9517211702556005,47.72132900412666
5.147895937554337,0.044365658152665806,129.01952645899968,0.9324998522525263,70.21943942299045
4.982744674098361,0.059637008815288606,92.09081806590942,0.9678291250921822,80.1666298188611
5.322603020587069,0.1371428504143704,88.88559075701272,0.9537172009945208,50.258176146809454
5.063200539560933,0.02723827455588202,113.94962181622373,0.9277144461008124,79.28155318335558
5.062860269078838,0.03220935894320116,86.28105492190507,0.8321784301819198,79.41244312523743
4.672512448352269,0.06239643766776409,105.48965815256842,0.983829464641766,60.118904728550014
5.070154407736879,0.11328636779842285,100.83602900171026,0.8734424362766298,66.18302619138538
5.3106330249250835,0.0038725644886689232,91.81063882843888,0.9928597137033525,71.4572642224178
4.749181354369993,0.06205407693032079,99.68923682526959,0.8803741604001094,63.281329248126696
5.427348746374085,0.08143640276144601,135.2630422929996,0.8291876585366342,45.20106374477075
4.972488192756463,0.07085327719850767,112.09065888201913,0.9769679494999336,76.05159308740836
4.733669146538438,0.026277926123678897,121.85001608511956,0.9590117480257411,67.07369322575732
5.299289623076073,0.014923687910657308,81.62611278159878,0.9572592112226279,70.78664237512969
4.913961729278519,0.015936022599320712,121.91872295215148,0.8178821501462237,76.61307107452234
5.227854466245832,0.042930022693881534,112.7804095093797,0.9758559666103934,68.12830700243775
4.912472410322438,0.06541112620458646,70.00807806881264,0.9192801274325723,76.32147043042852
4.9820521569410285,0.03669725239995197,110.795814667422,0.8940711472545908,80.22038303481854
5.148068061300288,0.0010046016729711484,89.73451726410646,0.9826343242826278,81.64446083027897
5.0872691172770015,0.04776898280748844,69.08392647348768,0.9332082704963881,79.35427830483563
4.401340465864479,0.06300425338714102,102.59551464655239,0.8266061647705972,40.90236177455429
4.663626877971683,0.03898050282072403,110.7808518212522,0.9039074352113408,60.970600777293946
5.2788229954372445,0.02180935572691625,103.03216137289125,0.9273233177695126,68.242467132829
4.960359023329536,0.010929698264140501,97.81722830308489,0.9797101395463268,85.79456662076913
4.842880609168573,0.06739103882062335,93.38829323083336,0.8559788203349801,68.24492781063717
4.592427795422758,0.04915089043722369,149.33176018683113,0.9588467771294831,52.416793683688454
4.676079103617245,0.08465890111955796,76.34861222942709,0.9599625807669492,59.43030144149729
4.393460408011416,0.09540414250720104,117.45843964714408,0.8256098969647362,34.06335707918512
4.96961578438954,0.045570762751093986,100.30845941777967,0.8034466365511747,77.37941943995384
4.820468725825686,0.050336500126005324,82.91066987465936,0.9162819391796914,71.71222032676823
4.710023632704406,0.0338408486813528,99.03201898742842,0.9578957772581972,66.78000430648254
4.979562972449614,0.0568764031733269,72.14134724822765,0.9108861648654595,81.24590644346421
5.109191189255822,0.033762434378418214,88.09019186386293,0.9626694970399751,78.82853424230117
5.627959379662983,0.05921637889241986,99.06131348328789,0.9244606280935028,42.02306159989928
4.546434974131036,0.09121417071369288,68.97765882801741,0.9306584723344601,50.819376404695696
5.347814312990157,0.027934166180936443,110.12765076976116,0.8056308851525051,60.0408689195241
5.291930468304521,0.00019580169603656064,80.72477918176935,0.8177196405838852,70.73671654082402
4.7662721781869894,0.001100512700739114,70.96558083972894,0.9450059235431749,77.6148141729991
5.060970786375809,0.08076109527161883,78.3916452834326,0.9525686564752578,75.43979712787052
4.862710025198716,0.04966682998156817,143.51908323670972,0.9084355956128652,68.12938060327406
5.0557065741256215,0.033092860362286265,60.438717162623206,0.9180330254902069,84.01046529166159
5.452739304021365,0.010295993383345253,108.7224617753958,0.9228731679690155,58.876459933057056
5.181681869789394,0.08392426037258362,84.96727457961427,0.8209982637707899,64.43368657420321
5.152582511970032,0.049192950949792286,92.99743656964877,0.933581720850186,72.83799739936806
4.870907204013608,0.00983862381838076,112.07861857360666,0.8956939953524101,77.48465671774689
4.5547830005227,0.0225004127380193,111.09637429677841,0.9205045953374558,57.21237259773035
4.937459536837878,0.006060251011422348,86.38607161676418,0.9126283657621045,84.95249471212499
5.361982446459175,0.02337350126286115,72.84351986733412,0.9526000496908078,66.54267703010308
4.541849643023106,0.04150067619056774,112.44281947401278,0.8637136527431963,52.31586826026384
4.683473189546992,0.0026513273447441345,111.04754386018689,0.8747052490134904,67.000042865359
5.0378803208702205,0.023867786757744692,94.30060982423623,0.878321261304916,82.28337697779978
4.704603564545821,0.10430034748852222,108.83888767616756,0.9524912198348026,54.79709737855024
4.762242965865436,0.14058200958942843,91.0834103804893,0.8862225243606071,53.263385962675116
4.872920425481547,0.027164333594101267,83.45924869930424,0.835414954340011,76.6629497066474
4.590314778742955,0.017839018351043363,100.0792436224215,0.9966081940834057,62.667273491346755
4.70776344613509,0.09377270655211471,110.38065482183035,0.8986763727929096,55.335362758963335
5.211028375036193,0.052337855316423265,106.18500539104868,0.8218496166312127,65.30611099388433
4.607789065330711,0.0032613337647586227,110.18325360153345,0.9340549911985405,63.640918318946326
4.5206383596515485,0.014805852567315089,84.78842253421749,0.9478324715056967,59.49523087068784
4.810992506139832,0.037976777522524444,131.63762249516506,0.9000445677817791,67.80016284613033
5.219586650752953,0.005998788353911523,93.15238289322751,0.9292914436554642,75.19557328552261
4.940923457600933,0.023208603958698244,97.62168697046818,0.834534972896546,79.90264762313535
4.860625676565315,0.020632723207432726,73.62688181564265,0.8735844770560758,78.65163347236121
5.013307639254682,0.0213588583836232,96.12289687405432,0.8323657206743232,83.03273761325663
4.476287770142104,0.011066586176098965,110.64475473703034,0.8774470512729617,53.4017438338676
5.14841169613251,0.0014743321703065172,115.25021225385329,0.9125601044373839,77.60032926986575
5.115030509421093,0.008457551604814473,131.23881474373565,0.8885078814363827,76.47581284836636
4.877207457771283,0.06049230305597135,110.40469791650922,0.9186429681471482,70.89099157917335
5.301777353538925,0.012578529946790717,105.53826391599407,0.9003518346737104,67.4597895975207
4.661751170314089,0.06123508703930487,91.07409776971362,0.8635628746803513,58.68365487958527
5.33837269797607,0.04929064917773278,86.76519183533986,0.8286831996242024,60.20118555372592
5.046348099678576,0.0485765348450371,119.4049702933631,0.8505345722842554,75.0028282088787
4.899034223036548,0.08939229851729867,119.02140703477818,0.84014265037892,65.43392090869865
4.994037909389506,0.03596954398729549,78.45974598302455,0.9414844587381421,85.23055754173645
4.967820570256717,0.0036591553153556833,114.46191774306962,0.9639933688824762,85.35403652144224
5.366084868925315,0.10816494001497848,113.00767382791685,0.9440777210598852,49.39095390064037
4.6769962617586955,0.007134174970536627,77.72382229971612,0.9287468293990316,70.35220381795027
4.771244228256021,0.12075618449529248,110.80913609578354,0.8615702707627539,54.311717826744086
5.310890867621744,0.009851582842605733,79.00907081036385,0.9421971118213023,70.81184567169416
4.821339519444842,0.02674697650816249,51.41414064653023,0.9210166919978293,78.54724446576971
5.270159923199477,0.11085565587156053,96.797951726159,0.8093786733375252,53.66983452143188
5.509830794902613,0.08669678199439743,105.15629410509978,0.9815224236786831,45.52045406974729
4.87946149191751,0.015685623193280106,97.69858390233773,0.8159907682203279,76.96480301023139
5.204408697972592,0.036428155759375774,157.34213634375948,0.9005415808317678,64.54787273999754
4.653892315598043,0.008700922732796885,107.57702458469949,0.902613830543813,65.22297467836935
5.226419989420343,0.044417570960202074,102.942836385974,0.9674014377516763,68.80591010718524
5.05982719579603,0.033525406731771,108.59182606628181,0.9826135002084733,80.17464464001382
5.141911484648064,0.026754141821377354,91.17361991199805,0.9879351583019585,78.11353082274891
4.806328378389382,0.07428359545918191,118.58958124187077,0.9139344266957956,63.656893794214454
4.501674975329848,0.01262309059499241,107.22003892354203,0.9358084460423207,56.201199959034255
5.150975619424852,0.006093275827587331,106.30343407784981,0.8177039724825127,75.75120750223607
4.380979054256164,0.026730445629511563,87.51759554266121,0.8975832021688045,48.04908090005307
4.90479485232724,0.07980751107630632,68.71339347101814,0.979571340848457,75.03665194805576
5.282354559925991,0.09321006362617937,89.97227821845419,0.8911394302076122,57.90277764282048
5.057569320761911,0.07923719493533404,105.65267712519784,0.8139187870866862,70.37336954319917
5.584502793436944,0.04462186695770834,91.10601040510107,0.8401282284832907,45.928515879282806
5.307532745774532,0.03449150209353558,105.83454334134741,0.885901384487099,63.50888329510498
4.803830483502327,0.04079689089879508,95.3527624628739,0.8475056609818106,69.52513234866916
5.008194013955432,0.0077090436644471245,108.61158969253047,0.8784585170683441,85.06001398512085
4.985788789236669,0.014193010167321832,80.46351748249371,0.8665923750672119,86.30387158219675
4.525346970996162,0.07127560544923549,103.85780023770162,0.8637858105631905,47.71941362987802
4.717880325054694,0.07285217095826829,87.18091707297206,0.8182329219513671,59.791560591271555
4.831771727906042,0.014791497319613763,69.23434115738728,0.9765429382173173,80.29500372502807
4.389133849143219,0.07979709537176535,96.6969175394325,0.9385412506930826,40.479599902746735
5.0142480404754926,0.0640873200380006,130.72635147636095,0.9246763816938249,74.95291205201076
4.9252784466040875,0.04783589883167094,70.82847184308035,0.9212938816190814,79.6843524195682
4.498131829606528,0.05064420358815919,102.38784500788398,0.8793004449429318,49.63850363623806
5.121263859583199,0.010765694103685382,115.95154126528449,0.9646630617703,78.80742141833281
5.2147618234072874,0.11289250756453326,146.00061370288904,0.9860079987855878,55.300513066305626
5.068110343659467,0.02215627154765246,90.14134035106625,0.8011234497990882,79.59827360915925
4.902779547437309,0.0350965842559352,87.35998790791373,0.8158396953676015,76.48308032440889
5.177432645525556,0.012453816678331956,76.66615608121467,0.9349951234732559,78.51925562806048
5.2040661081430075,0.026558263038847996,122.81032669692439,0.8472133445446145,68.4355282767922
5.092221070915906,0.04386480044047117,82.6517134152185,0.9823409997539764,79.26866433253264
4.752616324869572,0.030875674796939274,92.588071364493,0.933482613023251,69.93647339664913
5.082980229653354,0.01946761829512887,63.021242452574896,0.8736582510317427,83.27208425190678
5.358644195247644,0.0519213359387702,117.67943685357052,0.883056480555886,56.58633382008651
4.821011282416481,0.043496154366377354,123.16516561556053,0.9381765010493116,69.18326724946242
5.629381801739729,0.07980668585455536,116.9155012716873,0.8281928205204288,35.138395300672784
4.842310719804384,0.010662690732503578,67.89349437292563,0.976682376049322,81.6835376620814
5.009722104002041,0.0030545727162083133,112.14302081558613,0.8009543396860356,83.76327256460841
4.798254321198099,0.09251701293795311,66.54659230551998,0.9957893906607732,67.27883591385645
5.066981250776078,0.03610752807432073,101.16080604128481,0.8335290960726189,77.11949705961109
4.477333492209418,0.01634974128585284,104.10155159967594,0.9484222717227765,54.74583861417509
4.836187460354983,0.018438341428034657,106.2036643621653,0.8079849414086322,72.94482879904992
4.67236363989543,0.10090342405830198,110.69273065274936,0.8862857798086186,51.86274731587793
5.040601504367687,0.11966917502912071,99.83932792881455,0.9260627364628276,68.15085541994578
5.298334212652672,0.05757816127010855,60.75140974542895,0.8140454915186168,63.66899190615284
5.193801856134366,0.059169236207712,110.70242017599064,0.8886587057799847,66.19943529878188
4.2885021917423325,0.009017750142636557,101.95216282255495,0.8606272806220445,42.97479831332986
5.612620895878364,0.11736642434521415,81.94760417257534,0.8996487223934386,35.43599662612728
5.08858398218626,0.033384812717933095,68.61205157726782,0.9009153071938296,80.83434014728424
4.7670502578521,0.062655513222487,130.80044371848717,0.9570463211684618,62.68557053927346
5.0471383756972825,0.014723753061452294,124.62601076581365,0.8247009056889796,78.99455153614343
5.052856946750808,0.00659837063361947,114.11914814614909,0.8165439202094933,80.75779118948357
4.799945384914531,0.10315211297980588,86.47400177530594,0.8803780466477582,61.48406690332553
5.059375000202623,0.046986183986915356,49.66008895576965,0.9775039838753066,83.97364317173448
4.817758313713908,0.0925687730535191,115.2935835087047,0.9710539039344186,63.0719025926245
4.8786914021929935,0.03276640858725222,107.3337354771015,0.9119985818562818,75.31312093290727
4.7941162592734745,0.02241832682115454,92.50675381855646,0.9777547637942214,74.58864642726407
4.570198613078104,0.009167146643924397,122.49612613395752,0.9610687195097424,59.808606564896685
5.043750941064615,0.025148262123230528,116.95995067925699,0.85558789201861,79.01846699008503
5.175589830954902,0.01132501080216634,103.52190976461699,0.8340212560891661,74.09409266770257
5.154465078822912,0.03537307043138453,100.70116835742228,0.8602313001953412,72.5606438740822
5.245977575790571,0.08007085158935125,101.01935435199363,0.8454235756877629,60.03725379271897
5.09730206300446,0.007243503541175606,113.59879745669491,0.9245437585317394,80.20634611352135
4.840182350534929,0.026909637389566022,82.85047306914024,0.91697982255493,76.4290445678454
5.251899159329357,0.034806679494280235,108.51966243570074,0.9196874766905564,67.2068318063376
4.592744738047419,0.00940765626602844,81.58818111060819,0.8378607072982898,62.75193187784587
4.729798585246256,0.09253997331543698,126.73110343504469,0.9583725450552878,56.40125967506108
4.710739978573026,0.03585708806023065,110.64257143150469,0.8867252167085263,63.936082696367045
5.324016817741793,0.03308126317903855,86.2354347672214,0.8944903840733066,64.86306566338064
5.282836554242023,0.032305885318829185,101.611916480595,0.999392369242248,68.01057968443972
5.146191571113499,0.017287269856792607,82.92427239943919,0.8564543571925497,77.47207515857826
5.321578959563539,0.04484563066359913,130.08225675401593,0.8788276008215422,58.54674416767702
4.736215165276404,0.06354087759317321,132.4575196894242,0.9352926415808175,60.101879140282165
5.104578535958294,0.057175533516729826,113.92447365125696,0.9760826040380483,73.27816253062817
4.962447671485051,0.013778426429560817,131.13313135309156,0.8253562013368063,79.0739072160959
5.254064631165474,0.05537436036026809,103.03591897745001,0.9470091612854328,65.086559403995
4.96543273023434,0.03874538431503879,115.27025134349594,0.9836561051991102,80.26025313643721
4.884517133476976,0.04403060726805541,124.49449043819511,0.8845849226853738,71.70868632829821
5.162272555568297,0.022696445728567872,99.88512808968166,0.8573453845867035,74.0175746893829
5.26285075015737,0.07691407224447896,101.42207714634691,0.9355474293549875,61.260585026351
4.799496441545959,0.03547080925710252,118.67313202857795,0.8492147302476584,67.76614650628755
4.981677298594287,0.008215147290531306,112.92995931191986,0.8768579493094573,83.9125288770747
4.6824678099075046,0.0229237945586321,84.89078559597894,0.9793826748179606,68.60807434741677
4.2505816947521184,0.005769689905771043,56.26341257457062,0.9180665105182755,46.9044371521699
5.0601378894241185,0.0022239764938852304,96.48943874805903,0.8189954533199689,82.78909535206357
5.182671606876389,0.022298151631462582,58.06171641549642,0.8659395062892742,77.2075993269331
5.078620042726017,0.06708820561916512,80.17965327788903,0.9254530330234753,75.71066192624481
4.41513148467369,0.07700066432003928,82.51426085599232,0.8962995274309355,43.032353895434994
4.894745170977058,0.06853168363057216,88.62715378119748,0.9320678633503181,73.18359960292426
4.3344956719846754,0.04366277259034297,116.40876288327082,0.9522882835360681,40.92521381292335
5.410910332296256,0.026815564778183386,120.7535908146052,0.8961230240409417,57.170146744855465
4.6741836253645745,0.025111910135738335,110.17481439614414,0.9973903372603876,65.61455630710707
5.376621082837969,0.006921638838673234,112.6501395212361,0.9829347751347801,64.7581707544929
5.283760893105244,0.002761671006317176,113.12240912737292,0.8119814812137313,67.48748447427513
4.729822894239182,0.0013917107858936253,50.06340017558152,0.8532862275500437,75.64000156990959
4.660164514619677,0.12014735420381432,100.20395364014233,0.8601087024619568,48.769546431833355
5.105111064915901,0.002016284233809524,64.0708255765999,0.8368580713340021,83.72097233899456
4.746702788845079,0.02041319125334624,110.1827895134308,0.8624033006100961,67.96997570356164
5.030745392647463,0.018129071474852394,58.13783705360606,0.8849641265870921,87.32141454630563
4.855151722757925,0.07218884782008776,96.39122929298601,0.8103101957984916,67.04785717913356
4.46565247566031,0.06260511658464675,110.95539552039173,0.8254600472264829,43.962042444412056
4.330859594262662,0.018131145821776013,77.64484103367376,0.8192491757586968,45.752403194299895
5.068005274548379,0.0923411420055767,119.2343192102644,0.8092633878293302,66.33034806182093
4.831532676100812,0.032199309399882345,110.13244339903494,0.8962994040603237,71.97480789736936
4.83407305492576,0.029596100251805663,107.6164939167582,0.8667606166452291,72.1785311990035
5.2087591517281355,0.12660732300718508,113.96003175021065,0.9870894459299423,56.82913818881189
5.352032682989734,0.032317397647424945,92.81599824466689,0.8205521070883476,61.159871690802504
4.918236583591457,0.015409308067979122,103.03837727513617,0.9852070671471345,82.18310242071964
4.897820387927042,0.005896147156182568,100.20103144468398,0.8173091234798919,79.31088052732457
5.150042909934165,0.03677161545152843,99.74902110767711,0.923843469320887,73.98365036187084
4.592919329090128,0.08279685200078485,86.55937846705845,0.8495460674752641,51.49061544808937
5.066945916424309,0.048728085876835775,75.14935770554588,0.9653611292987749,80.46631894843699
5.165565791546646,0.07622070749854445,93.2628330142105,0.8122949654079941,65.55256238915841
5.204069062525289,0.08064919642746854,92.16104185611466,0.9905016311539251,66.25240522182943
4.41897418924926,0.0007105390463766313,85.2653802496622,0.8094514400665801,52.694361274364496
4.771593419057318,0.027237642600444496,117.04107563620049,0.8482226536602668,67.47030426295768
4.73652102415296,0.01741434443459771,76.55586764288773,0.892836945213478,71.78026192396875
5.029966086322764,0.023638053539426915,96.56981682217517,0.9512115773132431,84.02357665376748
5.144223373930395,0.028247843770451232,123.32679423122505,0.9902225435086738,74.58119244565957
5.4490131222337945,0.07660484404173447,118.18258705199105,0.8856084862588752,47.46239707969056
4.8515103558895785,0.01159301769754164,124.32587770194566,0.9514620187635745,75.94832130382039
4.8507282505072356,0.02749975449538696,88.18438845251546,0.9454325108890478,77.0089432286555
5.344901605663624,0.015307719188831673,115.68576251455414,0.9142337790581814,63.725845111566
5.088973081559091,0.060136378621884895,78.74059206043736,0.9381838352201639,76.53077581153133
5.380295453356392,0.013389119714414501,94.4825208836692,0.8076133366132356,61.87791948535211
5.0866184009029505,0.08982231308215495,96.36488378439614,0.8883154801795027,69.45937020865017
4.652865014386019,0.04354344296876904,88.48319575603979,0.957172138812006,62.93550761848192
4.600061493566658,0.06939172106539969,92.7637202383095,0.8948442290005462,54.21544401036951
4.534546325282322,0.042318712237926784,90.13248145005295,0.9747009168453897,56.205742873152786
5.198615550427542,0.012011524773400697,80.35212377796609,0.9667275753129421,77.58067738679961
5.356579046926102,0.036750604909303444,117.12827012011583,0.9726892060344732,60.83362355671624
5.554808642415915,0.04472487658901607,96.35099994251462,0.8259993371256399,46.88763671495405
5.252931599696972,0.02707394764673368,104.02873087834571,0.8488282249132142,67.33670328160133
5.348851573260496,0.013710368617083512,103.27553742385709,0.8059194546424261,62.80318566227054
4.825995100203895,0.11112316714968955,101.09452850220043,0.9965601453726111,62.71298099701244
4.653075254976843,0.027340004709066588,101.85609092112857,0.8472276278833524,61.84245805780476
5.255023799725266,0.10875185105637329,93.89165559937958,0.8734186668964485,56.46500213601906
5.125304225671821,0.021589195243532,128.36793737029726,0.8549852894456873,73.50627922504498
5.032233312302267,0.07177852384354373,115.21489523270718,0.8079587245690835,71.93690765344336
5.116211444189897,0.011039867284042956,100.3676406554204,0.8522516019220218,78.37960122889811
5.096955644737462,0.06797480382997205,91.05891128067873,0.8196391332415415,71.27333227801942
5.385145057956068,0.0017472483597514646,97.6235831454184,0.878856617276917,64.44398329966971
5.388495675445086,0.05373892706191974,108.35243032743492,0.9933648236673551,57.66147385461047
5.163266105702104,0.011774273410191502,129.99880185072624,0.9396524744127636,74.23106194952767
5.253740861768878,0.022858618694585293,72.53904910669911,0.9413801579615763,72.92045373824114
5.154218765727433,0.04459072005439813,113.19549517283555,0.890635186658251,70.55142026407579
4.861649080389614,0.058669990803380576,122.53447273557269,0.9622608021378896,69.89021497207027
5.226969402473942,0.032813520387405315,70.26563060189537,0.9816568333835117,74.0663814009334
4.581651479342222,0.015290202755782478,96.37698246537451,0.9923100012167642,62.81406012496377
5.316167465688765,0.05783212325534688,78.70964053833922,0.8197980445492837,60.88013040752382
4.641643118070189,0.022942213914947957,108.61059223354069,0.9759288017292955,63.71477180820101
5.08574098603842,0.03410790679139976,92.83298135288895,0.8450165767151722,77.35638821799938
4.7464538124721525,0.038934556589812735,97.39721866239749,0.8794533803981668,66.79639100158083
5.166016694922328,0.03760193064790602,91.77888385443052,0.8690954389424053,72.60272910087949
4.989822432221628,0.03545788597587321,114.40326865536537,0.935026008017359,81.33085633172732
4.521573212551,0.014202301518952087,104.58065921196277,0.9195849080467583,57.09767976495608
5.126209889305543,0.020254269806411703,104.61853528079311,0.8218209749536073,75.36383214169848
4.826623766950187,0.09635661920775654,103.21243650162907,0.9565645259029033,63.95398000374287
5.264344016244011,0.028703007845911083,111.44981760904274,0.8879290803602993,66.44750769477439
5.000397706620322,0.07758713045052247,94.76056290287353,0.8004443686659294,74.87089911823355
5.118626295616411,0.04275377878601852,134.01549575081853,0.8829006533721663,70.72581893747402
4.712729313495436,0.014479941804920576,75.30410497562961,0.9032663151494382,71.12668334441388
4.823200330571791,0.015501254340755066,65.48163103660703,0.8137749370416459,76.79416732036643
4.862408409169674,0.052604011867745396,63.826388627828536,0.8302270518832403,74.07580494490061
5.257010744072767,0.061961257233439496,58.40823761415129,0.9987144342981722,69.41863169516637
5.503213126341647,0.09041390099400463,113.46339629640504,0.9742390804044971,44.383569248849916
4.758448474477137,0.012629895466574417,111.02735398565281,0.8266654838693296,69.04299842746337
5.323054443397304,0.13587581155984274,124.1555298355119,0.9160618799392513,46.14104627741921
4.349096774682289,0.04917024578990954,78.86723570588956,0.8758486594434687,43.20051923073135
4.641743179672313,0.05380518191485749,114.90922909491002,0.908748081739984,57.11785221841886
4.712366463143968,0.07864471393157392,101.13648124298612,0.8941070387134775,58.71377334887292
4.594247393167783,0.020853441259986307,103.33172998311719,0.8096297850051369,58.386250102860046
4.524923483063726,0.059834208004581,112.51245790699215,0.8630840621981566,48.53071323640034
5.123899673641339,0.05590310219186012,84.87436497875113,0.8251041164056254,72.19520008297805
4.935779690681642,0.04695207483763795,151.74498270808976,0.8977936184581495,71.88534431360684
5.113821619281533,0.00389940146912977,126.63760608550707,0.9814633439959086,79.551298894106
5.207141805836454,0.028602946118312943,89.36588092009279,0.9991065545139088,74.32659273033472
5.07968509795176,0.009418078215338913,78.18523884553304,0.9888506136964943,85.76467077997015
5.197328952845112,0.02064071522832475,98.24191676390616,0.997139424994962,75.1827523685532
4.979140314127319,0.03842454460496335,103.64516887164085,0.8030492631560711,78.68120553285198
4.643901983508276,0.019531199563647624,121.31230519416621,0.9458893956888056,62.49099647030892
5.317344254246239,0.005884397903753523,76.62558176863348,0.8545897620353073,69.50592212350546
4.823266360165662,0.02718527157150381,105.70973886398332,0.9731235956538274,74.20968890089237
4.719321110371272,0.005250863537258822,69.41969951170421,0.9627466981248085,74.68460110301325
4.94662463725868,0.011803701162224203,108.72715186822238,0.8847349151765909,81.84890617789678
4.726156724211046,0.04011311723321887,97.84991559083899,0.8946521350206316,65.66048700900868
4.87477088540317,0.06746286509264547,138.73359524571526,0.8530183337985078,65.55383051169201
5.10321617646904,0.003189218568905399,69.07994911560647,0.8577608072440605,83.57586785984236
5.1045025217738385,0.0867552308634312,127.4121676298021,0.996234884672097,67.90004499451673
4.730650980072311,0.06693055393127467,65.92337329667563,0.9777705777340349,66.7625499396606
4.853688388115376,0.045204691597197096,73.45579451186993,0.838373794422995,73.86249598461593
5.322299901431073,0.027682456464830946,66.4581088305567,0.8551049355729866,66.96592527281504
5.148920035320183,0.035956042093427065,105.00705216902108,0.8217295986124521,71.60527832212192
5.622519511804563,0.0793525575333191,76.52602378492533,0.9977741565959383,43.0488264151546
5.354038452122459,0.08117898298796368,73.03336989438924,0.9814419701061096,58.90634783714119
5.343287920567982,0.08674733641918217,104.05535203246761,0.9104195973974795,54.19348104774658
4.58363943486326,0.02206634159385016,109.03550771749381,0.9385786207894251,59.57643649675719
5.2291581054900265,0.04774835824993065,100.79698608300652,0.9495893879181309,68.00034908317079
4.984067959490927,0.08717732533110258,96.75561701956894,0.840762245492045,73.10716197767425
4.834705458938525,0.011185801745819637,136.57819264874357,0.9869332674662314,74.48530335888883
5.050404602159759,0.004079157314084814,102.9167253248394,0.9053485427443233,84.17914859570428
5.283563460383445,0.020801833150673917,116.11382947844498,0.8184903075000854,64.62434060654941
5.150249477301264,0.06497993689897033,102.85844251379918,0.8794165215667339,68.54052700703338
4.736457859597382,0.06575860753593114,78.04247423490631,0.9203293112353134,64.9260192466689
5.222737674077786,0.008456794440103235,110.99775363804034,0.8705646382933406,71.67873779138013
4.8087237373772105,0.055430472718985505,86.88405377060415,0.9398408855503663,70.31726566873172
5.065004935689286,0.032309197214798364,98.18027723921527,0.976409996081591,80.96349647413336
4.9089949797568595,0.025915806866420064,106.10805363786852,0.9543784248764264,79.12909088919024
4.934340124479312,0.054496810232011125,61.17163866226714,0.9285316040194608,80.33935414811954
5.2298728925121525,0.04319357803668583,67.80995752216542,0.9024314962823331,70.9962239171981
4.68794188405523,0.03631905039227802,118.18918344995126,0.8508926971575828,61.02759108262864
5.58355852228308,0.08805186804664036,86.72507106802112,0.8909892329994866,40.925986009206774
4.453674179211651,0.021944725811812192,87.67356021782278,0.8585905814276354,52.33319748769767
4.820699695023543,0.030569032732298235,103.32876794741641,0.986804676217945,74.05984352118512
5.111063566982522,0.07914474694389627,92.28654805756261,0.9814622313973322,71.86506376165462
5.175294249930593,0.057222745454177715,108.3517676328558,0.8311652766607159,66.68706195596653
4.969857283828489,0.046008821080013584,98.97756422533912,0.964524044238844,80.68283832995027
4.982782789099537,0.01942051078405894,103.97205900360896,0.940582939351148,84.46834361502545
5.123165025598285,0.04830287294160336,85.96283219515495,0.995042344112121,76.66923118558934
4.930679156762696,0.004174195420190804,103.87189646561855,0.8926613137200358,82.68065672057199
5.417954377380472,0.020896864521324113,122.10178173670889,0.9444348742828766,58.46672699095973
5.251804734269481,0.027025445214280273,88.64503567771602,0.9035767840256753,70.04493127443102
5.26184730530169,0.1024595661667231,118.30636600544302,0.8138800993384712,53.36719214311525
4.710152982988875,0.06304550522707314,98.96879363354702,0.8093529499473536,59.442532830863904
4.976183472678289,0.005384638509004575,114.68963311955875,0.8244222885759572,82.78279504390993
4.909860215383789,0.04704860179906399,102.57542636706222,0.8592382127704834,74.46154427187119
4.6983195872931605,0.06410336418488928,99.33178159804147,0.8518226211623751,59.38694487329958
5.10804925518373,0.08580497259252408,106.99459364152732,0.94566533374118,68.86014611076844
4.838706272666055,0.027754114406791378,124.27195124604498,0.9431845469844249,72.5957550140286
5.196621148955071,0.0037243293502531756,104.7219458843015,0.9942789159698744,77.0574653911251
4.6789425311317006,0.08606055630387882,109.57061661816795,0.8620781650884792,54.111970062272995
5.515712183852546,0.06069507277394959,92.63030172846597,0.9876904167561186,50.44378621503056
4.731100202422382,0.09461322547375295,131.41772947990052,0.9225701206975471,54.98365779024085
5.065790701160131,0.007317977305374906,112.80674221859343,0.8990617421980241,81.65542195668706
5.23755779311642,0.037429165761936944,101.55416920050013,0.9335682755626432,68.6481061399271
4.828807870939966,0.0076324536425543404,97.5469265549065,0.9405510903171174,77.6399333608665
5.255740593029885,0.01612983907007388,119.55816538546222,0.8343858057718483,66.96798813458655
4.631244920659875,0.04204098994528579,87.8759184590948,0.9503431007070515,61.78781691603119
5.435635309754768,0.01240662169438889,64.34249967457333,0.9450345528933953,64.46732925096616
5.004244779489728,0.07558211054595215,101.44799198848911,0.9995064567897558,78.25332658566971
4.821076577609336,0.008971873279550527,123.80009146228687,0.9823895561344951,75.1865956410888
4.9102454682717696,0.04782725261432695,131.8261762236935,0.9369320463368583,72.99666350852495
5.242675780817816,0.03021599419941599,97.8541211313224,0.9424727426193306,69.97109676027303
4.824663412444869,0.03935651661416621,100.87175327883567,0.9891971267669171,73.27309446202196
4.7751926931731665,0.004400640158604297,110.39060865031911,0.993435654596835,74.68111779350414
4.933539020724878,0.02912939021071681,94.71301162272471,0.9653930394430255,81.47949233847322
4.646911366169009,0.009377063748286524,110.32811896782297,0.9534787091014322,65.4448846931439
5.546163172382545,0.03252151415005224,98.29196497863464,0.8222731646729783,48.968249330135585
4.830081622635583,0.05401435828588784,120.2273651438036,0.9660644382961272,69.00129586679398
5.249485035854121,0.0378966849865653,114.45961026195647,0.8506391356911581,64.91321678839543
5.062841025094332,0.016780122968764605,116.20455664604866,0.9127568592038426,80.3472015684974
4.704639784855409,0.14647518987540648,95.89364710395824,0.8810744940875671,48.3392337813691
4.998213587236181,0.032366665084126195,138.51854641004522,0.8691214601274482,78.56839003309639
5.2352008337932245,0.004959293481257886,109.67823884758944,0.862050000293412,71.41723207132713
4.943521599474108,0.02917248817389857,104.94588106973663,0.9710854161314979,81.16254295801801
5.357933883755308,0.035785971114826204,84.78114038866056,0.9538272241343688,63.7545017512789
5.306454617834559,0.07863487885925337,98.05856359702892,0.9046897504817403,58.10542975097036
5.275674456397499,0.0038008873799471564,102.28759521405271,0.9328960987728914,71.31856196321054
4.8621029683181005,0.02724072451208601,84.246454071514,0.9969055900688018,79.15353581649777
4.676047265665554,0.028251263121935585,94.15365708461825,0.8795070271555887,64.49992130629286
4.815923718391161,0.04678033333231803,96.6839996379398,0.910220121201915,70.4743755638663
5.058872282200016,0.01301906852677696,101.11841321846437,0.9067047425148971,82.537056317434
5.163736014059706,0.08112010808252512,64.74586019916791,0.9871944750303471,71.277126424729
4.348528578571866,0.023108961490614383,97.29458918591472,0.8703124835221718,45.12216124257177
4.9975660395164745,0.07397334819730832,92.45307633840136,0.9972509500435491,79.45767150842306
5.0474267675969555,0.06984958236397006,99.58231700750201,0.860939522714637,73.9375153431297
4.916736723105335,0.02810428463233878,120.70553132360513,0.8217814070648065,75.15363570040489
5.387382151704764,0.06311952879588438,141.04790984242413,0.8382747090484113,49.94984477505732
5.126534022275261,0.06088107293130751,113.56754399289254,0.8852442683728436,69.62392869195581
5.393057572424269,0.04248563037482543,75.31155655867327,0.9299511899666495,61.11156924178574
4.935211843894931,0.08651717537448594,93.09186096334932,0.9033650440048039,71.89324911128409
5.281243247752077,0.11439294939793195,111.91926617662182,0.8752556353148889,52.279648813821154
5.490519918358256,0.03656113799299382,109.66580992858046,0.9124066531413552,52.366186269524626
5.3935080347817985,0.04534012972762372,119.74651470906149,0.9677612552629337,56.969072088301054
4.67235752197138,0.0866592213814072,98.05298011418809,0.967786205527696,56.892994210206815
4.923897176737285,0.12498762739979946,92.72999511268989,0.9452455776364461,66.31759853572714
4.896450588365061,0.00877451065480607,135.04848007832078,0.9904896916486685,78.77580452882407
5.146776360522899,0.02667355792125207,101.17341206739275,0.9180409334875677,75.43586214345035
5.20590606650436,0.00723969327801877,79.6665124795777,0.8015315275308178,74.62366132069417
4.748332197792279,0.09558367070927157,129.50267314065843,0.8581859265624315,54.77583247832879
5.020351554175082,0.1304023023771774,70.0780901721111,0.8656445408980202,69.52364319366778
4.394021800353159,0.026270433973792223,30.099095550227887,0.9094652154606736,54.88013767931142
5.432583501740567,0.06990420863018276,115.38773516075148,0.9809778942774965,51.64014297051338
4.846287727796992,0.022160202434275196,118.21401942049263,0.9676229927086188,74.98429121480135
5.016759181953349,0.0318897736509092,108.28025883889381,0.8464345970616616,80.31164909250654
4.907105085803582,0.09383718353941455,73.950878320159,0.9038780471888138,71.0332007290631
5.343808272504025,0.01110637401781945,98.82260289515358,0.9318297270857924,66.45988179928608
4.148748067580787,0.09677653866859413,94.43662852892257,0.9975023081262295,24.914786564190415
4.995016897302227,0.08492706648845419,89.2542197821522,0.8062605638720617,74.16174316409149
4.968254372750691,0.05070181319786041,128.2413886161856,0.892775463354064,75.52136079082511
4.863909083722495,0.11144873781271766,79.06667882736622,0.997621730801544,67.16300108473632
5.51786796369069,0.13161730165928692,106.322089062128,0.995441159405619,38.461941211565154
4.733801162343268,0.011237831851784424,123.8809396732515,0.8661453035195259,67.27720706589379
5.231538853170698,0.020439705920821564,107.62883050638075,0.800003347251587,68.27889681602855
5.106875836611825,0.07321349186282362,124.82236744990747,0.9173469169904669,68.47012761868557
5.378455775760655,0.1322341127715128,111.27429444857859,0.9733877701585781,45.7978624969475
4.799843274566748,0.0019841004459224855,108.58699340984057,0.8648594448355779,74.13147096284402
4.7801093302628725,0.07675184285508697,107.33669737664295,0.986853992966754,64.29719350918009
5.32882097224322,0.01706276837547416,112.268865333003,0.8665404874222526,63.815249624230454
5.127596392499033,0.09691328204560176,92.28921805175479,0.9220402639945138,67.01910761793258
4.536518795996972,0.015005879590770665,73.96252296254427,0.944409214636327,61.43217781767485
4.838208495661019,0.03958595668086716,119.08086822926619,0.8690831528990723,69.82819247258588
5.115914796154418,0.009574678452312484,123.23484601011532,0.8704412824038561,76.69425150995363
5.251329266463976,0.006588785048081865,105.03957621812087,0.8939989659367549,71.30794795187215
4.796230804042113,0.04981498927306062,89.03248760731259,0.967044685620915,70.73924480325475
4.125723203054918,0.01743025364037382,68.84565766940725,0.8201701535124457,34.44769144054717
5.15696695572111,0.051385119727596074,101.71614199846776,0.9262958770797584,71.22851803934239
4.633903793016807,0.005448926345735301,73.02099310564057,0.935469585861852,68.62418103582111
4.394798360563277,0.013255368550940266,70.22024994724148,0.9115745519978273,52.90906239638796
4.150302222504758,0.009178027394803674,99.58536943968615,0.9871676774751246,37.42624584659879
5.244194258059323,0.12224693990155132,84.7246099762397,0.9203981433869094,56.946805401322166
5.03858523512149,0.03125854661134679,106.90619112329541,0.9269153502154075,80.8437917929872
4.932303085786325,0.07918811047265223,96.81408794876252,0.9199520055829681,72.77759989306476
5.416707308888829,0.006010450672704049,87.8673086755478,0.9444037549856334,64.19733809792254
5.191197404906922,0.024843301623793782,65.90169838542069,0.8270818831307789,74.75312828608912
5.4848900128165745,0.11226998406251895,82.94223748339284,0.9788552647048614,45.34898316738564
4.582179358349901,0.07143493579449497,83.67727019897819,0.8084984645838107,52.0177634035982
4.989634812813811,0.026085891824095753,75.49384652970076,0.9281487920107965,86.47879618246014
4.514985987515596,0.14091778767862256,93.4191140951523,0.9230961864406216,38.881503418439564
4.93118530044336,0.018441981759926118,77.05496017650697,0.8416242254853308,82.2318092546686
4.925415243869997,0.08231649055374723,96.7251450541757,0.8081421947368274,69.66777043845673
5.1879840911789215,0.037750424869995136,104.80822427337313,0.8277670794096219,69.13290995962058
5.01366916434257,0.09990815476254489,83.47660091221644,0.8543344109902443,72.93265505364731
5.187022141483975,0.05042157451841804,108.50817258837169,0.9764211381118088,69.89304083659783
5.211032039941668,0.1425166738097853,72.77284257504593,0.9711468808359981,58.10622989124749
5.646478603214943,0.1256044663626454,77.75645203207418,0.8127711148532104,30.8503909465634
4.905411003414162,0.0307266459443208,97.73565404750462,0.857853601606137,77.0991699405739
4.7176931898000865,0.026232200922401572,113.74082183777277,0.9778632486498108,67.30994403886389
5.073825084594922,0.04263120149900605,117.34799082978533,0.8473318056889241,74.3876517302537
4.759315991858137,0.029466701809008292,132.2478124431512,0.9991930607641774,67.89803421110541
5.444588230530961,0.05104666978069956,92.4682225036498,0.8513680391574614,53.448244233821654
4.915034588316431,0.08047657005681343,97.44997362643392,0.9478226513342,72.04204545450443
4.8303270896378026,0.005503942348749234,79.34648941964026,0.8834118347142788,78.72762177827732
4.858605283654665,0.02399196530504934,74.92467336017954,0.8272489104089049,76.97003309568264
5.215525227041493,0.06138876071859589,104.5714417265505,0.8510309226657609,64.42364655038122
4.952675905030555,0.06011663889422329,84.48257001107514,0.9350236151242903,78.39527376907807
4.807499953960885,0.025036790406067246,124.6475840003458,0.86741128040729,69.57794588485424
5.49960557528706,0.12887770943403862,70.75228536265219,0.9208256441200957,42.03329341380733
4.743149047801475,0.0018911061430826118,109.72706411649392,0.8411062085537919,70.15469470605252
5.010669822209898,0.024992898581763418,79.88521522365942,0.8897161944365601,85.41667824650683
5.195691845483069,0.04090457137533009,83.59103066455833,0.9024491560568452,71.8126836193974
4.510599466874878,0.013746892845674912,110.78224130504061,0.8825569126628648,55.14684820839471
5.144078150421778,0.04477582620724478,86.48239127784183,0.8395836062701187,72.78237004122482
4.683467697355865,0.021650412791972,89.684318649602,0.8923107049213476,66.63828215602284
5.246834834250201,1.2114146594275482e-05,83.75683272896862,0.9385801121078061,75.58401179225807
4.711204696424307,0.11454202100195827,135.70059583226885,0.9929811325651722,51.78054170324125
5.207830709554658,0.000279367837383946,87.65027377839981,0.9579043240955899,77.88131135518474
5.331749919888414,0.019942577200864817,101.03104434865526,0.8322940963038093,63.6463957177761
5.258430957689842,0.07853393943532501,95.96172799437852,0.854540369960708,60.20868622308705
5.075394994471431,0.03255209751433469,104.42834123448522,0.81576477909067,76.46594716292883
4.93060971712109,0.014647161507353405,87.7052610606813,0.8271299048520157,81.41158079213459
4.8270741270995465,0.048828056025449734,95.98365530916699,0.8501365929736895,69.70460555071243
5.4413104072451315,0.0669205711936646,107.8790401798787,0.839905473259644,49.493495333447434
4.790151433949707,0.08102381955405373,82.73985723994016,0.8427298501533274,63.8361243829469
4.6888801779290015,0.017361091611024237,121.78642713256309,0.8461540452878576,63.47308512658729
5.199610680509849,0.049800433649306,123.70961038083266,0.8601357391567224,65.38504786706434
4.761158959044051,0.0033054099772089826,112.12985252317479,0.8251172137253517,70.46308506825127
4.714980950760162,0.010282781675531618,101.39752767192967,0.855566996763659,68.32802696236018
4.5669187213490705,0.08016063911461427,40.18797103590928,0.9376823654564113,56.72587761928939
4.855127048161845,0.007477719792979311,108.48582265308926,0.8472801999650916,76.28298665475668
4.975185492831052,0.03391022980104899,92.17339189542271,0.8343676855305375,80.89460962077428
5.07292751829821,0.02777897346153194,95.07451177164921,0.8135391324368922,78.22083435445055
5.285391873289845,0.03353771881692513,62.05245338954367,0.8999942972394077,69.64047038590434
5.158069377099738,0.06830464276781605,109.87176971748386,0.9683965455744553,68.65089489858401
4.942738334134046,0.04801404468394769,71.0283790634609,0.8118033288527484,78.4954220161595
4.940541297086084,0.07931453059352105,102.36849091982789,0.9084652054476299,72.46775325310671
5.153047240674555,0.03387105556186716,118.09314963819682,0.9301237830844996,72.52966792311695
5.381771048878571,0.018648671708331056,90.61343637364895,0.9184923313557688,63.60493930078657
5.03789425984496,0.07485376532063139,124.32103450456881,0.9755246407131702,73.57666897501419
4.859260743736877,0.05226999183903791,85.0601924358564,0.9732791160417127,74.67470892560556
4.702140199674337,0.002176151568522796,112.00866153462003,0.8114615185056919,66.83035346183361
4.566438420676333,0.038101227549423286,73.90428497082945,0.8721887938447375,58.32446848797828
5.1998809016130565,0.02271701470709376,120.62260869361047,0.9341659660995505,71.22065214978251
5.173393557091867,0.058147912835698576,117.5198076515858,0.9904889310985062,68.93199750594474
5.173209057531999,0.05592109930046446,109.36715845927459,0.9609369592906104,69.50131499289516
4.961402166094383,0.10259571684336892,92.13431726772377,0.8353178621067638,69.78769795452055
5.422080423767525,0.04625723293941357,71.95998753143776,0.85584176754946,57.65742623088187
4.854764451624555,0.08798591065004481,92.18719369561084,0.9527187727247477,67.92363658490044
5.2865807711621615,0.06371200846166208,122.20614351496245,0.8942949694545351,58.91363749861546
4.988377131503137,0.019419494277247824,102.5992374313823,0.9094604884044308,84.31898977355145
4.817494770596198,0.044209910545558034,68.939261409751,0.9217959640351414,73.96019279366593
5.177759092195329,0.008177659062435047,77.50544721160118,0.8206583035451479,76.77042695865786
5.122890835605198,0.09947816664312888,125.0630280170456,0.9711924066866509,64.62237019924723
5.107091827780078,0.08927188908281912,109.75825504255772,0.9726268878753455,68.6604192240236
5.02438352661686,0.0109799990051845,75.31999758520143,0.8936478888256735,87.23094657020407
4.988632075484951,0.12091521431010895,64.68337007650813,0.9253690437001326,73.21968624893253
5.716511597861132,0.009365513284744062,87.49915730799867,0.9319808240050981,45.49417788492257
5.355276993558852,0.005614855593544176,62.97282584020161,0.8379445169459768,68.30275980233664
5.216848068495653,0.007511369397980831,96.88331019985999,0.8225169656932559,72.62441877444279
5.033539747461017,0.046426960091570074,149.03250743672606,0.8041345892807501,72.20301218054587
5.3021471601790005,0.06381062896608317,68.06087848601656,0.9825763653555203,65.14501550285625
5.155398432917435,0.0695149773549762,96.2794867358757,0.8691426577889383,68.00375190389866
5.0078614258322105,0.04228545700676835,126.23853150662502,0.8171661870022007,76.90496648843363
4.908930702420226,0.0700385350961318,114.9817571660019,0.8931599956995944,70.39508607818547
4.975724798701194,0.0029400133653352187,97.02518570401723,0.815125022669235,84.70246780025433
4.048872279236583,0.1352044891774595,97.07302659663605,0.8170501505613911,9.285363729140302
5.0631802517892925,0.03871083674012392,76.8818043515084,0.897777069140905,80.66992032929112
4.853457175966892,0.03839097842219326,94.64688459988893,0.901767331943327,74.0194419735622
5.477800999484865,0.037974296988692896,104.8688142848026,0.9160286170655821,53.46948639543556
5.005803221243526,0.04076898112529949,122.1022708654818,0.9312622960017204,79.95147839007974
4.643310974139512,0.09915560905429617,87.59648752970489,0.9336534740358239,53.63873781797227
4.985035953761565,0.008023784154446571,96.20329743873074,0.8865993375103035,86.0102466088599
4.686163674481249,0.01810535841026553,81.01573038486634,0.9287066117074753,68.92657590299798
5.14202222471374,0.08407476996267063,104.5065035908101,0.8609479512429032,65.63575968855207
5.0872842093018456,0.0223836447311148,115.67558900617927,0.8882616382310277,77.60307459622466
5.287351889332481,0.06232556933009706,112.59296026859789,0.8786654097064561,59.724063407805936
4.76273546249163,0.04150445780858761,76.5962584911529,0.8658220002437274,69.19527323396892
5.010202428868444,0.020191232412137262,102.9372641891283,0.8477141651221933,83.0197262896038
4.590493461372009,0.04083928205407089,86.45374943499624,0.8156918001081747,56.9721764328738
5.2104484345774145,0.021707952335829044,120.22100031305666,0.9011820955571391,70.1184429548179
5.155661354132037,0.04712521148322578,96.77374554452923,0.907457637241179,72.06331521996458
5.148741506308271,0.08293806198800344,69.60973323517831,0.8672310088204114,69.01844717619362
5.000485709407083,0.04414649725887934,95.60394588784534,0.9951687726070891,83.69186371010039
5.124431867236638,0.05160116118085108,109.16945138397763,0.9113922420612917,72.10481349150216
5.481301732492579,0.04365226364190006,104.880121262856,0.9778021037830475,53.64208645353561
4.914471722887396,0.025066358843023415,89.76407972696039,0.914017061904324,80.41228281218069
5.0415935551130255,0.05484653174813789,88.29453220257707,0.8379831705943322,77.20761712262674
4.674162110245577,0.10093877335347103,80.24991203567367,0.9949245079203839,57.182409566554284
4.7395217115205,0.02555441756524166,92.10500759329388,0.9770670020898096,70.86897933891056
5.029343987927993,0.03224625173111258,82.88642066948395,0.8942547356875347,82.99887561145584
5.331180064010572,0.07814512862720698,119.4017197235463,0.848611578361463,53.43948646015928
4.923115752724528,0.012642234739156976,81.97725218536767,0.8445339232529703,82.18356319912078
4.9292250412063625,0.02154740441339151,102.44568924724402,0.9612040854332513,81.50090459431367
4.877934426648688,0.055253593712690174,101.08607806652665,0.8138237222902519,70.5558931811701
4.839572998746703,0.07084154445064257,118.91334895769822,0.9276120762827098,66.40905488709015
5.088491436712647,0.05136640601369047,121.78736577916742,0.9280269847083671,73.36735601143822
4.550822706446406,0.04784739411702516,113.91939886562656,0.8364909095451618,51.21013157357118
5.384281873000019,0.020651142608441118,107.0585668658026,0.9409824736869326,61.95920901589111
4.800373310561162,0.018681992246906507,79.02707707811885,0.9410812578390962,76.1390172456038
5.216571045631443,0.031179972722295266,78.62259824523485,0.8700061734882768,71.8666049990112
4.619000420781838,0.014724920512402557,83.08618360470102,0.8966751825433984,64.55617246044774
5.200652039163866,0.04174464813386693,115.0384199925583,0.9665527102297988,69.52639263542815
5.201583382344349,0.0880456301383361,101.46659856501272,0.904630654693449,62.64410577595634
5.115260621601769,0.004377227820329635,117.37314481471125,0.9236314201969952,79.16309245331318
4.701671443460063,0.10983767327132458,120.05605468640167,0.8825539300972556,51.27010875021001
5.074864456879423,0.04197429139978824,85.48096199401505,0.8299198178329804,77.26228903452449
4.645083144579683,0.028339683226549634,100.64148655114374,0.9996133263268182,64.38215406222052
4.924171023471144,0.11926132678356785,99.7401264263282,0.9063073040565215,65.71319582923111
5.308823930286597,0.0967976809400718,93.4442462075157,0.8672892922841022,54.952273266723864
5.239010578121222,0.02076555573940538,89.30314290950577,0.9427574651986268,72.46936696483782
5.00455488276213,5.8658587369454784e-05,123.69511006822114,0.9241643533323004,85.83168430599069
4.707558027223147,0.0629175616502695,101.03943453431002,0.8465816560598712,59.843537053614824
5.193676313652258,0.06378281816141182,100.26289577119536,0.9753850998795107,68.29341087712343
5.005814371309407,0.02330033544913131,83.94444650262808,0.8141805873842474,84.045254501488
4.303905320530873,0.06989771610712749,113.50424860827009,0.9211396503671807,34.82202996229988
5.234788947894955,0.0001657383660853759,79.8978499832397,0.8955776982956668,75.80957133897923
4.992730149839092,0.08058198128245835,109.09811057689365,0.8636396827570645,73.8394943954287
5.360735374394921,0.03163213490610289,109.64458720110325,0.9652760256520484,61.952119093319936
4.6714188443471585,0.013834420046691973,91.74969901352863,0.9312554148578527,67.6601060496299
4.0469888560411995,0.004508365768828015,106.3530416236636,0.9518998993755151,30.54577032229171
5.083725157503555,0.07280151857828569,103.71339118088974,0.8829317485289043,71.34355861553294
5.087469103004592,0.006139060828308552,99.212787503797,0.988479666261302,83.67930927032454
4.492798511718064,0.0178775735494122,100.25887960290466,0.8689446845438,54.23928040125755
4.706450136240018,0.045340569883152465,101.23563646387042,0.9062089848911291,63.58653874336373
5.826565323115971,0.04726292415130598,102.59823345344097,0.9867300223623118,32.79141909224799
4.908316815753859,0.06434763037365858,101.20484062687413,0.8166377915771219,71.05913615803779
5.219287692912864,0.030556238842233338,77.92271619575716,0.8217620874333916,70.90227272798526
4.804802051789485,0.0009124457639915623,96.9557809798879,0.9988375532646935,78.43242921007545
4.372909130344053,0.0025150627320624785,105.29897202393744,0.994278231391132,51.352955836262694
4.948922525961228,0.0212836157603806,101.94577457078583,0.9543403211674273,82.63503815988655
4.920318631914168,0.032479623803719174,119.07500518790278,0.896837655214233,76.37642692978659
4.880036528399488,0.01264141760757818,112.40173178998909,0.9012121697272887,77.69004927837943
4.965607749348083,0.02096017104827736,82.59180929893728,0.8514425747074872,83.56210986789935
5.079280481493691,0.05586269302860526,96.6674578389121,0.886546207227065,74.92794551673785
4.954964914623858,0.05336776422273391,93.77326693105624,0.8862698755732665,77.64080106238109
4.620798149615791,0.029055614444471495,99.91303026745632,0.8072180037853478,59.04260385923803
5.145855437468581,0.07009352067705442,99.940372003226,0.8906316416067339,68.55324128213903
4.415188473403273,0.020008025370354246,112.23043338479698,0.8959588817034935,48.6062388942334
4.38489276281474,0.06691987892608932,103.54656726282288,0.9331566348459726,41.36405990060817
5.22175414841047,0.0020776905346662523,124.61090010417101,0.9032905826775355,71.98781915830544
5.152106081640607,0.010003503844079161,104.8200627532472,0.9723365864750405,78.33783497912779
4.982781390477789,0.05714516527167994,83.38818959325447,0.8735123650483647,79.52653697955718
4.581365448573479,0.08351367722566976,90.6543875966356,0.8819435182411205,50.92830693571712
4.787626717797777,0.022058975847446746,112.07578141463517,0.9142965027312149,71.0271086039104
4.921175975694049,0.04568376078966531,67.71663470988629,0.8405445449022559,78.45722185024962
4.521231809427766,0.013074394264075983,73.0823917047991,0.878699617116444,59.57850259790353
4.77829140259303,0.02373140049084237,100.21394414250462,0.9372334943506655,71.8610495547183
5.195699101453004,0.011351825457492231,119.01844237042332,0.8823617478549608,72.30067081425284
5.428191609286765,0.016478646661019527,126.14070863909755,0.9813233020019916,58.84910161977125
4.874169574202435,0.00042099250656585374,95.65788505956456,0.9230601041880886,81.28243915396655
5.22694650629483,0.015534599623350537,121.21657373971769,0.8307535499842729,68.54643330452132
4.42578197882376,0.054180915596816634,101.44535819537796,0.8974888681978723,45.22502293432274
5.197835372334083,0.016747593841768892,69.37170035513539,0.9529557491191532,77.7396835305592
4.7588154755817555,0.025145500352396367,99.83846927043261,0.9286690330613072,70.34663721622877
5.092203685012391,0.10839643334197668,87.62183750756898,0.977052714734424,68.9871844418916
4.925674274528087,0.06803700059120177,118.36461760955481,0.9499965793045233,72.49837620813996
5.39612420293515,0.07307566803296002,99.48649479291026,0.8123227545219773,51.569003230095525
4.737669305498025,0.01823841449262668,74.44173786887059,0.8225025298476312,70.53027296605303
5.188281889268549,0.03212314858613554,70.00570378182881,0.9299497397542197,75.48303877286821
4.91614776101104,0.03618775336157467,99.58040085171098,0.8476815917023878,76.53629440530283
4.952508356597101,0.05452464328684467,51.59565057080589,0.9175669805278475,82.16357945627573
4.944843832052237,0.0779282746411161,89.63669420344198,0.9584435184187954,75.20658967499855
4.746298068651766,0.061261220959081306,104.62060651485683,0.9153863175614104,63.43436667498632
4.995770310227998,0.04409508160201693,78.85966991889283,0.8830977140012579,82.90794366151323
4.981205533363454,0.08783642453560606,119.87974313810659,0.9292540622225438,72.29397525210655
5.072372074522018,0.04261449962854591,123.82013099501384,0.8287238888549264,73.45796526199415
5.025351543707859,0.04242904396259237,79.66598094496096,0.9446415991006564,83.04078467065665
5.239398364883671,0.09788396359111212,94.03911651607027,0.9394050227424044,60.33769237155396
5.277052584814211,0.07506097903638544,119.89386302642943,0.9028806729904578,58.18592521285576
4.6848130034516595,0.02207537294557656,99.97384931489822,0.8557626990026345,64.89534331382596
5.2606317501772315,0.05165975893359577,72.1104284380196,0.95951275732595,68.59234345204378
4.644099071867044,0.013213393247929101,97.13357862871294,0.9021100606456035,64.99277867487403
5.17635676644132,0.0452077275475139,82.94143355408322,0.8118353811718938,70.57999914942323
5.18592163541086,0.04383067535099072,122.1639579285177,0.983722510368132,69.72815498721063
4.426604932501249,0.049173365622799295,112.11864188649177,0.9535432872973784,46.07929266395343
5.027893773958823,0.013907719434448238,93.72486109468744,0.9169610295365364,85.20695012856537
4.8594511659919055,0.033262851179020114,102.84296025060081,0.8873651034565803,74.04064832673284
4.772370422619388,0.0018145095497078476,73.83756846055027,0.9919799396083382,78.52589087081884
5.405255699209702,0.03573549711953799,84.92445082884777,0.9550041148530803,60.931970693664006
4.803896257808774,0.06029488885005345,131.06558375384986,0.9069986134573673,64.22295603478081
4.758086921264585,0.018470346788462218,101.07029305159334,0.9306307790367773,71.22024953318198
5.022708482001528,0.031229973835412976,118.6017160958273,0.8561500803459599,79.21582500193283
5.205676923889525,0.08917120392779876,104.64026176816057,0.839143188549777,60.60254157163815
4.957505424196962,0.04365982916126131,126.28563686059049,0.8546639094608157,75.3660655807858
5.349911163700775,0.030041214483723683,60.023249348015604,0.8586272198565454,65.66936746772429
5.159292698589227,0.027903968982068036,96.23564831961987,0.9479476901277422,75.59223170792903
4.346536604080571,0.053551300569442434,132.8956329243278,0.8280122081438466,36.03018202986203
4.841159910947898,0.03650749746959693,119.12346871121288,0.9555174403435358,72.19147197218375
4.83144737019449,0.08418697168507042,126.50744517580382,0.9046790626722425,62.70163319477331
5.143808286028826,0.022343927165165565,99.86470812687018,0.8769146208753604,75.57173536831577
4.212554883087766,0.07081332500669979,89.25787169173233,0.8600792219187378,30.407091503462535
5.764702912615316,0.0650060434414131,79.45671080624143,0.9026401209093511,34.47405006443193
5.159307828468263,0.05678403818798666,78.06143816676979,0.8635036925260099,71.38785459754943
5.0446630411753075,0.008509679884907664,116.14121124417038,0.8858903984857974,82.1474523920443
5.354470314925744,0.04183838755552487,110.26422100841704,0.9478030579364699,60.38566202901432
5.703096215843788,0.025711632225117804,98.6685310133928,0.9251997012706301,42.59462313967839
5.261223993376521,0.011658016615303964,110.16381309703361,0.9495964752946366,70.55340610130253
5.284643928941486,0.015181935720588832,102.84903518104122,0.9425947379286245,69.21106514589086
5.039207007339314,0.023269475252261345,119.24435402798967,0.9630144986645843,81.49301284229466
4.957542273989915,0.019211115555016464,119.0537350981634,0.8403379919413426,79.47225543515297
4.85726136679853,0.009224671639719937,78.68251799030315,0.9990245998946603,82.16422146081668
4.752166402485638,0.0013871739937147583,105.4729197493958,0.8951540899743132,72.27769787462772
4.793895770090151,0.003817547764541948,66.62266499611836,0.9436465876161741,79.27177929343941
4.5948332106971055,0.008665336505064037,102.66041476181192,0.9355500326002644,62.835151341890814
4.977238564794493,0.06610867282535432,112.0860855940317,0.9132300169234057,75.77400474293137
4.494599726832084,0.013510458539765326,73.72561310413678,0.9991632437211735,60.26011839297004
5.057274957243113,0.07118511682950493,91.67074529078336,0.8434631699273774,73.5879239104567
4.989100817587297,0.09689274756632409,100.19052754439605,0.8843457734558057,72.47999963496572
5.044080589516006,0.06274723255280748,104.67829832746779,0.8255461118450864,73.98617215027346
4.843360528994002,0.046723426753425557,94.4279259355033,0.8363670943965099,70.87766702100616
5.923058111054151,0.036341610474176014,76.55423695190656,0.9425928127153533,30.361704324740955
5.408034770054094,0.0632679354525035,98.91985596161483,0.800968535752656,52.155108597770464
4.626637249974583,0.024468036929811976,66.95512866118044,0.9779641302739301,66.79179919836373
5.069860426228069,0.06922849229785993,95.34717126635711,0.9266368966537304,74.42212138807575
4.817598157118803,0.05070529026448421,91.1725277260614,0.888181010743266,70.09646332971471
4.695656081987776,0.002007976960980609,97.31468653121158,0.8662722214493852,69.03214415098601
4.59797837866282,0.0647925440051403,88.81356045048634,0.8252548097199833,53.783561268349175
5.129665007227776,0.024574000298878428,69.846383236876,0.9843125172907751,81.23561154362959
4.795585929479127,0.014693399619384198,92.67313358820975,0.9424644650070522,75.11312176716008
5.290347807207561,0.0038099580199493603,118.61640250074637,0.8672785997852083,67.49156961018346
5.298134664359131,0.028300942393728615,125.2292160797761,0.8141872358881241,61.6276018891777
5.412174315563435,0.06982313077064918,148.78668557438533,0.8651365663082036,47.22013421932205
4.744283970177769,0.06444700027965188,133.83300816795327,0.8369268589618167,58.34522453115933
5.142609683207603,0.03766968987294784,76.06124146663791,0.9572546626462418,77.33193463286271
5.18973626499269,0.049982182036251765,91.83124797454681,0.943919736951272,70.8137667365716
4.85774654746881,0.0835848395761279,99.54428730324446,0.899632125464585,66.96528069067669
4.768468412782138,0.012501685441456948,98.288803315326,0.9771682206182017,73.94733603154116
5.482856199732792,0.03577100017651032,101.39066659792452,0.8361361376278168,52.24663408231982
5.068248762719616,0.08505649260892864,148.15182843095118,0.8903931170866989,66.1392798441226
5.190790325213522,0.006488912601535921,78.35896908415205,0.9421240607928241,78.58582790439958
4.753377196451622,0.014516906167195236,85.72937727571403,0.8135604699437359,70.72336753332134
4.634214660043342,0.06980988776672757,132.87651860178187,0.8745354721789422,51.78445402099203
4.829165067652367,0.04856415265821482,87.68037313830295,0.9143329604364361,71.98390305530822
4.962793583783001,0.06107263122761107,107.87161300671431,0.8733607077474048,75.28677319711508
4.680733997954795,0.017512940384586843,120.69314739736417,0.8960397978545502,64.06858003695429
4.997046557404885,0.04941183972575294,109.7299803346406,0.9216236698734144,79.87049284943438
4.49344844357945,0.05609606262041861,103.83531266204984,0.8736781228359171,48.282528412217594
4.663985773259038,0.012585207410911684,118.77221539387968,0.8212028711844936,62.49820116820746
5.201273374483063,0.013292333650379736,82.1386288699006,0.8278888994684265,74.27366258583774
5.181137156083368,0.023629726320307656,90.07273741007998,0.9054007939108394,74.68805382416055
4.8824369703839405,0.007419839390559138,110.71275176930327,0.8349480051263795,77.46092724004983
4.694670707276914,0.03331076300764535,58.61121481571498,0.9779667344287793,70.38184119247212
4.691778934542197,0.005082333939822884,128.33167646689384,0.9668371370247653,67.24796107536429
4.888019526217605,0.007789247991216542,106.06784750395562,0.8698064138012032,78.90212790000236
5.193355547493588,0.05323533408087834,103.06063505562301,0.966197434398986,69.4312522206704
5.278473707403298,0.07664780824030688,67.38974244717886,0.906637566068219,63.18818339640261
4.851040479355409,0.04550332965855329,74.26781749200524,0.8318101857205883,73.44635127775278
4.653952272204565,0.05964526859186009,92.02832671398276,0.9228423709082647,59.544360790261905
5.0803530913599,0.08452126623084312,116.14859700591198,0.9358902234432813,69.60356935205397
4.752939508812245,0.021260643777285825,58.467679756028296,0.8167783156940318,72.47607230041963
4.844524208341639,0.0020802758485988157,115.76729601554712,0.8628906180844077,76.04049388334195
5.397582827131111,0.07474171837911055,92.79937351783266,0.8010767975223838,51.675371213931165
5.248134628569731,0.17702114550511186,95.53153054516696,0.8632857606712253,46.27131261895718
5.047392293675435,0.012520734234131192,105.07185883381612,0.8670890665838498,82.11294769264958
4.6184242996661835,0.07193639499574561,105.38634475692822,0.926041725355817,54.29719876203269
5.063418970241198,0.041908057216772945,85.75142820126806,0.839808655929833,78.12968350148203
5.318797187236258,0.06981942128215048,112.49820176937685,0.8060181973455586,55.269799343475455
4.887309900270339,0.11287954383248329,53.61203720207123,0.8631269066986563,68.20799685511386
5.405334226996015,0.01698596254860093,90.9916222686469,0.9651239092517848,63.33536795611998
5.387823586855462,0.03054407482948007,103.07363526353808,0.8798290411115652,59.43819086012776
5.4991198496430425,0.013060179952723199,93.1010136957105,0.883018753966804,56.444055738274
5.0915729379594055,0.09133807624786132,63.461793920680364,0.8938055125693205,72.33484314457485
5.176217509941804,0.018105664948907904,115.16054757520942,0.9503577661619973,74.2022002268746
5.424256186499327,0.061048356965649794,75.03224375745896,0.8960049784757144,55.80425045896131
5.134218181120692,0.01821211778132429,98.6497198494342,0.8182565505073566,75.71525049076354
4.849629767662936,0.005793022265551629,103.06069194135246,0.84127995991993,76.62836272420678
4.865437149041641,0.04637840580560165,100.39654307530735,0.837579473398515,71.6814032320978
5.071566486132122,0.05020124234747764,123.3802185172763,0.9015726636808672,73.86925590184076
4.612831573416134,0.06299527812525914,98.93474880012626,0.8059858930130451,53.54684566642746
4.957022325390742,0.024441148113939423,108.5491080939388,0.8567233217025527,80.03472293101079
5.328964135469076,0.14179925621146217,98.88191933697517,0.9214389882086338,47.532851270611275
4.342623844650416,0.04675081228240119,112.25912168332549,0.8709301351063203,39.73749937045864
5.460344630538354,0.015729058358346676,127.86990594095046,0.9415424316837644,56.063821453527
5.336712265610948,0.11708730610258515,102.75083658944388,0.8782442673713581,49.523969836438134
4.8620706152508575,0.07520875782718378,115.63700715165999,0.9958515056755557,68.796252639319
5.163017248361543,0.005669834038803074,129.10657869764395,0.9930712574116629,76.31925727095583
5.000944318071898,0.030306768981130192,127.14368493948542,0.9599681428929183,81.88231993242641
5.3689971105316046,0.01989441600075883,92.29421192777579,0.9908781056103022,65.46415188741837
5.294804942830982,0.017403590216083373,120.72864711490334,0.8409556483235326,64.44741315270888
4.579978783045097,0.01628739462534588,104.97542320094385,0.950184633159268,60.86176813199491
5.176178724039253,0.00600169335967354,122.34459995467827,0.8643317266638915,73.58119709150381
4.938311643907026,0.025637446903837485,111.37269167125899,0.9450588637885847,80.21698970749173
5.02484977115543,0.017419159034551667,105.51336152072376,0.8747786923266399,82.84037756995188
4.781548429709055,0.04383091001223305,108.67944160692709,0.8578841319488372,66.60800775899237
5.524441120736251,0.017935961330381462,105.10475912077862,0.991759019044332,55.167843025076515
5.312018545970773,0.10575591090893902,105.8866609027302,0.8419770883511677,51.66637628216312
4.77806865080811,0.024110146313139826,96.82335278836182,0.9517137189213125,72.41953620110569
4.59961681792693,0.0034203110534227338,94.96551318784965,0.934934432640911,64.66609975163563
4.884298210706645,0.05770429025192493,135.2634985874534,0.8606955283616129,68.0898098130969
5.130350793827391,0.012084019370231073,109.55055822222369,0.8916686034984559,77.24466571256862
5.072061753183867,0.1134016462479555,88.53390155537201,0.8285886191848659,66.38443009993478
5.375939847430473,0.019804374535246073,94.45165137140712,0.9842417208741445,64.71262225422687
5.236975916654256,0.05502485315790817,121.12516906895902,0.9936239603054862,65.28767932627225
5.290870707725872,0.01773021911966365,85.27626579822761,0.9464926063502719,70.29045021568083
5.098056620183131,0.04515446266683312,70.35944636377978,0.969884068766526,79.70517012793971
4.583210380936703,0.03375467384718771,71.8310171879591,0.8165234861602638,59.07678978353338
4.94129044065593,0.0171746937670396,65.42048799590424,0.8767937235912784,84.89504804653501
5.318026921972599,0.005087888058486013,74.02370283471083,0.866162222976443,70.07607564892892
4.984543121442607,0.011901508282618722,76.3826812039838,0.9129903131238138,87.90889918624148
5.150927110587124,0.03411763319898263,127.70474759216278,0.836671058934837,69.78967480440565
4.90437550542616,0.051446955484823684,99.07641574681463,0.9126762641253996,74.8913707106726
4.691056445437447,0.013641860185293429,92.73472921726565,0.9308730731153176,68.76109623903257
4.962996780786167,0.03436339645603962,71.13173873962853,0.8264706183714526,82.04153587223027
5.092714232909796,0.01810426609336152,97.1374720505732,0.8263441417730888,78.53464174181246
4.8032936841615665,0.024926301245269393,65.25343874871615,0.8070846779686303,74.07502554740458
4.929286626542999,0.009977750866138748,92.6116565742727,0.9521784899248289,84.04293910372844
4.718161027404205,0.020898628968415413,141.2898877968735,0.866201707367761,63.14991266665788
5.335773475269229,0.15490202284087132,113.2760715741273,0.8450840911489604,42.192362723282045
4.911663272723589,0.03558171494037125,95.80403679290939,0.9556188790090459,78.89451302324966
5.4358266635378545,0.05226484792155214,113.96247210812713,0.8286511380179079,51.187448549041356
5.458624355162272,0.04190118026640485,89.56913643744863,0.885436685419461,54.94918171494728
4.9756862105834765,0.006859158835147027,83.98644514241624,0.9489573351037055,88.09280099756903
4.697465380235795,0.0846994606645834,134.08259259065684,0.9147664635174353,54.03007372574321
4.374230636679999,0.005441811478682935,77.15450692159453,0.9108000286984846,52.13811636080775
4.558388878091963,0.07275272744712757,92.91757528645299,0.831492682143205,49.928519682667414
4.587849552530402,0.00328965009667756,106.1206656472702,0.8361865455669483,60.88918998393444
5.413540888238451,0.02799862595720205,81.27531588485104,0.9165117587819482,61.19045639926649
5.034747376168084,0.03826981041180965,113.01209907262819,0.804713372216132,76.96774340520336
5.116881357227596,0.03523341780510533,93.86810950715495,0.9738235977926821,77.79176690071658
4.333873697319462,0.046782011250830466,113.27820655133714,0.870094160128195,39.08918269897335
4.640610071234821,0.03970793280456583,111.71968359501037,0.8833232434034655,58.97491086197266
5.266123932933886,0.0040495984763573335,95.1397573874834,0.8516864669465201,70.9448778526953
5.086032233714776,0.05158648482623707,134.2131734518197,0.9753342198526207,73.18546030504834
4.955838416394321,0.16120835047013646,86.69328393133117,0.928500814561181,63.06974031122928
5.169452707580037,0.06269797798081572,126.97740941097474,0.8899816938070134,65.53003378311821
5.490739341840745,0.020490687019820215,123.49866485256081,0.9170617591319482,53.473405133965166
4.933687260938885,0.07716521371650069,135.4176441532088,0.8760739191950782,68.42616756743867
5.02081094079742,0.07181929542935127,103.48112078686042,0.8931164956568824,75.4926670722037
5.057779075619392,0.06256710610865686,84.2282857614402,0.871526438682857,76.15588974405108
5.717632890582197,0.004138580588926223,141.53593170659093,0.8821349588421671,39.810345482913476
4.370193120674292,0.08755444731685011,93.30597064047272,0.8629953088018861,37.00772925492048
5.204966904436643,0.06566955454010913,83.72914854588929,0.8155282155092044,65.78920200838023
4.965559325372281,0.03061498088302383,96.20426508190374,0.8074692556326338,79.87027099434559
5.170031517855254,0.0320290378863296,80.36618567685845,0.8348212408535478,73.65355949512045
4.802788233801583,0.004803867619231371,110.52297650246692,0.8503275487657461,73.40096721027851
4.985310490742465,0.025482601291651922,87.88663236482975,0.9780943721179365,86.06946345667585
5.213423173839648,0.08185754877393582,94.25031660190255,0.9222497309046209,63.93594021143289
5.933873060313152,0.0856103996800766,119.35557723329924,0.9916594339247982,19.023687384365434
5.242410856820621,0.024205457051496067,112.47386420352383,0.8679293720391259,67.93573105346846
4.745580320590848,0.012310741742690413,100.31169145139317,0.8803476007600874,70.46399084410973
4.872872095393189,0.012828839177053547,103.41747057493964,0.9439506455179714,78.9852656998988
4.863975767484844,0.018367204812984504,100.24510861263083,0.9155804155268061,77.37056277641598
4.461307048210996,0.023214743929379084,91.37689867165271,0.9055760160764197,53.170041757616005
4.9009729424895685,0.067343073082309,99.94946678304426,0.9151128083127851,72.26422507497904
5.219848724546523,0.017360865424337183,109.81683250985887,0.916827062455292,71.55980471167798
4.617730364276961,0.022317349575632996,97.47675742042321,0.9531480848409063,63.03150537504854
5.314544795315178,0.08183098710714877,108.39535260460548,0.9336164054630018,56.6854570638165
5.146332446325301,0.0031322370940649116,83.26662443153906,0.9914628497364136,82.25281220794655
4.779730003408688,0.043151767678853314,87.92212697708591,0.9895926036112866,71.31067442721044
4.957541108798646,0.0042564971049935015,85.3135899345205,0.884384569935646,85.97032436743058
5.47949654229231,0.00349736323779996,88.69737256415188,0.8071445219023822,57.97875615842387
5.220064344051759,0.09774813638628825,125.74362093412182,0.8022149564437455,55.60385593441393
5.002635096469445,0.06624131061883687,114.5207758622072,0.8246386809775756,74.9463936523386
4.928695004911705,0.07737603083161211,78.46153762631309,0.8149794797796192,72.56873150292155
5.022982721135498,0.0609986821173393,108.7499659281691,0.8746732097941737,76.08970201733581
4.846470932617309,0.06731218358076571,92.1883537470286,0.8105749197768006,67.68409144075683
4.368575148284296,0.014404106329015908,86.35230829056869,0.9249828072274237,49.81831826319697
5.612653373160419,0.010069892232325782,70.28521068554986,0.8380348451990555,51.46248961095212
5.04659749975982,0.029495765651177442,119.43837387640488,0.9027930637139175,78.89180905337201
5.119444179536761,0.009475598473148331,72.72273700665723,0.8206157565267471,80.55205088669129
4.982627675036928,0.054205249546737055,98.96073643980252,0.9655458131656585,80.24171568953801
4.779464959782624,0.026729164240612342,81.07377508550263,0.9559917656386632,73.77098075508859
4.944222655715369,0.08557404094801477,115.51687894139849,0.8772974442102791,69.81151419078567
4.520181571341706,0.03707078961136097,93.31296347372098,0.9821186665051168,55.96135282152848
5.683125949415992,0.04501191753491199,97.3107468895931,0.8371401292370755,39.27238330058591
4.629646400473281,0.042415140093465906,97.98531474139935,0.9627873410426072,60.873728361089206
4.690410114845847,0.024708823458682114,106.05140669871567,0.9091710868753277,65.29656443958348
4.86792223868408,0.05701667112782394,100.26009527966619,0.8659160136597481,70.81514439709954
5.386422717455713,0.009274871658789038,99.13453622077768,0.8168721869835216,61.847396321431525
5.004352699778797,0.047556330204347796,89.63196049490443,0.8342622252815503,80.32743693876058
4.629159261190861,0.027986616741646705,68.50541253315814,0.9725725210711376,66.15247232831162
5.376301508227201,0.06318449890981916,77.6289808091629,0.921377215038343,58.608880889745606
5.219300188035644,0.04785148112439015,114.3695947736129,0.8474191116793,65.17568930542753
5.161530487164936,0.10720051170378664,93.88361073347404,0.8991705754911129,62.823144451010705
5.2147202723512525,0.029802247008494608,86.71980444555041,0.8215673339650484,70.40581284239659
5.718308570174735,0.08110970900533977,71.8854371116391,0.8197684983337186,33.941855694225374
5.655528468510834,0.02217117044082055,65.60705719819296,0.9815529303274336,50.41296920995626
4.793985397099012,0.046784576084653806,85.93586239743603,0.8915712578525818,69.85927633055066
5.487165497843345,0.03657526506760812,117.76105708090515,0.8723134307902274,50.953943276972105
5.11495045692767,0.020789238668032502,88.85859612755362,0.9898143653288521,80.8950144779566
5.149728744841325,0.0002231143962051832,108.00971050482894,0.879800135721434,77.7778398140355
4.4923187505070015,0.045645648837911945,87.93880341204084,0.8672484256107161,51.24336587574353
4.948884270383541,0.06470196406127025,112.77733392057698,0.8545972342315685,73.0419729063956
4.75615292289903,0.022335966396325308,92.96498396382663,0.9130125641494191,70.98253330109874
5.248417644467993,0.029690450416555915,75.36231508899007,0.9116821184551424,71.3387846296409
5.321324150120842,0.0196799623698431,94.62093864201113,0.8032388351993923,64.37123947705977
4.377654094695107,0.005061897875003916,136.68000836560816,0.9308124647914613,46.84820945972421
4.993389540798719,0.03009435971457414,135.7976863110171,0.9576614206052907,80.66267827174113
5.336558451438275,0.07200133599313438,109.73066605558729,0.9231929084860779,56.49708407889615
4.943996311305966,0.0397063255217074,97.25882369172595,0.9739776276568075,80.43750003406541
5.2187190935007095,0.013934566430520967,106.07803604190167,0.8552832722073352,71.28453126533583
5.105349640288125,0.06640360033303444,106.3370467746658,0.8383958805537486,69.85269446636573
5.1024980695857876,0.027992515110814752,99.20226495265797,0.9394556187639947,78.52012443824464
4.918605506579511,0.00875402302223242,108.81888039845234,0.8377118204400655,79.67557531039189
4.635025758759287,0.009945603219981593,104.16453724307127,0.8182209758750526,62.55767083575392
4.663540955772492,0.04184766292214227,93.68055229271373,0.8193230137079324,60.553712952915426
5.212805754336595,0.000993708114217888,76.09486401232715,0.9536786986451437,78.54668609434177
5.005837476655665,0.08374798404476515,90.79881515559669,0.8057474603336209,74.12262148505808
4.958446326617833,0.11560890238314768,115.99037698147194,0.85789134096784,65.72423336080742
4.872832987303294,0.02687068942181565,99.3707555100927,0.8258372819888155,74.91904591369233
4.908443346355774,0.0993057065710656,106.00573783175011,0.9509820293599011,68.02981159970965
5.314073538346442,0.021904225285974622,94.33968944591174,0.9006986171145969,66.44995730401807
4.899426775439592,0.04824320660779795,78.8080498997875,0.8410984828995335,75.67029020321773
4.597680586009529,0.004439989917546579,95.22740570256354,0.9500821797302534,64.6737396972885
5.223095532662052,0.03039648459808372,79.55088198501298,0.9500733018276327,73.10117318861566
4.938537000840585,0.05252448199942181,78.27421652792897,0.9046045294137302,78.69821668600352
5.009418759659833,0.053227620719709115,124.11273217738818,0.855169957411042,76.14285724293568
5.4822734919198535,0.058738669503717866,91.59827990131566,0.9172554198524443,51.43807046616844
4.993831832794847,0.0015833644980411815,85.17030549079932,0.9867060201508384,90.60949514692149
5.086755101935617,0.004017983624567754,132.3591936876181,0.8103272775252438,77.16262252192085
4.646322952610502,0.05970881626338018,116.29970070808483,0.8533899693243585,55.26088403280178
4.934099164294712,0.046160950558846836,92.56981548996323,0.8569938390785357,77.00470250643008
5.18285781356258,0.07411893556617213,108.55272651104737,0.9263623327169765,65.58266485455417
4.533387879847627,0.10079908399589649,95.28423363478595,0.9302328793323895,45.95964441464234
5.060253527934713,0.03525863172902539,86.146406414408,0.8412630789887428,79.30661450289746
5.030237321793442,0.018323988645428464,109.49382448970009,0.8432201195325022,81.35218233725924
5.012386236676232,0.06485480716447277,93.51396229359594,0.985642536903834,79.89005923347227
5.311147669597473,0.07208333665416752,101.50996017998807,0.9512597635325621,59.392838578678955
5.100331554454557,0.06981382833887678,120.42726469799342,0.9868539397063439,71.20238480622263
5.443421569506933,0.002969796112811663,118.22426207590753,0.9659325976325397,60.445462157722304
4.701923145321789,0.008784658602817704,88.99813416287847,0.8804235960527398,69.50634843365164
5.040777370165505,0.016527243107449033,109.72063204574172,0.8243815273690337,80.58983866675885
5.025340035916984,0.02179013000179201,77.44287507708488,0.9259100732513476,85.98499230203062
4.679223651873476,0.026907377818378753,109.00828322631409,0.8703982124515309,63.22444836605098
5.286888500627404,0.10076816310392649,102.96990611602212,0.8850823981183638,55.07612284753186
5.697401991755846,0.02073279549350634,107.57958724726862,0.8851759481888116,41.991521409672686
4.994898177654851,0.09147877870559386,94.05110490711535,0.9873039243328425,76.31304184939728
5.15150632648213,0.05661090365454974,141.68142547304979,0.8137724838385187,64.52529199235515
5.025355542744598,0.0077562577901806075,81.97400584759372,0.8386207522939477,85.89024322791661
4.785924599027847,0.08785183626116752,119.43103421936922,0.9215885742029885,60.46636856461857
4.453771916659395,0.020710233869268794,79.36603360463337,0.9767516131773787,55.71820882225762
4.78826795507139,0.008503766959232693,110.08688349258642,0.9835885303739982,74.68359451861983
4.582412485714481,0.07953498087775024,111.51579954503566,0.911738585302986,50.097693762762475
5.5112306234177355,0.029831887087512252,101.0995174312457,0.8069122437668794,50.87967266402206
4.965467091823029,0.03722224721752901,90.09351178912591,0.8725762068678948,80.78686138519767
4.896224201285849,0.07906108171103006,102.82269781490598,0.9837666584345358,71.30735320769652
5.266746147436342,0.015192785603775526,105.34020666860349,0.8999888171946185,69.18206899028519
4.663474669143234,0.05770939805162016,135.79872972612566,0.9453226558366968,56.47865058497239
4.7699407885986345,0.0541930556965996,82.55319429399408,0.8538386840898989,66.8889432138267
5.020421680774587,0.044323474678470615,88.88173007371996,0.8050013940671812,79.33803282572583
5.308630697427044,0.09364917888149148,105.69471114138673,0.9156720372456448,55.17875095292786
5.150505513550637,0.05101508900353473,94.87892419209497,0.9669962008872841,73.16943743496779
5.074497542754765,0.06586833247389241,97.99917924538799,0.9980537393780119,75.81105442665171
5.023435320570805,0.05585365184528164,121.40703670727521,0.9693254215677746,77.46163774958745
5.120070756658032,0.050061839407583665,43.594669931415304,0.9107988724642251,79.14298914552347
5.060495871538777,0.11309574390750864,88.04101309964378,0.9217455177601076,69.03669516678488
4.6910083175669195,0.009351067172489435,65.15261547497502,0.9648328079742332,72.83923359012891
5.013823766489946,0.007182217857342684,76.0836712619186,0.8039621393655233,86.56411699312048
4.677893402324674,0.05052199996584246,148.0924898414494,0.9903288696388929,58.092632553237
5.024324762870247,0.0035301772018728472,111.96336267905512,0.9062442491696463,84.93953636299167
4.855805617553528,0.11091393518714109,119.03129850116208,0.9904104488979841,62.616325902983974
5.761814486834858,0.029609612472934786,98.38940700427138,0.9529036333161662,39.06882088486449
4.988031684874486,0.003991524588963711,115.1742764966382,0.8304635357229403,83.7750154689196
4.578728130121523,0.00701427639478416,64.66870984959502,0.8330519629279255,63.86571462167277
4.9597459367969225,0.02664742350865103,120.76596823539202,0.8707291952025427,78.92562976202935
5.155807623691366,0.011387749337874484,83.60311762880201,0.8527976043871595,77.63902050269984
5.502009183845757,0.0024663303170701784,89.37368361348175,0.8878597518595053,58.32932609753596
4.823164280018385,0.0043819536749290025,110.10302140909305,0.920780774175078,76.13787709245598
4.525271607792908,0.012908763706855193,106.3289351716443,0.8873158998973484,56.69340639232872
5.245051103429295,0.12494206151762198,101.69240096787098,0.8112841169414438,52.61206680864081
4.585820388230105,0.0315047538244745,72.73807692839362,0.9951263230301804,63.05222898789937
4.869153367547755,0.02733162938230874,101.99627337643284,0.8850244268402699,75.55031884468109
4.922713854346702,0.0496260504880436,119.21122706966457,0.9702150008643441,75.40210099791598
4.979109964009967,0.05150539977918664,89.35025807800412,0.8147908584522304,78.38157923496424
5.206749337122301,0.0170696462108764,126.29874090680592,0.9620129759433365,71.64497826921661
4.794909715314084,0.00796487140763452,82.5461612817198,0.8346809275422611,74.93885463037311
4.917881224349972,0.04257737456197533,100.13095783436748,0.9358809885993924,77.39079126525311
4.995718894115184,0.03332608249891004,130.70655466753226,0.932361339251018,80.32079259034165
5.044879387255636,0.0070520582616243315,86.37200174600781,0.981961343653372,87.25145472388482
5.029348152412377,0.05809392858622155,121.07970966754148,0.8641353360701478,74.69975732197298
5.130801732566774,0.0033961861166623766,139.49304724443618,0.8217919519831286,74.12900244371313
5.253151852892521,0.03732750818537289,103.420881378483,0.9729131632519751,68.327937725834
5.11779023469529,0.01335797750331633,89.45966025233386,0.8663155059280735,79.30923338611322
5.136075657052766,0.021661161925847973,84.54522394099953,0.846506757812094,77.06189905009877
4.525333049976057,0.03793680719983081,126.0920540669465,0.8972417223976725,51.16509095984759
5.015068309749704,0.10902263756462031,125.53388398679297,0.829227138002358,66.77366014169255
5.143852264400483,0.006870318945190693,128.9861824573735,0.8593926706143938,74.62755146074296
5.218682358371135,0.05873128176375754,99.34323298688106,0.8770561268129307,65.67616547073878
4.792294767729862,0.03529800122189183,120.7561388305421,0.8554510586982139,67.27639317141801
4.802288217533406,0.0847998835319895,99.0232121774786,0.8900519001486165,63.316027307430424
4.827769797414921,0.048811435979781305,82.33889756783282,0.876930134456825,71.64918538028127
5.160924169967403,0.030424071364315814,122.48353570224705,0.9549182062221199,72.63094965152612
5.3101643164772625,0.06615230146456157,132.6774055655641,0.983681735384942,57.87318994282244
4.8777619678125195,0.035563084983375244,79.5879605443736,0.8201846433495705,75.77615213379893
5.272388694088114,0.006422549895019537,79.2113807419866,0.9646605086888382,74.06536797003831
5.037043942749378,0.029015687297529864,100.7996386846025,0.9863542415403871,83.07213130275535
4.962714266851269,0.04337888522665388,119.12257211482,0.9373226291937352,78.09021859947077
4.93658473105461,0.028048774879357776,77.32361612492093,0.9992839352341376,84.24108472356356
5.223983409380647,0.09538538496566826,104.54031473911812,0.8670085999329784,59.1393282170587
5.097673345036121,0.00043361728530208477,88.19146091880496,0.9660619883169931,84.5766503794968
5.682747628294291,0.04951351555376611,114.01658199650004,0.9347405009353777,38.90126678833516
4.7443326071008025,0.014886682489120374,84.04226357008218,0.8646857574394915,71.31644284446172
5.155430510608992,0.04446910445516965,115.43606000548358,0.940935296702069,71.27890362867802
4.8412396970565466,0.05674056717552087,96.83570378364584,0.9019243678115116,70.31821372493032
4.739213903903407,0.034734602201368564,81.25718952637915,0.8377947781594246,67.7728205145497
4.996739858889509,0.021081331529678237,101.27379910853777,0.8347759364818925,83.21033062270286
5.041205743822111,0.00292397924973474,61.240533710232945,0.9426797693531697,89.81860049925322
5.875452066518028,0.06465387172828459,88.8181085579012,0.9423860924633467,27.74070624315247
4.944756255295039,0.03290754962353433,106.74802140649324,0.9061547521922867,79.19753577736861
4.660946381154595,0.039543495390097994,64.5649044193621,0.9002831334555494,65.27443078793578
5.081903215248316,0.021989870367435046,48.577262937891774,0.8360076891377723,83.64975401895207
4.37760798873609,0.005555260616439257,53.212653603736655,0.885857224600861,54.21906936334304
4.97241296521872,0.16176001137700513,126.5425711100074,0.9742795042062202,60.91210917969612
5.004807584688548,0.12460492858089543,98.46481974474541,0.9709454612190302,70.59323288145889
5.238380114883563,0.0475278466413116,89.35069211985626,0.9321837803616198,68.27662250603623
5.292086674828354,0.01836737429690823,118.9030947133366,0.9994713355939466,67.81881060630776
4.848929114327685,0.03623278441664969,91.91100635061778,0.9786356693379241,75.88244194886036
4.95481579561102,0.004782437643967026,105.36923799733464,0.8290460847136204,82.61557998460506
4.770163750816799,0.05584397674097258,100.51510701846526,0.8798272806187406,65.37826344839036
4.661581233557692,0.07460424627924628,90.58001158494044,0.8263874969518549,55.97398585211765
5.092968433814191,0.012920779035283093,105.88291767778212,0.8932179232858406,79.7598438137947
4.61792433542102,0.10853209362313368,115.46522442840289,0.9552765649489664,48.3546549379302
4.875611929828441,0.03669731679839021,96.30186765966025,0.831157741985752,74.02508634369694
4.701447812030229,0.02401925193818275,90.7888885369077,0.9760844064839806,68.92678020707517
5.164904955887078,0.1301654907628879,93.14975184001094,0.9138115103081013,59.54213405450308
5.540429029779946,0.051607581484538645,54.041749344285364,0.9497888909594491,53.424723875282886
4.6095236051590005,0.026296191024272757,105.66119093017824,0.8090311624215201,58.2414918113117
4.444094455130729,0.04533182274545014,75.81777422022897,0.8187676306701744,48.63946908740684
4.96253393439498,4.326675048511863e-05,112.59437448237848,0.924172237279532,84.9695533484788
5.004709338787327,0.084981564265172,98.19151798649412,0.9676383825857575,76.5038208860503
5.065597792027189,3.3498854989402055e-05,102.10242193060881,0.9747730169050435,85.34432579516023
4.866103845429697,0.07795908043679885,114.00658341212404,0.9376738650534163,67.62518762011791
4.93980821035237,0.00043484480297700454,81.4695246731813,0.8401877440294687,84.98006831396691
5.110253123162181,0.028336726493835177,107.38496886701914,0.8390043429321394,75.17589360813473
5.312129267793452,0.005940299390128535,105.3524210512533,0.9762725494714308,69.37140790817689
4.4134853689045155,0.007045797045968456,96.30438334714414,0.8226470771034551,50.57475578473035
4.889318168290561,0.07987115999024537,81.43627598472924,0.9372141728216953,71.97907195685787
5.064142638182319,0.05476463633321928,111.90476728110328,0.9067013678073491,74.88029688711462
4.724607168616779,0.03316327437876983,114.06909088838633,0.8842840192274172,64.78071025590097
5.51935088953019,0.019852729433370245,102.27204051955768,0.8880669132327711,53.3951714258827
4.809377035931379,0.03294290044289973,78.59395168570711,0.9890414725470381,75.54262137181784
4.9876121938978155,0.08905876188328388,89.45101934149092,0.9722886399793993,76.39858821681524
5.1668066290526875,0.02565800056963916,98.79334555159866,0.9729967727763492,75.72350307176
4.822614563359432,0.05973206017868295,113.76989099964187,0.8813236616287244,66.64654890737376
4.446028085658675,0.014583305837770542,68.33021197773766,0.8213962417474615,54.16909290103038
4.87140364192504,0.006742716139335015,88.72393071391247,0.9995678866235281,82.39177575568148
5.308832166778112,0.04322510826071063,91.94654880115596,0.8290686174510964,62.373021223113014
4.898931461964459,0.01583338996878265,98.33556841193942,0.9031164660657316,79.78965170267081
4.746069709562306,0.10428720959869807,73.97349431950306,0.8529238377196784,58.78222845637693
5.277701662850816,0.08163641710341422,95.64934443253334,0.9021485723299817,59.57047466678518
4.900767531193084,0.06797540285116647,93.79032871374821,0.8609866388205296,71.69044134894585
4.846951755904935,0.05788670571049519,79.24816257020687,0.9793773281241919,73.79682980318498
5.044836826898993,0.044508370722572854,97.64064831662631,0.9936683191417719,80.74283632884732
5.2312250628856365,0.05314968510262999,89.17661806428997,0.8820128565275767,66.87663878558985
5.714514059519764,0.038816297882328765,109.91172285019414,0.8140379281155121,36.59629802375569
5.248170832297227,0.05032123641955817,82.29344877991323,0.9326672198690964,67.98556411862327
5.347951989916504,0.044630474340652634,101.79668244256911,0.8753251128096937,59.75514346584886
4.848210140303643,0.04263812939240328,83.83222325541463,0.9971937311912854,76.05754130764235
4.692239568209157,0.15504332347747973,88.00491523682375,0.8178749555769841,45.83488315878477
5.018699404885737,0.01619071650240405,105.94583255410811,0.8238252881390326,82.33135073886501
5.0321509745778785,0.06681686904146651,104.69435465684312,0.9398846228373094,76.37666816016919
4.676446177590621,0.003549490513200162,91.65955634843279,0.9517299204707519,69.92298985302898
4.947411641028796,0.059532079194383594,94.61178763334664,0.8942192808581128,76.33809343639783
5.119795280515739,0.06696599451162277,70.92787109780951,0.8554529204880272,72.78365529229181
5.108118018505424,0.0382213038567674,128.055286211614,0.8619620098260905,72.21343488651985
5.151286356015282,0.103462347118825,113.74912795756056,0.8675945932842541,61.380445641188366
5.087289419041233,0.024213801818020877,113.02896101742213,0.8450563981282746,76.72879644564617
4.847897402218983,0.004361047083411108,68.09935566087569,0.9701285096294698,82.81232169712915
4.845829812005347,0.03061900430117448,88.09020015021426,0.8130154415109595,73.6082268903424
4.640314580601837,0.0640403426742111,93.30907942152754,0.8814555648156629,57.11102678913905
5.535432511755529,0.028971476064746662,61.37877015931976,0.9495206289681986,56.38086344838826
5.0040351093857875,0.08428795182552831,117.79900192152174,0.8007650948893453,71.35010236865823
4.932544083261544,0.013084493548315968,129.0776897709627,0.9756065033561857,80.59433205347271
4.721362375564262,0.037028924474427724,141.23869912007228,0.9412586424758729,62.428706800201816
5.880697370698334,0.03540641682682523,79.08232344964527,0.8146747913668136,30.23245871644793
4.678001590333132,0.016140986194315185,102.34646993668548,0.9789993177988876,67.60428685314983
4.871345622318178,0.047143186017910996,126.45636538300843,0.8974609985261636,70.51284286862646
5.124751050885818,0.018629885456674804,94.92763042106093,0.9304478667780623,78.83664842180484
5.180063889723283,0.002999010468827147,88.66024172314644,0.9764066749037684,79.40842437203966
5.287379616564706,0.016253121413813826,62.67964652911018,0.9762324689378931,73.57593951989243
5.542282552330779,0.02144244473965925,122.65244915543498,0.8817488237015003,49.61641170769091
5.151847296638214,0.00475093500758348,99.6147848785327,0.8475378970049868,77.16580140281614
4.68319076001,0.009843397683828593,85.41316282073875,0.8514843088692354,68.00330584333652
4.922916462463466,0.00017966684934550906,105.67714579657721,0.9531883172767456,83.84408948628331
5.092349711754165,0.06283325599347032,103.0601074635733,0.9858860722008281,74.44573959338877
5.620467812451747,0.029701050225289967,103.36518204709184,0.8144461346627301,44.26917820764709
4.580658356472711,0.13283762360843832,95.6580387534665,0.8030039456148028,41.4081328840463
5.360772951567569,0.02803522756392309,132.44716317526732,0.9645870122945481,60.195362699721656
5.053974310863925,0.007542873516433086,97.32680533475155,0.8773205206508117,83.44384020024061
5.251349160568844,0.15353376874315322,132.3864415264661,0.8552898489916323,45.756137881582426
4.96940158500922,0.04068131888571677,111.28233852800395,0.8376747695231684,77.68715880535866
4.747270210962102,0.06950623934464084,107.02340285523462,0.869296121965649,61.09385890981953
5.2252618338204,0.04960514916012458,97.7345049344369,0.9942936178556016,69.15593946042566
5.196329308131686,0.05115055146488744,119.47913387091842,0.9954159549087394,68.50806450344868
5.291617089721917,0.046782702567623714,102.2598353515599,0.8663027053113409,62.58563980261227
4.99600860938641,0.03510422823880327,81.35737569772937,0.992738023657823,86.21390523074761
4.820053393004045,0.0383764523780706,80.69015618003928,0.8599726899479234,72.57717390448666
4.532363901492848,0.04624306519251195,108.44969243868545,0.9708962190534145,53.5783294478938
5.245811980441822,0.011281858179373288,81.85242229667008,0.842400841830952,72.22177705353674
5.127166844733196,0.016280872828164362,98.75537886055001,0.9652975176743982,79.35827085921655
4.710265210140812,0.0378735092924362,121.14369077102182,0.8707460795114367,62.23543872770985
4.8384278980110125,0.036706312366911735,106.07940355788668,0.8391447039885903,70.97468074960713
4.859972356414568,0.04405729453825934,85.55730259342505,0.9869559814847262,76.1731365744872
4.5551046704052744,0.03436482863745436,128.1997502323228,0.842836866485734,52.18831823518071
4.75469528101846,0.010341267089319942,110.95750473989403,0.9983670451518484,72.60211722675717
4.659850892958094,0.006949825532416019,120.35585974408178,0.821714778477698,62.94728934276901
4.876256296433619,0.06601980806272424,54.64883313581395,0.8020041566780415,73.24760639658791
4.778390750501131,0.07339283386472,106.61705756525492,0.9741587092154166,64.51598837814272
4.511898523739975,0.03733915493132746,116.84315672759786,0.9173208816616962,51.77514014517354
5.606777069170844,0.056546381625632317,134.00577284595983,0.8843252604150064,39.39734652960864
5.375762219308769,0.016344469160235606,70.72362831697916,0.8163927851064189,64.25808933786897
4.766294173544004,0.07226037910161254,124.12229178389066,0.9149785061963388,61.025934492936095
5.081726418996083,0.08074420150915172,132.8876057140249,0.87874511704718,67.27092640340338
5.125239526946388,0.026235594020058584,59.65422045442041,0.8967243825977366,80.5193548867206
5.357325756432043,0.035365467686816913,109.57182219739485,0.9260783722804417,60.820019686924255
4.754418492001976,0.11172156665700439,112.35241628681403,0.9279867211261126,55.83136731540876
5.3276320351947275,0.040765573862016694,93.45984674696187,0.9921198482706078,64.72365409972981
4.83562840873792,0.09107516426165468,90.19811079867421,0.931010682687869,66.07683245891694
4.599241278749416,0.06993632850415492,113.35707826575644,0.8678808280364462,51.485936183494985
5.217240967794349,0.025509935311395542,87.70036493178736,0.8659265655530157,71.6875464535113
5.387227527236728,0.010500928825146093,95.65501343163804,0.8954321905815305,63.534351510491206
5.776372692059205,0.021737723914592395,116.24869801647843,0.8518655399736367,35.56942088708374
4.640082420472936,0.025206669401067,135.08086100653728,0.8752877956252578,58.62161463006754
5.209675905524237,0.06581644767192857,110.75968545084037,0.9684225543859668,65.83946106039181
4.87705962686194,0.04043423811377043,102.66968990829024,0.9719523205734395,75.7305193152906
5.235007613157209,0.12681004718890576,89.6720503067846,0.9255584956400681,56.42200101435451
4.558853134630625,0.0456420136546363,79.78799918697888,0.9165681883988167,57.0374498789205
4.621169067290431,0.08936904574880215,122.19156483001899,0.8854199663467058,49.354030019037765
4.767237553050055,0.02876826203276671,96.93100297746231,0.9271797831137694,70.56950924261747
5.023689213700425,0.032024382473388055,123.01406549333457,0.961210669146298,80.69779664055878
4.807675620038493,0.034161247930535925,93.40896244009076,0.9475694115817961,72.94684200035604
5.197716303174026,0.027946413385730815,87.01422677277978,0.8070919031355372,71.38547518713158
5.308068385477374,0.053707200255999454,108.41597777655032,0.9462259997211268,61.54273904972515
5.179873262373607,0.05581312482342646,98.46928121463199,0.9439895334350004,69.86849808130641
5.485636291898261,0.04275745336025788,75.88942790778525,0.8197981073377406,53.255223838041964
5.124747988836603,0.053301910072443615,136.34736659563697,0.8300494729178253,67.48608695773008
4.63493098689795,0.019993415688653107,87.46032452456726,0.9575817022360654,65.50244845284361
5.4090129540615015,0.10958911368066797,118.55183042348428,0.9117979156493204,45.4016309748477
4.8184531293182005,0.10498713710993213,116.83713258792963,0.9643257981171325,60.9619198961519
5.273125549905671,0.04817021802240262,74.81074470171286,0.8369488269811968,65.64483637175202
5.472120264966532,0.01649983357900382,79.9522471076703,0.8061229529412675,57.32504341321585
5.13700640321912,0.06434213297442926,93.96981320599744,0.8323883509342358,69.3790815587734
4.551152356050605,0.0026212132404520756,82.68706910843366,0.8905140090566038,62.2175326472572
4.724536350047063,0.018375351833690528,134.52912743757378,0.9046585511219803,65.35613650645243
5.3968233400655405,0.08719834158109971,95.99648726402977,0.9715402244105333,52.94200412071031
4.9492631943071554,0.025119109917382646,117.79498085628137,0.9432401059704127,80.27322920460203
5.02387206048265,0.011493367456868759,110.27274778000408,0.998078128105816,85.7779590366266
5.227647324849083,0.024821518976425223,105.28044897992707,0.8157439182750729,68.40476613009999
5.208896858624097,0.09496788481185307,100.80642421479176,0.8260442145079843,59.66124762945672
5.083639943715638,0.02849133362918436,124.74261415577394,0.816871118764114,74.57106429238895
4.937399488633861,0.10155605819858139,83.49814053329968,0.9076916093156275,70.81457872122701
4.906199466280293,0.0743970126634276,134.52670620913173,0.8533721541612652,66.82718853961555
5.257369647587403,0.046094561706754224,74.25553638991809,0.936726588019421,68.9526150101393
5.166070859320338,0.00606676142877061,115.63023451244848,0.8265381776913311,74.0934743290459
4.922809999814663,0.04813599300410396,71.89672280120435,0.8206382799124253,77.37129435639226
5.324633693897942,0.028903713133177623,93.6858889554608,0.8920330939985895,64.65849438057253
4.961289765461065,0.023618775780744623,101.86619876121934,0.8751796706526648,81.45154309748357
4.744501347699682,0.05973870192301679,90.26609302340972,0.9658329831990198,65.99932593516782
4.772308790328997,0.1347144624545695,96.36660860766217,0.9675108150085997,55.84491349096016
4.70637774910707,0.002361217983876191,72.26059104138413,0.8234857335746951,71.2721378161983
4.918276995018894,0.018867793493181288,80.25099062552897,0.9624645559684091,83.49064273397173
5.370117283500858,0.010185319112711672,109.96529414391765,0.9128329964757242,63.52529563816449
4.758471445690847,0.09285509131137026,100.5934364995489,0.90071165477534,59.53491249029719
5.0565427283054305,0.03619505624614423,86.18943948356986,0.818952675248923,78.93828742137401
4.8029931963117765,0.01105796217226145,126.48555526259344,0.9479261537989168,72.83086500258636
4.921907287618569,0.07579345131542242,75.60138200019568,0.8119267564794792,72.62381648937078
4.546987636404424,0.09551433256365728,92.76819068271874,0.8555383539299201,46.32605631004337
4.933838531253039,0.007685492869559999,89.88687443643056,0.8190863069528047,82.27052664016135
4.941888386058511,0.0019204444018353535,112.3007525552209,0.9061535219681848,83.11823168707696
5.162086383210709,0.017375865884464298,100.96327382274389,0.9290460117419185,76.15302997725179
5.066984273976611,0.05181179142151621,97.83669506930806,0.978171029296085,77.9889259271668
4.640482362514386,0.03736817017580624,63.11566592265522,0.9467743841992527,65.44763731621175
5.3252594732130625,0.15239421067785436,117.30068961264186,0.9922208797827534,45.73964863992899
5.063090912066599,0.04269679442018873,95.64348370336526,0.952189966576889,79.289477074177
5.059518055153246,0.003262271458454053,102.3132203522084,0.8596146206584904,82.90054634998609
4.9972452939844585,0.008067836876197356,85.02873559812245,0.9095169621126331,88.31200779007831
4.844672765833334,0.00036205237915954216,81.88342474365854,0.8915879278640032,80.2694741760403
5.065340701924618,0.055091846231491895,129.98575516951374,0.913193744727469,73.08108032739715
5.142676530778575,0.021993210374579304,64.53522843475174,0.9144178678824785,79.97526111127303
4.475931292596334,0.05917340531044586,78.91601944434456,0.9404202170938052,50.596669156654805
4.838371748796171,0.010668180031161798,129.6098430533816,0.8166087629291129,72.07326887634011
4.923515908878923,0.02036900281420558,112.81492761997308,0.9493490257763503,80.06109186413426
5.0768511817082835,0.0957972573147117,93.4907493651516,0.8287487226466514,68.2452400167141
5.357993301778138,0.05132415783105826,124.93192628577306,0.8052414609840032,54.433414809755746
4.768477755620966,0.08339091882386507,108.93720232792018,0.9037811083922924,60.78192944873201
4.850611445954647,0.037645097182369136,104.65320183948839,0.9162953921324394,73.25050983862342
4.846239766806035,0.05702163585621482,104.51124034204835,0.8069702140234059,67.90942087619317
4.759541722968637,0.03931130320522909,109.30476434428988,0.9030742229560046,66.80681592202498
4.895844051466321,0.0019647749775213233,110.11385002594906,0.9069140416730943,80.58282267221806
5.231240665996391,0.009015647748808007,143.91946105791914,0.8104989802529963,66.59124637716336
4.6838493513906965,0.07764670884873866,96.10214376654656,0.9423170570229352,58.62008151993504
5.128344318545871,0.014566743058138824,96.71905623703591,0.8420579403568775,77.2835826119609
4.4894293309945,0.058754470587282046,75.26213624858572,0.9588918427650592,52.20421250202028
4.831598601067339,0.09556613996016015,98.96205226357964,0.8621644259599784,62.9080783628579
4.901153209934604,0.002783124900683033,137.25773799089637,0.8955785062928434,77.83752018774099
5.5024579018742195,0.05685114277781568,119.68970004869313,0.9783701758837734,48.92328798368064
4.9175593085741935,0.007909104373550994,89.12664512249344,0.9612358933705095,84.17924621357982
4.339626957964724,0.06620490644203945,100.6008272904257,0.956372715717091,39.51425309687679
4.400333327941625,0.058574459378813656,74.07123248830011,0.8320868395230844,44.468444311307124
5.010208875904004,0.06227561225626732,80.61761311403387,0.8096284773399218,78.17693384271472
5.184131256736973,0.00043661425462295997,102.98882305227436,0.9211517901361208,77.01078595508318
5.1126367572881755,0.024446240452988533,90.11090794359095,0.8821383284977696,78.2065342703575
5.050271031740297,0.005835455471494267,79.10800421243164,0.9818154552860948,87.83392845933676
5.3486778792517,0.009023670877643008,109.79681529475785,0.8699186527126204,64.14446813802816
4.838122633778861,0.056000676591812584,98.35499826693352,0.8821096701995845,69.69395011525809
5.268473166808048,0.00038302892829674556,68.64899256617922,0.905200108609784,75.07325856785039
4.5103955344920745,0.021193065531154336,58.49706067664424,0.9592801331264225,60.78066883471536
4.72851565011858,0.002424331162055055,88.59977002851491,0.8536598108201605,71.56050854635826
4.457887581520455,0.018457263990330892,68.23469713116944,0.9883641314324748,57.64847820821023
4.917546409799062,0.02670027510313572,62.621771870586926,0.9079842225443077,82.94525058630083
4.986121634820098,0.06065084067884846,122.57938402804172,0.9681954522348819,77.17564262927206
5.034230447667956,0.023473905811053932,98.04578220269414,0.9051236966912037,82.7229829818192
5.01856500586614,0.008435285329852674,94.69107243548994,0.9543986391480027,87.23967238796475
4.721734000756482,0.06831393696173359,96.23188367698502,0.810284150496859,59.639444143367534
4.942927746676036,0.05236980460294703,77.2433569841406,0.9598424963366028,80.19270833843808
4.550765999418275,0.0071041777523939455,108.21952330028337,0.9047918859619885,59.25421869144887
5.408968692539675,0.11064536103293746,97.38599346534919,0.8898831176373165,46.92413729889029
4.9089121781306,0.026980475854892477,84.85182688041176,0.8223219333223736,78.44891528800842
4.853334164286893,0.0081733373951938,87.84742630950001,0.9483125077817026,80.15555677261855
5.4766820985332245,0.04079219914126843,75.4508257357541,0.8262327305008278,54.25981625325741
4.627326039935231,0.04742137563904905,91.8751425419633,0.8384635625607987,58.10811304727616
4.662323865790409,0.09736554915438393,95.20744238434972,0.8252846511419297,52.11954835867056
4.67113390253943,0.028551974631857362,91.35433341740072,0.8013151215427313,62.87610704670175
4.9796385854901555,0.026683941911881167,101.10309114683173,0.9323827560134368,83.3130698482127
5.129489488891279,0.06481581175581111,98.42976590476488,0.8541688089543213,69.74865849176155
5.22190264043535,0.03793706940541515,104.61537077329214,0.8298940918381603,67.13162592250072
5.7715985952484905,0.07787109729969129,118.86194073843188,0.8639944965028665,27.417115546351024
4.325170263739771,0.07747385304142648,111.86046954426162,0.8998169383093355,34.699429679932855
5.182620676737325,0.05341666148030805,119.09179681020672,0.9006825041768572,67.13473057623078
4.8328608282283305,0.0364742788797702,83.04531540347543,0.8734392016663919,73.66476035471459
4.824075455333368,0.03565617085964958,89.82770211822685,0.8989864542082858,73.09306056339769
4.814068361523836,0.053379248023830386,113.07193367891935,0.8854682915589989,67.23938695114367
4.727369098757608,0.06972217925444507,113.42955342864173,0.9645330493968971,61.131524682363484
5.505357450381036,0.036063979574089244,86.42758764926236,0.8059227934982365,51.74465314606298
5.252689198104171,0.06440786608717208,112.23167851563485,0.9736060266646094,63.42642088240266
5.006958793567213,0.06380228883359643,81.12935766708117,0.848783051135725,78.87485431693416
5.4053047257461,0.057429151681069615,109.62111448283588,0.9443564430072501,54.992361114934994
4.546241310410338,0.059751072963458635,99.47407598268718,0.8810079232681012,51.48456854719476
4.6007884606007226,0.02476516995768089,72.31128792187327,0.8588665929009572,62.27873520822305
4.346609680341594,0.05905044773035757,91.31852356481185,0.9230694745999769,41.26855079646033
4.790175637963014,0.01172606617169707,143.64535619390986,0.9537768837726208,70.36263040808768
5.048509558011426,0.0522591748240451,104.0556072560999,0.8899872906207208,76.64473538251212
5.0308575733797,0.062191438724281234,146.00899953436522,0.8933107686130962,72.0851452074012
5.0448025733179644,0.0024332532272144138,71.12146940249927,0.8117712969535359,86.07013661566076
4.576682950680175,0.0208876273086643,115.01483585327685,0.9847991961255688,59.66233328169457
5.240946422784207,0.012426081475232675,49.31327616385769,0.9693793392892518,78.13556158106195
5.071888255471699,0.10258194743429398,99.99529030170433,0.8795985575084871,67.89185467655325
5.219916284439799,0.013986403033711702,112.62434755302642,0.9529901226321117,72.50443017589488
4.432171346722985,0.0261012162588591,116.75780189992552,0.8626558351416919,47.59243487739151
5.093447257639337,0.015791295693737505,84.01460550839174,0.946084358602555,82.5446968087911
4.643670428024742,0.02633853005710566,120.78180843953473,0.903338343312812,60.658032195221445
4.8808030242345914,0.057666558588910594,89.3257047991061,0.8921533444439503,73.10869407470729
5.160309469590915,0.04679134225752608,96.71805497775206,0.811304599451623,69.91701697717343
5.027328081876774,0.11238300014712245,91.33355561286733,0.9930843843617726,72.23119719127394
4.744538006066204,0.03543376470278082,77.27221298535338,0.9674817939756841,70.97963023953346
5.001881946855326,0.04332279864847063,131.39439174841718,0.9586776135972893,79.42277648851392
4.540539405426907,0.01514052280882818,100.96035634316154,0.8609832395307448,57.284915060588936
5.345080218769489,0.02096294836755628,121.74636757317256,0.8579180368847468,61.1344685990749
4.938414794151124,0.01258584310362985,120.89422483529201,0.9146386193189299,80.62036108637237
5.335564983276598,0.07088979845179802,80.64119571454034,0.9692446392452297,60.553404449084994
4.842040493871187,0.01960357062733148,124.32254495343203,0.9869256812337305,74.88815316750294
4.842927203478025,0.05835251092463549,110.06828487098645,0.8537858052015611,67.89164318691876
4.770743964008646,0.0016923761676286113,79.18196271054222,0.9214829600638835,76.5022443455979
5.262852179507923,0.029782026415615788,108.97701662683009,0.944780559978693,67.75947480407312
4.787170652801457,0.02019601721197106,79.54064230263864,0.8452784290366449,73.1523409367608
5.1933786297245526,0.08082641162747685,132.12916735957282,0.8814937260444848,60.69027825733775
4.885264280699213,0.021687362035955792,116.27573489844193,0.8374948547427281,74.98507614156975
4.407211010032514,0.003751027786933689,98.57702875617929,0.9397810155536669,52.80792386936618
4.82890577966406,0.004251979377262755,125.29607236434367,0.9727570273090396,76.02208318300062
4.646267535691146,0.0023024306163115828,68.36024710592925,0.9755068709103311,71.10480025663568
5.010170817104702,0.05612478847214686,85.01317399759917,0.9340177740985414,81.15007078510679
4.642877679297653,0.004167111763167815,94.95160556519257,0.8694304720348727,65.84104287756222
5.277792530214385,0.08969622652705364,144.71369362851036,0.9322080753708509,54.050806352644834
4.972677241894091,0.020923754306508408,78.5903419825319,0.9728533454341637,86.8201040780993
4.9467212015723785,0.028468873497135345,65.85388116518652,0.9251711667871567,84.45097628899687
5.196767641336275,0.01878929946563,71.11228971003459,0.8825783880591731,75.915885390159
5.289172080222759,0.04104863912657333,118.12431738411202,0.9839605501437998,64.35915858211327
4.993970374469105,0.019202513651161497,88.11615458922286,0.9670433186538853,87.28709633462745
4.768639910135213,0.012246897765076079,96.81826671262773,0.9764870480495624,74.12927423307984
4.467809115166361,0.0794237483251762,115.25665283348968,0.9806384042080589,44.24208746201743
4.794185072889446,0.01271709355275517,96.83830744084177,0.8787624615320626,73.63495882701056
4.8148363260056115,0.049325757880900004,104.08293209016111,0.9719278015014671,70.52157869921491
5.032117235897689,0.01844799563373962,110.7043029521939,0.9140699342493396,82.5167348908451
4.896455935658592,0.02563426000801869,91.38647216079569,0.807631794710808,76.95620581644931
5.206379891615429,0.03977876641117227,96.67365880140632,0.9271672713040235,70.52637108733828
4.816105018618793,0.013125857315337022,104.83910804642024,0.8941237848588991,74.39598741236298
4.982887649944117,0.015892847721356747,117.3635854610644,0.8550309318374595,81.95359192908624
5.3551962329590665,0.1107324583661539,84.15261471638702,0.9940766280094079,53.54462835608238
5.10254756418649,0.025040193522988707,39.58848156340441,0.8110141716585949,82.35255239719376
4.981988737493431,0.10273341579333532,113.59166298771294,0.9891754781414133,71.93365514466254
4.819416667419447,0.031016164584545904,118.55431837500169,0.8318534121269276,69.29421176252333
4.810030580985507,0.0006457877762530428,104.00068324260344,0.8753976358601064,75.61285108563425
4.7448160241144155,0.09696782613003468,105.36586437913071,0.8834470350838699,57.27614179112406
4.83769794026513,0.041850881103670946,88.7138021171966,0.9462041037321628,74.03694611328076
5.226699751623294,0.012136079694135684,110.00366843069848,0.843121841747341,70.43967294035896
4.933433518612319,0.043528572970014875,117.06333639368377,0.9972203686455079,77.7147989047787
4.595068079185631,0.005370262504619489,101.12992682836969,0.9498023705528046,63.78160010366405
5.530450787917935,0.0794517098085648,149.82496660014533,0.957990527669411,40.43251014701285
5.0959895573435485,0.06679865796328088,68.72517824657241,0.8212857545429789,73.7740251310973
4.577916979846049,0.07474670278209646,103.25923341712694,0.8952624019018901,51.04233806977357
4.867445321827753,0.11189710149961378,76.51294075365371,0.9891218700956578,67.3932974112709
5.033265914848525,0.041107184609763134,117.5969184791378,0.8540132143103614,77.15853985591747
5.511377627989213,0.007563828795873372,68.37049143915637,0.829076730990172,57.92725347715402
4.667566262522339,0.06174947136892929,73.32156914564604,0.8970788919528376,61.400975970493086
5.292812215806784,0.06249101826594532,87.33626118901591,0.9860786139302417,64.04556047140443
5.419845928091703,0.1019140591568211,105.316643397108,0.8973581248861254,46.937633598986395
4.811403708477629,0.017768618846677894,88.09057222676765,0.8809668605839318,74.82920967065792
4.91674591434193,0.011721051371620278,88.29117474801814,0.9300544873427553,83.01856942682605
4.689107225787869,0.01577722098792637,96.3821909014783,0.9873767997701103,69.08916730433758
4.938961657675908,0.04687310433626009,95.15519681876988,0.8098114898408133,75.98744392505475
4.989023007697121,0.05741308341154176,129.74898776637048,0.8306791090953383,74.3681013553657
5.197894999424711,0.05880436864312823,113.71822239337936,0.8265508620088521,64.46483973888722
5.327055041306134,0.04939175609328948,93.50846520430711,0.8170665964598331,59.95841951640448
4.775571180613506,0.049253510122918606,141.94023822427226,0.8604212161296791,62.16064481853891
4.409802480732202,0.02691126182509202,109.83322349712019,0.8458618066240621,46.48537335293751
4.993626566217127,0.09664891237655425,80.62075889372903,0.9097382532418671,75.25294629200894
5.088061258990592,0.06359967327134317,105.13027479983688,0.8654578843451407,71.97250367678211
5.074825306305512,0.010353859568784988,110.7102508973063,0.8810415722915753,80.5072090424524
4.901998025747287,0.009458952484882339,86.24750561877303,0.9883729380999625,83.8437468722268
5.037425629899181,0.023983690670731844,78.94982178387922,0.8311311282538812,82.8845489921291
5.454633442505674,0.04756416663877938,101.72918180084883,0.8776914653589605,52.96827958093697
5.114520250688753,0.03000694606199784,92.79556457387929,0.8514163681037564,76.37651395406233
4.887989472499075,0.07416960717916761,129.58255776910886,0.9098331964715505,67.39233542558947
4.849940654871201,0.08614866541727717,114.82311648169829,0.9472672453093289,65.53717273769723
4.949044292696681,0.02395081344752256,87.1844945182684,0.963397574683573,83.8995375865171
5.491021988549192,0.010722573270357316,108.51876221897177,0.9030593389034731,56.13960525266718
4.945009787142141,0.020831049068120687,125.34256285449479,0.9709833183053885,80.46133994896861
4.994061696643787,0.06419915802348339,72.123911082007,0.9570151015754635,81.9417390184133
4.855305928719109,0.10046716878049386,79.54443518024496,0.8314008122867478,64.92185313378293
5.32969500723259,0.06427461964342887,99.77662765440938,0.849085751803999,57.58115889016933
5.587951176423402,0.004090964123665858,100.71203935810068,0.9343441056666841,52.72496297356959
5.135183914829416,0.006699165221982651,98.95604989074279,0.9949588039481216,80.88766141682578
5.0248318711356275,0.05003349274432739,93.78445642424644,0.8752259401200001,79.1311369801886
5.011034849952271,0.004255500965203083,93.47879355095961,0.8459615681289482,86.2709358655663
4.284707963364276,0.04138844721753056,107.68516273643257,0.9738258868591159,39.582212182766064
5.223545259285445,0.0060660548580221425,122.67885107278346,0.8399223919085765,70.20793894506315
5.040249924798753,0.057231058430370685,90.38094540623146,0.9394816548099724,78.7518843030955
5.128502615198218,0.16370413490049568,148.7679869034131,0.806849814071173,48.99442044411473
4.786561341774888,0.03330889326020901,139.21382871480634,0.8037961030195808,64.35188570637293
4.8846629363068725,0.02558470650533375,126.58511259160163,0.890313342788833,74.38982579922879
4.876692519049048,0.034896318153352326,112.44966669123124,0.9313080255099806,74.74829726101655
5.306486895221911,0.03303530809856377,140.15976212940313,0.8284868907917537,59.20925167479552
4.886372049019072,0.011789310797925284,94.19769270001183,0.9527764906003076,81.04968686346051
5.624798096632939,0.07442617063577031,83.3479117601953,0.8257472964823943,39.528343360286456
5.129258725704511,0.03351277200072081,89.48055881192032,0.9067415615743349,76.4043360079159
4.61729520200128,0.059746300883697256,79.94114393819837,0.8616598384554162,57.314849362810705
4.961436112024413,0.11720088250002209,102.43602644626739,0.9504506553566411,68.87144480896754
4.8044974633530755,0.03835827025215223,105.99660928255487,0.9608233507127768,71.13291334936174
4.3416852590539925,0.07515416391466836,104.01679677362213,0.8132182479124943,35.090676236926974
5.479841282034137,0.0122122345708395,99.75137295636401,0.8385209138614931,56.172968873919324
5.210942762666001,0.015672691965969855,102.6630905634323,0.9785288219138791,74.29679782707883
5.159962195369793,0.07454895138097326,134.72647617699778,0.8831225673201734,63.4097292993701
5.049621098089911,0.10313886445897347,112.40103735278169,0.8953471730746091,68.21874417197331
4.585394729392268,0.0850548346732811,118.45017593209643,0.8336047683325133,47.192536335984556
4.854914858133369,0.03331815376924095,103.81579873373576,0.9989789593001985,75.89516773524639
5.252534232435204,0.01665205548423771,67.68822603063845,0.9846095365678652,75.27350585954555
4.684633991065249,0.03387623422381476,63.72235059060978,0.8004049341964488,65.63246795521074
4.2404692051247554,0.007016101824623545,141.65619980417029,0.9101469365315771,37.41305578400631
4.931868197665723,0.039392877170779786,89.36355449537557,0.974453476720631,80.55587436920145
4.957472733791739,0.061028840583447375,87.66497311696136,0.886106721246792,77.24967505322691
5.040669024924413,0.07014048759775703,104.91326482754498,0.887362851715337,74.2947159164239
5.218555593054361,0.10429350761107617,111.00805956659855,0.8758694313452579,57.65922094532224
5.191281743669363,0.0035279447637582666,113.53724274668825,0.8057656670310648,72.75549273122698
5.077630941573177,0.048201658241965706,135.4883706576001,0.9580566671707406,73.72419104696934
5.358659416426013,0.03791172970072264,130.01472765315884,0.891357040678219,57.619343607579324
4.544309065756005,0.11419055155924011,83.78133550722357,0.9062131276807451,45.27609021436684
5.151374544343217,0.003848792997702955,119.37469146843578,0.8511370233613277,75.4254797101345
5.187961509001083,0.05434234885318598,92.31818163578403,0.9568236984133639,70.47561293664602
4.628131314175928,0.054787289623632135,97.24982511138447,0.9587497093408897,58.919797082690195
4.549138817395283,0.02957210236723045,78.12021588097275,0.9105841633703519,58.91217536794219
4.77621736205732,0.020346236052185718,66.1385429233718,0.9809255851600328,76.52576372647482
4.801537567245412,0.02617146028606963,99.36876574735422,0.8231768461453284,70.69319533998544
5.226025839050729,0.09408310362102887,80.88036167777508,0.9573253329287199,63.38445460459881
4.8156383648926715,0.03559253533320145,118.55627357144073,0.9117168284641329,69.97813080571866
4.743095444515639,0.00048479254441503514,94.37843512959758,0.8462026334072899,71.9992169444621
4.816509878991632,0.07487113437113535,106.17180437899746,0.826460756530379,63.671957276535466
5.335589700246263,0.014843596882431219,127.35051507830863,0.8602014080645677,62.10705510632001
5.0039130123130855,0.005951285945907426,70.29409636435784,0.9712631836202904,91.26838040529879
4.946224692392926,0.024549272097671524,85.50765222900625,0.9575238699352272,83.69080290472876
4.966998350389685,0.052840291425474015,103.617672491317,0.9290264851636081,78.31261976370044
5.387618100297956,0.08791785832153026,106.25049631646522,0.8180654015567356,49.291493633381265
4.775248482019028,0.07317178609337298,122.06995002544652,0.9909661279486608,63.151468563564286
5.394652487282031,0.05030748498792346,117.34306258081196,0.8610880264750814,54.262182286310036
5.063148889676451,0.05378063731914701,101.93867251461478,0.9213999966690117,76.37810370345967
4.951874185407395,0.002416287857811429,106.0680934119451,0.9606203741610868,85.35560608779925
5.750270149380285,0.11736521144448377,106.6215178198098,0.8265711668917517,23.24828087636442
4.6833081530604215,0.07609752459576125,70.6057527065249,0.9304393484511746,61.1320721926321
4.893894272129899,0.05687516091173625,96.87249045290076,0.8064591993408425,71.54431713256025
4.6302706282508,0.01722047384003643,104.96946435994184,0.8203578623008683,61.14337742906572
5.285738591160851,0.03815492163305194,109.17101717570213,0.9446287268854284,65.1079191055295
5.506756680095504,0.018107923151311,81.5127311987168,0.8310164311145589,55.347466223992626
5.500976834421392,0.09546020107044244,74.62404174942218,0.8887013446610756,45.933982492429415
5.367184625943802,0.02494120225082159,95.3093481496384,0.8496665101554739,61.69013749389429
4.94071385966121,0.019387912881021967,139.34732222182987,0.8842459017339884,77.28483046001611
4.890427706753046,0.019192086954234206,83.61504974542663,0.8154440480582942,78.49422534867085
4.498649068251781,0.002265982003462095,123.47856494709619,0.9509801088081979,56.25079247604185
5.610762060554538,0.013316204267259414,131.6947928609024,0.815808235478823,44.503531150125056
5.1406934234445405,0.01954586029521568,100.90933052466387,0.967582899472094,77.88724048602072
4.852412928539155,0.024199494946100072,86.40304130693097,0.9325217728339122,77.52498279641945
5.398417066696091,0.008989523518296131,110.25639127316451,0.8833171151328567,61.38725064583082
4.708170644972,0.06787116852013776,103.89980584198992,0.9732973086940984,61.38552900998232
5.121986610266802,0.035551953268403914,82.81792039619383,0.8372262557352658,75.81074346881722
4.94821125971275,0.12281377066705788,86.82394347256448,0.8529128454829651,66.84647254510917
5.19160314196409,0.005525495978319021,109.07159704290662,0.8274247323318413,73.31632202775292
4.980927938244164,0.06595930768384767,118.66880816337095,0.876313738658007,74.62117409889572
4.5647216326666324,0.032967034363741335,93.54419597369225,0.9973466369468176,59.53075594700387
5.022672911801012,0.05582151018287,98.61732870223894,0.832205475560139,77.04877540548769
5.314659242562609,0.07778663560604461,113.3727714102216,0.9661952971731598,57.439078907777805
4.991235078243805,0.14539499762486943,96.55026231652128,0.9303760143346145,66.61734910593805
5.2325345364767255,0.012431854821212882,94.01346053408231,0.803162826122372,70.84506005725375
4.686341154297784,0.12378867138141376,84.89318360545548,0.98897803858754,53.90241096186023
4.992121762019044,0.014089577721452695,84.54630753251938,0.994218253044997,88.84360337057277
4.812646863473427,0.01964143945093366,153.37765516446512,0.9849801403723086,70.17443318176522
5.224094252031413,0.10412719929554193,96.07596679841836,0.9003479315414068,59.33462693477025
5.009447468678599,0.11624191810399329,127.30116643024448,0.8440750364951758,66.14824825056415
5.207022102900984,0.03430079038173125,133.67986675038142,0.8782529354940963,66.63062730352506
5.32631312784736,0.02245117160410177,96.32835421013681,0.9228383092832462,65.87746735319438
5.207485572536417,0.09326897137492593,107.36859616869538,0.87576727618349,60.33900584837638
5.081935530288093,0.06978066103211585,102.04956964066064,0.9416343301739366,73.24449866730971
4.700536322446578,0.04145855167591586,67.75635298682647,0.9591151095553037,68.22006348783076
4.99916416679993,0.09497277618349494,68.96053975503676,0.8418785797296116,75.6454511995601
4.84007287939525,0.1100522598269667,100.97696933808545,0.8809883816565601,61.418604488992656
4.896780812988732,0.03661731857360018,91.50172922782808,0.991548875205212,78.99505557460532
4.887639754774924,0.05297008949242475,137.8316067678718,0.8499613602525277,68.52893839089514
4.706022327565327,0.035050061695923784,95.26854122610763,0.8692894977188859,64.96276623129799
4.412798423259803,0.048688388057229234,139.0185799413625,0.8071321007703945,39.70543120827542
4.79955708550167,0.023903885694799475,90.47217207728912,0.8664732082207203,72.67008923256576
5.058013835577248,0.03354606713537207,138.2440084121787,0.8741862796208205,75.14658454625784
4.595546886371753,0.025380171811147538,110.12848993894693,0.8199671119253645,57.31228065524563
5.0047046709414875,0.010429590278463925,111.26583791542394,0.8002884499969914,83.03246641013858
5.570080527293289,0.017668761739266542,89.764720865327,0.9150810968737421,52.470003952454825
5.306916966575672,0.033679728663083885,111.53834360807377,0.8603053202657438,62.58529475050458
5.493062452736159,0.025527455977606542,133.854268661625,0.8035647674520184,49.27300292206735
5.117338363079818,0.05388860538766585,97.10345011879726,0.9719888607934359,74.60583961105004
5.3502529468959334,0.04724933343042047,93.21206369266764,0.9168819354133282,60.913855510680726
4.782810580859664,0.07414207169581956,95.06474922279823,0.8342336700983641,63.02552257689437
4.806697919893405,0.0046502977058299096,132.40223210012874,0.9730493245881953,73.92509381948084
4.178257938158758,0.04923626735179702,117.10702414002174,0.8507171940945961,28.613677654645684
5.355843642212689,0.034605995486119825,128.95359980942237,0.8454891463072512,57.47290508952345
5.462097193945966,0.053657293832326494,106.27245420968539,0.9789268113994538,53.1768650954136
4.834046826395819,0.022179830626585652,100.78638713555664,0.8358915758918948,73.35502779404354
4.923814488080829,0.008871746461429336,108.47888078141264,0.9757971586338149,82.7661624101704
4.773841365892712,0.013257014964220614,121.4031706882508,0.9605946602495602,71.51350584509574
5.114796065443247,0.0846966761552857,95.0576351482427,0.8619555081658468,68.14108129860497
5.337479763590972,0.028976165076873076,127.37353986713572,0.8068794162306272,58.80502376090969
4.477168407835688,0.11244693092809294,107.31661114131754,0.8165146207102635,37.36169613100084
5.122831559192676,0.04022040770357087,51.874437239396435,0.8219056535539155,77.84771464004248
4.916998468484256,0.10062754089599055,117.6698685421039,0.9781597670320956,67.72198546108832
5.034018317590006,0.07280208032292773,74.55389973476035,0.8808071956074952,77.19934283483433
5.137698200502287,0.05547758112349774,117.18345521347975,0.8065059514572989,67.82824430913612
4.943539268368154,0.03152668336056696,118.03035996476332,0.9113096924111359,78.30651144975056
4.9689239439782655,0.018734202883192243,106.59785194762416,0.8415984501213983,81.49749001388265
4.935837449733608,0.1271355517232093,110.87361797753387,0.8470252085216038,62.93305659821377
5.291094860536484,0.09197989637150678,121.97741575687974,0.8321683469836157,53.18294927606928
5.125627988038249,0.01709103208508791,90.08744652378545,0.9524042924797435,79.9380071021582
5.066175061321208,0.01363211659394441,115.86859319404957,0.8001225787610545,78.40027108745198
4.618714483672315,0.03222990348246087,123.26046605914073,0.887796832779369,57.71827354764309
4.886426077036054,0.06317070357808052,135.20165195076956,0.8173742332804967,66.53727855598414
5.269600748101753,0.021457595616250633,77.88439427880593,0.9104749202009107,71.02637474759487
5.011308971937177,0.031244744969043347,108.17032129975536,0.8691984692322685,81.20168719308273
5.197859440876742,0.015877931960002648,80.77021601877071,0.8056703161552857,73.78312847462377
5.52995354009829,0.019775910181160435,79.92155964597004,0.8921948462310089,55.088142026951694
5.311581820762645,0.08172284893823456,107.1805554481196,0.9141170995729605,56.61094986015338
5.027947501309923,0.0413918930268022,101.54911629592277,0.8495308063325435,78.95007046444289
4.846703248941282,0.018670746330750793,122.9000295704397,0.9531023794142117,74.77362761810454
4.23393512118323,0.052418638885489505,93.07647100811582,0.8742097531588566,34.34985940053594
4.949484523258144,0.0006507580560920073,97.31897127605978,0.9498693028288029,86.13694661604494
4.902196251254945,0.06452040025934207,104.2300852467637,0.9158031458017536,72.34676942775408
5.117109858318613,0.14635052091643025,82.76342297127087,0.973850613597377,62.221500338239146
4.953828431907594,0.0020586814528225222,85.53860309968138,0.9093849581964544,86.5547425504932
4.903884482168961,0.06008025798631855,122.32197331545106,0.8371254386641412,69.73134167392762
4.466180320847834,0.017269666601886485,89.02089917437783,0.9645182388557373,55.768644120264035
4.71800965125498,0.014386811640435121,123.6495313289937,0.9566070500349582,67.68974519703332
5.142995312240167,0.021478114343605064,112.14625161336589,0.9944711629468653,76.87336221164995
5.514772289339808,0.010315816997780971,69.0493794902213,0.8187163838215075,57.0356798173524
4.970742384876313,0.1431506844387512,110.60757383675576,0.9182462324611699,64.0761076923139
5.098343322072237,0.004670346266080882,110.44959646188255,0.8983337967886965,80.32056502533932
5.285743447085841,0.049342576939243404,108.45857217022571,0.934174423096033,63.291637878861096
4.756731819139925,0.07650434346617162,97.16246547233979,0.9960359696246459,64.1327304737287
5.110044212985633,0.04159982816848051,81.19865089216296,0.9064544154231512,77.16659621483667
4.777852968100352,0.07710272961761235,126.9242553222524,0.9371477269892858,61.15629765093975
5.259447331547303,0.006379867128952544,97.96840822554329,0.8694426887444086,71.06819299015277
5.04542091438552,0.10551110705202064,82.33187679329264,0.8597940975343366,70.41077335042316
5.089535544194432,0.018067411558633745,109.14937372176017,0.8670593131367335,78.34400450509764
4.7652204207744235,0.020859192519276405,85.14440058533486,0.8077215787193883,70.42433788442824
5.2121097078832355,0.05620375253721521,81.01827943429757,0.856948129082519,67.87998928464421
5.625413876369305,0.1205451517706717,92.49054775595123,0.8345892787614404,31.83612545187463
4.697626491371538,0.0009973174699846599,86.69204471363851,0.8914855959671114,70.86849930977294
4.898072297705743,0.02281440618301402,81.75515496030852,0.8921649527797463,80.12996049445653
5.0694822422504275,0.038345890068572155,116.12823524523517,0.9530459662453007,77.52727775507103
5.235921863598745,0.02990393085157997,97.72344371075201,0.9004583295784058,69.59592077683124
4.832136114413159,0.043967712940925094,125.04559891031784,0.8926163176646482,68.68077638591197
4.150090912957178,0.007282769718129224,82.90981044540129,0.8463252623400983,36.54856352197313
5.407756848249208,0.058934137286289476,65.44877924727328,0.9704960020289355,59.55951062795549
5.228151835875242,0.04326920384095878,102.97540698498833,0.8182001811369438,65.88697219558168
4.477115740854001,0.02216158448224452,137.1195784361283,0.9964591929958573,51.51993279520768
4.8177293624661335,0.025120736037206274,110.61973658724004,0.8952149991702997,72.13797766706905
5.470454728858198,0.004093215774236155,164.30748392425664,0.8371973999191448,51.471933508329926
5.43433892553736,0.10148776488412725,106.64118241898177,0.8708656111536967,45.46969371631507
5.281592006803684,0.031789353209901686,104.71104422576181,0.8030740365417578,63.9264529185527
4.947166269812041,0.02131706443737176,56.89274657884165,0.8333045358516474,84.60923258226549
5.024896225643753,0.029423949554474322,108.55894881177056,0.8670679638625355,80.57809842427736
4.960722258462162,0.045215950778228015,103.37335520038583,0.9108830557503975,78.74126848596491
5.338471934980651,0.03929107432161115,91.85157603590926,0.8258961689289709,61.13078852790774
4.737247278051467,0.014480840967698236,97.26442265881859,0.9351926592366231,71.0401214567839
4.758260103534739,0.022433402158137623,98.63798851315642,0.968855297997836,71.64390299700476
5.303082376050805,0.05021582083480847,96.40141694135872,0.9144679220947812,62.9319010594902
4.986691563346532,0.009186032284471294,141.79429926251922,0.8593802894450449,80.83176482077018
5.413540206636142,0.02252355268417307,92.58275944389982,0.8242784650971743,59.03634805675901
4.798546337905837,0.01679267879561803,103.38627447707715,0.8031070125967896,71.11739125923557
4.983566491898353,0.06300753979362732,91.92197833227587,0.9463604665996573,79.29787004362264
4.723276104546814,0.01293160404775152,115.6686237328776,0.9256958736625448,68.40388076560926
5.00220880442707,0.030815270562415818,103.53527399944414,0.8952566812070748,82.7967873742105
4.556435918900361,0.025828282840766794,94.40178853659037,0.8203991104440276,56.47971606312814
4.853709973713511,0.057313879680520485,61.48064108185635,0.8414050362527933,73.30555308760283
4.569123840521565,0.0650395587014151,104.866164505775,0.9630344607373285,53.16556939025068
5.2081769699573774,0.05470163054839697,93.80847452840499,0.8959702936040739,67.84269563953879
5.214976801927896,0.08530031006915668,98.78518686225797,0.9925665719238745,64.27915812620446
4.480921180854697,0.07970740740065634,76.35084105509333,0.9999944294735965,49.26396422514597
5.400165723650172,0.0963654112097299,128.66564345440392,0.9601414252731175,47.87150905955215
5.749224537925956,0.004106214216073472,117.13486351687745,0.8516367219814189,39.74984367997225
5.013801916020903,0.03183234563364249,128.61411995281264,0.8462229924360244,78.46008104713869
4.807665721932606,0.024541584006539097,122.93958601561908,0.8507268640847645,69.49928439510889
5.847299177300914,0.07741892533660756,111.84634604254923,0.9973570157633105,26.31171627246531
4.604309450509247,0.016935763277119317,77.15434982547114,0.8670680956136584,63.34412946871295
5.00603194006073,0.007006951973180516,136.86774328143719,0.9412893487289378,83.72605344681416
5.053886681789577,0.0022574634324092242,81.44729698224978,0.9918035419622722,88.11952071878444
5.403544286135724,0.027945704500299397,94.63184751850076,0.963919229353724,61.41068699203605
5.107921692538037,0.016671258340861948,114.13804561253842,0.9195207618261305,78.00062037185727
4.850409831263464,0.019449683918579614,115.1308157437481,0.8337931049343464,73.26991781233303
4.714644688883613,0.018511349155507107,111.44473453889117,0.8349876489356693,65.657258484515
4.897453453926159,0.04717621662750139,91.9942303734182,0.8984846171136767,75.54104404637607
4.697921791716457,0.05408303256987197,87.8613674528905,0.9903888991748486,64.78449385571454
5.014347595935405,0.13901938730822447,150.69065137212272,0.9808987391501309,62.83514579343238
4.830741146041854,0.0762839966061731,99.21372123000333,0.8332384110908835,65.14526537040261
4.551788662013075,0.03215515291642072,96.76457230722328,0.8575439489549682,55.75846853169841
5.376543736512471,0.011013214833383935,85.72887018122493,0.917762263111195,65.53775182834553
4.850698242971288,0.03468736758369994,104.89340698141915,0.895486098450593,73.25917071159222
4.619558958507406,0.03632979799581781,103.96045601156142,0.8238725618753026,57.80547344742162
4.949522259653738,0.005665654450283043,99.67547582591409,0.8738614373996639,83.63116857708366
5.020511469790297,0.05918656983764388,107.63453293575772,0.9909428735310593,78.946730513981
4.47605998232629,0.04990490073409376,135.27075004884708,0.9902884449489006,47.356557723556634
5.099494300137729,0.007780008223124472,88.09894587418204,0.9118851762053183,82.29114969495576
4.685852729392921,0.047792922965870344,100.8616748440424,0.9270522609354456,62.43710305299936
5.513308642757236,0.00562079262039515,87.04303094898889,0.8443812561717916,56.54168457004351
5.157188153623021,0.009662279828536438,105.89396721651256,0.9483905452841263,77.49778299236957
4.880030002967205,0.013110706940385977,88.63060997251162,0.8104992374269763,78.18211788826275
4.776449668904795,0.021780062034387277,89.4911401713162,0.8441364376327862,71.2535855646537
4.968509687730913,0.07869504657871042,70.80953251888748,0.8011767375330017,75.24890577581951
5.1838372224749865,0.030901883596140756,101.9558956563935,0.8771402517502538,71.68169958144543
4.99235176142444,0.03590796637049426,108.59539243809954,0.9700522397404183,82.69641628089069
4.934852357858943,0.04068239491411868,137.2095270638459,0.996501295421994,76.19785543647406
5.017511087245369,0.027431095060448347,109.3900496237969,0.9335511950761115,82.56668944535315
4.818842320628914,0.023655212719037165,91.00631753405361,0.9489733370852865,75.46109231817961
4.8970382219470885,0.02548160863723511,72.80641824627821,0.8525499156429881,79.77040850947199
4.374262268328499,0.08955212375279728,75.57425988669044,0.904066538697763,39.54682232207656
5.29211786925571,0.03693914684881065,74.08743321056056,0.947315579765073,68.4696240915812
5.089639334096528,0.01269485471159822,137.56084070898763,0.8994551651933559,76.95043098043692
4.767963246789971,0.041211250417779025,105.75620993852739,0.8177092784228093,65.67467181933483
5.569620494406571,0.04788493634337759,88.34067561476215,0.9481728386328618,48.769419095280114
5.026104944117716,0.09956076454411468,80.80280789693471,0.8439128783749504,72.2975654491254
4.689156928407441,0.047138733695628106,82.87784319212156,0.8195395341875312,62.38161201464073
5.257021226441138,0.0270146712850272,87.81401210987244,0.8956115897650764,69.65735630509194
5.119414464952778,0.012828848167346082,126.32510432510304,0.8149218155599227,74.57673075641952
5.118373995645266,0.06538059055233843,99.40113105884501,0.9258887333963308,71.66813324047541
4.872273318604523,0.02121112196837265,71.05067165452101,0.928094650062649,80.61155665681636
5.1351487171334105,0.05968196471650515,146.20918549460742,0.8513403946266018,65.3446716075909
4.921472512933672,0.023625563830281814,77.19677721268205,0.9929068843615187,83.88297616744023
5.166782435493753,0.012225385093783594,88.18329380152265,0.964890317349298,78.638723073141
4.428516663796809,0.05791411930589606,126.20288775267764,0.8219173915799456,40.84194098825527
4.869837961106243,0.06319136720778835,108.30299265218133,0.949702425467819,70.87532182934457
5.5166465293424585,0.049873646694838056,90.60154000751581,0.870614937521967,49.87230598491455
4.76987976337991,0.03248370578783974,75.3726614781233,0.9500577043297918,72.78411787340214
4.818848510752044,0.002336343286141438,80.66619782149947,0.9601589584705218,79.91701853946192
4.865611598465008,0.02784493705992567,81.87007761847067,0.8302756112120924,76.17845981130638
4.635558159233407,0.02246404809550458,100.14063595699099,0.9323683969675806,63.39718668333126
4.337515767131524,0.08854813800646466,103.82123634562608,0.9725459920978617,36.03752153431638
4.930824080442916,0.10009734719752729,97.02690742737315,0.8646747248101347,68.42564650041125
5.040757827224497,0.018936975768457643,99.21572372151341,0.8160656608361929,81.11372484583406
4.9842484794384045,0.005478325143491589,78.98553609611358,0.8054534959878398,86.44367630492597
4.956536431415634,0.1221971832385884,105.86272212447778,0.8220001920793457,64.9163400282889
5.012912261255116,0.04981145651180954,125.61037273673992,0.8008411842566028,75.20933225937965
5.306852441465229,0.05126447562710343,96.74416636500862,0.8653891884785657,61.53254930109121
4.942866144221235,0.02151418182764819,96.35426587141053,0.8598657175924896,80.90672914383563
4.827775226873819,0.09865680110214514,101.66002104105696,0.8220682535374837,61.14335641375136
4.915662354533574,0.09726132229424096,122.36409719518782,0.9302235756205596,66.71860472077071
5.173804027927033,0.041652318930197336,82.10554001122719,0.998381271567922,75.08098191508414
5.423608063562975,0.03566191245003558,129.0169467146427,0.9801852829689177,55.936240306630246
4.811556878249246,0.023296555428945025,108.42444478870475,0.850570119935411,71.36788730045076
5.029680136108665,0.11275410089397452,100.57361391397735,0.9539963265943094,70.3286418398724
5.101507232580788,0.04972797566630377,124.2647767332864,0.9873726526570038,73.77134507501857
4.702226597981353,0.025033775154946706,76.35875852247088,0.9812728474091097,70.36811070157427
5.006125150163875,0.050801285437383575,110.44091072489417,0.9769099042622577,80.50640518731569
4.560297842797372,0.03448349060690704,108.60619129013236,0.9572901024355187,56.73052989650338
4.469284908878181,0.02462324838578288,81.29089871212415,0.8585982952222095,53.50648330805519
5.110023922367677,0.06687031412347479,109.21276245907642,0.8167126132421585,68.78099355835367
4.8848375776007655,0.09412220143773184,105.66610358760973,0.8975638705691911,66.356591493009
5.060684122286366,0.066899480014567,96.42523760620132,0.8109582268712674,72.9006714374382
4.994631506897495,0.06947996647952354,117.25635110460665,0.9996947369070057,77.5241550696006
4.707079985400861,0.007961289897760546,88.5649149528467,0.8716619366129477,69.80735287636183
4.986423709410699,0.07379670613503997,105.40642491686738,0.9916679836777789,77.4086338262548
4.6300696084955435,0.027287931966382864,97.36652435089363,0.9546241983801831,63.06681824728948
5.4172917074004205,0.04557777642610024,87.70606353984665,0.88225819073816,57.00038855283827
4.593208896542011,0.038271592141235454,110.05769370237543,0.823662282543208,55.319271251961965
4.941264418709426,0.013925644727979448,95.84528505301697,0.8474386180689433,81.75126226944577
4.687318523585826,0.023000123756115095,70.53987082580906,0.9346089152298805,69.42728407374898
5.171126352008239,0.01589316682229768,63.97867790564031,0.965987040675751,80.27031687911202
4.900570588615549,0.06933808087414114,115.78114936166403,0.9958880983662636,71.97317021697066
4.844399984113637,0.0020737902656454803,75.58799785546339,0.8264324368027409,79.32277945747987
5.255960463515466,0.0646673631304073,105.58768986801212,0.8311894690769872,61.007288114249484
5.008829177503266,0.0568535335308836,101.099037872563,0.8084878953380293,77.0020734396758
5.15499333378079,0.0050531301490084855,92.62936446058201,0.8520729051004378,77.72095210675188
4.705602219044761,0.08944000518097885,139.1333691443068,0.9642134877622621,54.29106520635338
4.578554916821748,0.002222666440464701,103.59348036920892,0.8396513713461815,60.81357443323792
5.03216238861204,0.0954773431306316,115.1126696536413,0.9095729499790138,70.42884724789901
4.904346093351581,0.04170634907704863,105.69632430679619,0.889281439601204,75.22080960088202
5.187930401736184,0.019206704077324326,95.36921153765037,0.8651652484680272,73.60955409982584
4.976027464201235,0.024390069016882693,99.61822499528117,0.9236692826908928,83.41470065383142
5.061522601770389,0.015586988493247935,129.17085531320967,0.9004651578660391,79.06281324578927
4.512985241017627,0.009812024325278985,121.7621058520086,0.8669526346969164,54.47015292100323
5.566531081884277,0.04291481926254527,139.03972863377203,0.937770177024001,44.42234287466443
4.95072740449039,0.009119228864116643,104.43284185945768,0.855993638207708,82.35234851801431
5.20927609110176,0.020190159004854286,82.46125868598504,0.9286366679588962,74.74151817374567
4.749172498934112,0.04929958844893909,91.18966111280376,0.9914491736683102,68.26542903079171
5.092402970665202,0.08531402378641015,76.24443616402817,0.9457903958363033,72.95008249244958
4.609146570942577,0.04134578381476203,115.34088257750554,0.8836799119272656,56.48643666513507
5.135620351477901,0.10561538641834614,88.28167367845504,0.949511864240505,66.18254086553861
4.89320777468425,0.013572448280743513,38.89364107360979,0.9618483633600301,86.90420239878311
5.00875715118067,0.02875106924692571,149.27551396659862,0.8651680933995951,77.53772101345298
5.209392209039029,0.05788773901040917,88.58797723023369,0.9410264431316577,68.71503774570667
4.630237906633916,0.0023227239127524037,88.46818149028381,0.8868792392146829,66.35663244638735
4.794652480816161,0.01591316619842529,133.43223385320732,0.9637044963563738,71.22304046101263
5.13719728432603,0.0002139122106039476,75.83497098404969,0.8590755190350722,81.33408939114409
5.629466442364024,0.020836896593245006,122.73211773066333,0.9875519340048865,46.58430587620318
4.958575299601556,0.05619985162009519,88.25115113151958,0.9149573874527948,78.558572868983
5.17734083537718,0.005684929855290639,73.52409110806282,0.870660662787143,78.56761454401219
4.967908559042456,0.051832589608962296,134.11435522756273,0.8838742537423644,74.56567465329405
5.5826736784268896,0.04755300621079664,118.46193894125055,0.8695597226628066,43.45162892189821
4.475833499910423,0.040279117551187765,118.40001969030085,0.8292492671714311,47.25312573634576
5.028386313400808,0.03766300863376294,107.35311093577549,0.8136984793774938,78.18602839485942
4.512336789931382,0.07963031024886581,111.9820326615536,0.8643557390276522,44.884572372950736
4.248028528838985,0.039816994960510596,75.35683950503913,0.891738088215638,39.208240300071346
5.089238615935345,0.09582224284637453,102.23221714489321,0.8723633878872038,67.49639266017786
5.041849338844238,0.05114307424807478,81.4247399909831,0.8027839007334625,77.73078254770545
4.9145489186773395,0.004806828525943484,72.2211896187389,0.9158012491904958,85.24581686368488
4.968141772988074,0.00911724394309418,108.21906661416062,0.8289632959781882,82.47827904596801
5.929489830221377,0.0042749803324899985,123.16299111319088,0.8422010557123232,28.11708513977124
4.92254745859057,0.03158349695093634,92.33262351543873,0.8241497068562401,77.86505475837467
5.153037308375023,0.0176359620951534,95.75974215330916,0.9040865460057034,76.67812388800878
4.8051905541158355,0.09380574372828823,77.2369870983392,0.819031858482804,62.897510147529054
5.088569772512181,0.053811524015469916,100.14434292175795,0.8512714498367826,73.62507975150851
4.9285298974833145,0.04224374583385616,115.20152224776828,0.8903417435239986,75.66191461962359
4.876844455181081,0.05210605019382919,115.83055473455546,0.8335417770343743,69.8825398490224
5.545669559660097,0.0179825880416689,110.90352351261865,0.8892482723403666,51.2570513096893
5.353155488955302,0.03118672226389092,87.6313766561093,0.8685470251434784,62.74046516035688
5.041023994219769,0.07085871070850781,86.99741913145697,0.9721194354739211,77.65240053687043
4.30873641921681,0.029543037700835748,115.90808946481866,0.9589806425256578,41.68153340191455
4.891697233024229,0.010333197037528344,116.23997864433463,0.9985709166931063,80.29927489525315
5.810908269321525,0.06436544812298732,96.56010029136215,0.9057823465930895,30.150323524986007
4.930801500008087,0.021737061676951212,91.47656184868629,0.91507941871151,81.74146293830412
5.330965271616098,0.06985718338145523,123.34494186891399,0.9893291696231465,57.115595401387395
5.43258272058578,0.10735295722767572,92.80102670373506,0.8799184429375038,46.260359369078394
5.065689174756793,0.0065005379389983,114.91864449047563,0.9111365369016384,81.81443511272789
4.747453510439554,0.00013786449532086562,97.26313650283802,0.8758170991450948,72.61655928469321
4.269406300465134,0.032789212616318265,79.04934437925999,0.9091721411796186,41.52450452112666
5.2052489625826865,0.05125383985020364,132.24624280047405,0.8161532865035079,63.09542771753102
4.755573199152936,0.11805521456457335,102.40127791462952,0.9567588186687463,56.52115834640213
5.052845135566308,0.06300340747028482,85.78512040223833,0.9970559894858088,78.74138849497115
4.625053898123191,0.06129761044629729,72.18388664449591,0.8131480804879109,57.353165265755514
4.9204287378589395,0.05715048470250385,74.19998403526333,0.9602079460462949,78.43731208356036
5.010115716470316,0.013141754456294164,92.54177191810798,0.8483469600990068,85.13455585350626
5.08057807431329,0.05936368474081112,138.50257767067185,0.8395094106553963,69.20069327612168
4.665553343794276,0.06671370088182735,88.30676242651515,0.9386740796546913,59.868950845824756
5.359073284628406,0.04909813924935022,128.9490966469241,0.8088264497113163,54.37250136442704
4.820931564580409,0.10748832529404152,97.38472662793832,0.8926478694504721,61.24712980693392
4.497659161864027,0.057938112656907084,76.37699217796636,0.8002888931830643,49.536911459170184
4.967292974010961,0.036765814061938656,90.53577623099208,0.9108788057292948,81.68670482285356
5.010312592707938,0.006910616318795186,74.38024152525114,0.8924163335463247,88.75495450810583
5.048176829951528,0.11624702565935284,82.88063096072293,0.9830965213361345,71.04620368465582
5.408639721105524,0.004587168512330677,82.28503876248165,0.9440543805568831,65.44612519170848
4.929065348979242,0.018403305497459468,61.92392265037468,0.8252012343757883,83.29505753661392
4.964114112689368,0.09160393019522818,130.2559213762945,0.8709079919503895,68.4988249334562
4.669044685630072,0.004984092871726364,104.22034060444562,0.9863159539357624,68.69935222531606
5.2461660508663694,0.03892183564653379,86.27443188763796,0.9450668294548179,69.66565500137033
5.055292719223431,0.0008617417619157276,104.43515492866779,0.9188550229972579,84.48676054938518
4.873991681811751,0.08853959169028888,83.29039212715877,0.9118143181573803,69.06580930559348
4.428597591960361,0.023543249852756826,46.57876069260489,0.8796196932807755,55.118885836063136
5.433323658516526,0.116532912952813,159.13383266453098,0.9170402925337955,38.948066130309286
4.631696010663183,0.05689674631310776,103.79199753354119,0.954332882973518,58.07470659894106
4.822616597189088,0.012240446819674167,88.2197392137047,0.8255075352712735,75.20910559244919
5.107503353322801,0.022553815223253917,61.321703766451336,0.9939661279296249,83.91387869909124
4.641032621414994,0.022660905907093982,70.1170040971488,0.8478729738177949,65.00858046547657
4.551947066524057,0.0134216515324385,133.0898385910981,0.889548536287475,55.585563128217316
4.362815725189801,0.24395421255128785,130.03877097596933,0.8045431249295565,8.262797029689084
5.2162990858716904,0.07093122550169055,115.06430071997896,0.9100691845916971,63.07732464228104
4.836444126582103,0.06305489945033366,77.69845923180372,0.8763733694523248,70.48603414324226
5.878181027741999,0.011159015765403197,130.19947975954022,0.8499511744545997,29.614361483807585
4.7016934803107375,0.09847920331405395,108.99565235888706,0.9971048507564712,56.37226010077687
4.7235646929713235,0.07497078008964686,113.09848896703069,0.8856282285344549,58.570980238818414
4.83038210891438,0.11408106446788856,108.92341888886493,0.8828592727187794,59.4756104301686
5.072940396541547,0.11165570741992246,69.86025630747793,0.8926206528961953,69.74160752169492
4.8589389983644065,0.0539544644048761,76.03678098506225,0.8232307558132324,72.3041072588914
5.183699664200754,0.03549197446349536,89.79563667183277,0.878619221962989,72.24704475050697
4.7064234830034035,0.030189390773181824,112.87279415066226,0.8672808518211124,63.91533798558295
4.585522484460926,0.027197032166621855,72.39135835513707,0.8930248917525109,61.673156242198765
4.460535578177268,0.03617261821301952,96.4930717011162,0.9713242333682565,51.98341945593666
4.332927749618841,0.00834017260479088,96.46780979673898,0.8385570789118214,45.84899968497438
4.844579294157483,0.12362992703812593,115.85479378655155,0.9215478651439245,58.97574651795341
4.909705906282033,0.1152339941040819,113.49343071215324,0.8075274179503856,62.0984605491021
4.810568891755045,0.019676920296048013,79.79548141895734,0.8633585004200042,74.97021732739984
5.373021739156148,0.11776631080748952,128.93372338974604,0.8945315238185385,44.95100716690384
5.36840906288244,0.0944067313620101,76.7352034249942,0.8148558301595114,52.35804278344287
4.8995591037666495,0.0025353279588629443,121.844788838015,0.9087935869247002,79.58463988686204
4.461823666042411,0.08046076720127808,88.99710203303204,0.8620651242144161,43.98189716333809
4.829988467583484,0.009101580751963533,103.27851906866744,0.9985620027184625,78.07745908971702
4.820053581824881,0.012231106553923652,104.5197492020861,0.9261939004371342,75.44045201493842
4.802859511316583,0.03032528125729152,103.95414881417591,0.8488350392031435,70.20406439304651
4.790684328830527,0.024461414343737456,113.4899839686914,0.8205346490895071,68.83354216319199
4.803961131282557,0.02315088294496143,107.82918995867065,0.808143955874308,70.14499555682832
4.884037515230672,0.04618423706895823,115.67298259741077,0.8181546528750424,70.91041015125634
4.809337670355333,0.04062609735418393,109.29239920690272,0.9360119054057867,70.25734380561786
5.062496752587678,0.040568013878485396,74.71089482148312,0.970998455198868,82.11387238479557
5.108110614771459,0.0019808076508503053,105.39598149115976,0.8313466229422156,79.30357627581327
4.726806473845253,0.02999910999318435,88.72260194989333,0.8804268907105509,67.8447995509592
5.38131959780211,0.0678704922616095,77.81475044185433,0.8708470686391784,56.575716621230086
4.705981309447816,0.04121998866105149,94.203202146454,0.9289036182376146,65.33363241781814
4.514659815855399,0.005935317366521529,103.66471198070181,0.836535576344734,56.353531675170224
5.114233421409516,0.01407328829855679,104.99350055975569,0.9906638620895023,80.34892865646002
4.7547775596756985,0.005713448578532045,121.12049490280536,0.9457112763781312,71.23181233104418
5.0963874412272165,0.06499147480664787,126.14618237943155,0.991014375776929,71.67370158296525
4.278899419669841,0.016019417940023577,106.72561661514712,0.8554738489906734,40.76796780748569
5.41773678244492,0.007770019972116939,110.34212754018819,0.9175431275717112,61.08693985490265
5.201688022412121,0.01549595664760323,101.9061806635131,0.9464535874220671,74.3127788402223
4.549857035251099,0.07460277057194009,115.3445092729917,0.9421912445535467,49.110380493046705
4.556366862846114,0.004622205620610838,109.73976277674129,0.8042692198856728,57.80008904771455
5.501679771229258,0.04300226954417781,98.91023812284392,0.999657832697977,53.551006136292976
4.778786028950613,0.11878525506150371,143.039651340086,0.985611994553757,54.31764823487776
4.749744545380213,0.016259078982470733,89.07633273116362,0.8239504162545221,70.11718592741623
4.320184371755215,0.07560303400165787,129.08913913416674,0.9087133548590342,33.13596038882825
4.894766538319534,0.10356770420465641,72.91414147346126,0.8629112910638832,68.11764834240509
4.931684115549274,0.0713595780020207,116.27233072902911,0.9757788031848573,73.08545322344757
5.214647929030845,0.01915993420111298,128.73136703453676,0.9395039261176308,70.16407594688127
4.580276471544657,0.05210538794993068,61.855618579841604,0.8447034313464786,57.709286869135234
4.543913962327817,0.04436892965676727,102.77901146110189,0.8067722290734582,51.83704172651292
5.135288790432943,0.0190021579074976,114.30828082488088,0.8583483605229548,74.76848801586978
5.302019021368119,0.01023375908159595,105.03927208256133,0.8076274545615677,65.99241673864866
4.528654294664635,0.1320306060087141,107.56311871213927,0.8282621425996725,37.72359775935053
5.324454225889922,0.020629225712763353,102.72446324753327,0.9272276083227423,65.7104684313917
5.011262552446047,0.021373837563091486,78.11504347276816,0.949017013623605,87.28700714396878
5.327541601722394,0.03219604901244917,147.36091184310885,0.8936033800011519,58.65407296050116
4.978933891544715,0.04799058809653804,89.92924273368402,0.9200575741388257,80.9456724876103
4.243316624753615,0.02713106963344414,108.68322477557811,0.831177007253202,36.28455470770652
4.954409785305188,0.07433794885132824,87.06320645829146,0.8633590341065415,74.67475482691374
5.318043145601381,0.05356298330386772,54.48273619958603,0.9425767694555508,66.2862255374894
4.731876194274886,0.04901949233620337,81.50974252502063,0.872978223217019,65.86823801790096
4.883610509327764,0.020363888500518536,71.04786615449724,0.8697622447175579,80.25250556348948
4.947159948934707,0.08826643741379107,121.83135078448979,0.8387985274052092,68.18246679366897
4.130145836039455,0.00983508777115975,87.8626396791109,0.9189649752130482,35.926522533043226
5.501404272631243,0.07937959090090065,89.71817321640074,0.9619077212038396,48.27514210942705
4.729587296030847,0.012515952604234147,78.71338574792527,0.8938890057211272,71.90428641084574
5.15172062974184,0.02838282141442607,101.88070797430206,0.8231078512942179,72.91342523177984
4.973989659155538,0.004836961116664694,85.67082967277439,0.9676734863818899,88.50022214219292
5.377285716907808,0.028402489777484805,119.84709462493578,0.8142794209203067,57.40336247482134
5.121816836728424,0.008277638120121191,106.04078646178321,0.8943454746402402,78.73217492490284
4.929522718543708,0.030046285328262298,88.56348428551104,0.8522154672314493,79.45238122946098
4.731945472244216,0.045580254518451026,117.00466103674039,0.987263631264017,65.1244966784916
5.239355210414642,0.05950956616271491,100.15881046046476,0.9475086395897079,65.64654419646193
4.437967608813615,0.019131599624545092,100.42993811379903,0.9132817965935841,51.63095870562692
5.193767126082768,0.009330786777987623,70.74730192536148,0.9335510881378712,78.57064598855706
4.670286574533538,0.012420740447940625,98.57827734429372,0.9065454525624981,66.62716472164179
5.375685098586992,0.02663423095665384,106.43089278635996,0.829520189043882,59.41107394352406
5.048389862798809,0.007522593634460603,126.67133644396691,0.9418197359993077,82.13748026249186
5.193237130355032,0.08910689974233371,84.96212740193354,0.8985347904538983,64.51422028623261
5.024596644147416,0.07940309381255302,145.56217246771024,0.9268618542645468,70.594757117792
4.474286871457701,0.07909141469710197,111.13736633657972,0.8090403327954541,41.660570105147876
4.741781250981399,0.004745509774515093,69.61176247932386,0.8284069585126507,73.4020115150273
5.201716801283415,0.02812494174596612,83.09603771828887,0.9178740951863981,73.72612879299926
5.049996745207953,0.024101496469405778,128.41998328433638,0.8918857806165899,78.3806881010101
5.354296971591702,0.01248258168568664,124.86458285924789,0.8453747337907308,61.290830841534714
5.120982368911151,0.010441158121168245,100.36186963121006,0.848152184106711,78.10174086616892
4.709989432789202,0.03878672233334808,102.99835406115704,0.9263316625111885,65.00815546145797
4.7611807586838095,0.01792410153659642,76.70779452548058,0.8117934053858148,71.54731894570735
5.0308752171569715,0.00020347251262366542,126.42885480470684,0.8868516688447147,83.21111399011176
4.305786780199968,0.05441735185190098,80.24465826451066,0.9046207009453219,40.252552226668314
5.502032565686895,0.05325530257607397,116.89482222246835,0.8616285205484668,47.432838861097686
5.132524020913267,0.07503999027113585,127.04084737330277,0.9641099656984673,67.3706747811727
5.368110379114662,0.04296477759400191,100.96311108439018,0.8113539165137688,57.59942783585635
4.52581881775725,0.040052915384681635,119.35222732244398,0.9731565570493902,53.06910016647613
5.373369548106576,0.016373285311683607,136.9527941605139,0.9446525985775542,60.33960687235257
5.669449673308325,0.04102071054055424,105.35937598421476,0.8892508757866394,40.928992937728694
4.603736493386805,0.001430111847435505,96.49396367136107,0.9848934780425016,66.05814601980688
5.23142053847113,0.07343524900673089,98.66294284896966,0.9404476592989434,64.04213924180449
5.000332983406188,0.0013840823214757887,85.14024194655823,0.9862090699318088,90.9825658513877
4.536669845525527,0.09827273299795562,84.68832414526253,0.8945179558831132,46.88080748497428
5.147865191555561,0.04744392577601668,108.84813527651406,0.8905946201990772,70.93857851659396
5.2500809614512045,0.0002954760509711503,96.72100355701431,0.9061485262892358,73.40169107536533
4.819662034199346,0.07800242144532044,106.55138353702532,0.8130853407971605,63.08592729740335
5.349774956076567,0.04226983860571429,70.20127700294857,0.9816988502673273,65.28687614960052
4.49997097796324,0.02662796942233527,98.1476234962572,0.9335434103283702,54.860169121385816
4.551573156065107,0.11294013177902577,120.60235700180927,0.9235171355818738,42.5634766085091
5.040979218676625,0.03297394115432383,77.62151446047963,0.9852927072941127,84.5388584060882
5.007615583391681,0.020939809599274592,100.33052828269102,0.9987274355216773,86.3435894387724
4.785027953472769,0.022776633495280797,62.90781378203178,0.8326786781316954,74.04797436850473
5.242878330791566,0.07897691338038691,73.89075955453652,0.9497993969810047,65.18767512961445
5.159268294264785,0.045863771368065326,116.153217753561,0.9159890348976772,70.26879556150055
5.2574417212802045,0.05146190901476205,93.81431413374101,0.892199437718056,65.29676771196044
4.96305906939432,0.005376567176288424,136.44145731077083,0.9955225203294291,83.24336376272744
5.180774080393502,0.06170502859550342,108.64886220848625,0.9700526022310226,68.43396671083619
4.866304909091002,0.06559067967854008,110.61191329778649,0.9393499968186938,69.86550120027435
5.616145607025978,0.013438911939056126,78.47035900210201,0.876535233438028,50.69909555613323
4.756236268963404,0.05084950698404955,92.29789246311094,0.9332081608309368,67.18112406050444
5.631589228837494,0.04906865296694621,85.34727635904775,0.9063388247118808,44.336397183041285
5.010466384126823,0.058667347480286985,78.69116520898828,0.8498736899485397,79.70027210841955
4.587346733129377,0.027600788891888967,113.2778625219227,0.8900762646291348,57.57442469436971
5.41042380514658,0.002362255239365358,117.29031731537358,0.8424423936203425,60.14004954616987
5.037770416518487,0.08093326053944606,107.97874388334897,0.9000840586410369,72.79759271245969
5.255337229514072,0.0003578054616396355,83.43865613548026,0.9440476151890241,75.16318210014221
5.367156775562778,0.07536364860019021,106.61460070194926,0.8073292447638258,52.15117100128638
5.101386666243507,0.005710472218151311,61.74643197068687,0.9530759418637305,85.94710483287278
4.822327746556156,0.06999955025298056,126.4601853741608,0.8039987984016687,62.27368968603957
5.292714013300775,0.1230170771918416,74.03699648725126,0.9034555405918651,54.65000878628945
5.000226652236378,0.03340235691831202,77.59082035123073,0.9146953414300327,85.51087212154809
5.2057573455825255,0.0346017860865454,102.30584539140385,0.9522486919255582,71.27868065143743
4.353880827862562,0.15743912079550323,104.08319120484092,0.9522057646681634,26.252777725307407
5.134094515102955,0.023329441345146085,98.5450280309643,0.8834910891685812,76.27023187232598
4.808424252456491,0.023089413511482415,77.79744118035407,0.813274502179687,73.52778904622542
5.495992891153559,0.05942494736755098,122.66695987206585,0.9387000305551635,47.83398904955049
5.186926204366729,0.02205404320473771,66.28101597861499,0.9021972014784837,76.8921636889938
5.071957323754789,0.06536129972852762,70.3346201910311,0.8666116913326203,76.17713742298284
5.145892998005066,0.07661436874194694,97.86034456091038,0.8469747565505981,66.90772548332492
4.700467744136985,0.08014742069325964,74.71532036311224,0.8239516426220952,59.013452360360816
5.4869770071584165,0.0008395825569170907,124.4525055255185,0.8590284994417211,55.39076162324002
5.597411125525071,0.08037128745783241,76.4357072917417,0.8916979250250586,42.29002712114786
5.117874053164465,0.002172878567860713,131.14054304420625,0.8955218336358505,77.39800739324936
5.477121070572092,0.014684824623220207,120.70244331543147,0.9165477862829572,55.43072346630748
4.82925554039824,0.06396319525832804,124.70111471015167,0.8724937138708102,65.14061594154622
4.760865930132506,0.022555739341719328,137.7421196590649,0.9839795738477592,68.17397441774116
5.012277424618677,0.04111128597959769,101.62455848191532,0.8991739226165236,80.91768423007865
5.130482311510369,0.03372569937466417,79.74050808360084,0.8847450080236912,76.83305575529195
4.881803995627064,0.010853835079370454,97.93984248462716,0.8096335936702966,77.6788521006615
5.161330457110545,0.0421836557094421,88.66668789182074,0.9198030164265768,73.52201575630042
5.091916844622024,0.051847626999743504,85.81617454972556,0.9205737872133437,76.53770356201134
4.700507967412683,0.04322438027886169,103.01706873613665,0.9166579260061406,63.57827264944089
5.155637905235516,0.0020122491697183997,93.76591571584507,0.9775193835216441,80.53368440925964
5.259058472756457,0.005433399693752675,84.95580631366008,0.952580166517858,74.19750437954085
5.051440795277117,0.04351963710045783,95.09195214825483,0.9734811239184854,80.3460339818485
5.345794430978508,0.07951807098760331,110.9795692840741,0.8118845113819861,52.46435679238135
4.634778861950914,0.005860339494533757,119.12834413185392,0.8636252864509684,62.567352108708754
5.140385126639556,0.05273442465040723,67.9415217361802,0.8637423887389409,74.14742430522637
4.648915788080967,0.04826001085422996,93.93597827342916,0.931409011553724,60.93052806045512
4.665775592530074,0.06396536463544882,97.1731358905059,0.889723009740902,58.42887746225456
4.810720749878663,0.021965459937173266,76.34959955544736,0.9554945206504084,76.82335645960721
4.717381944927727,0.025616275703317894,97.60588533918602,0.876886113331139,66.9776090728701
4.835601254377659,0.0031249576599984667,102.95991219080055,0.8443215154624818,76.25777070382935
4.935754906786643,0.0371426732890824,110.37669090561981,0.8581902136588557,76.70002859645138
5.251146345899415,0.11092321891907966,101.5431605126334,0.836493945230163,54.86829926151305
4.903652288388289,0.004200981159813922,82.3810118000489,0.83957853835258,82.14245971637199
4.524312287969122,0.06023937217636996,140.24060055143693,0.8433677830861304,45.26612705827077
5.3420203539485485,0.003597177466161998,116.58253543243197,0.803218942301445,63.3453274459485
4.748872959915488,0.025523437794306787,111.05439489299734,0.9432176069525091,68.86277457553372
4.9823838718686115,0.09576983746317963,120.09662514021872,0.8799204684542271,70.16630354770241
5.133960952082213,0.058214629071021665,104.89218343620954,0.8045342663763658,68.83161549832033
5.059883125520835,0.04206496363704784,125.7260177104391,0.8740015088931681,75.0046963300122
5.3282538642564425,0.008623751190579544,101.13743900571528,0.9810736254230824,68.51893407391664
5.143700943017827,0.08281106722206795,100.03494920548368,0.902248863393489,66.99776568294158
4.741607126090868,0.027093902131424766,112.70456957582408,0.9973504022692701,69.10889333354135
5.653568652197499,0.03744200598079318,131.52715092581846,0.9079918863756112,40.17670260596149
5.05830003900147,0.020947622248686047,130.24097230578616,0.9925597998102128,80.18695308823456
4.955797932013549,0.0551746761355586,111.85695196519991,0.8403601457608826,74.69318221917679
5.289177626916671,0.06972051406088152,110.332237171536,0.8579869625438735,58.31778080959138
5.074835283779022,0.02089276507410872,113.92084822192972,0.9399940220359523,79.78376383066848
5.119768457881798,0.14376569004680512,119.71241826673194,0.9973643233998893,59.22508366139595
5.747655199580206,0.06120761817278193,125.97463878826484,0.9650594822038752,32.663271064521396
4.917463571523486,0.00782594651835498,95.26831831992301,0.9107410553351503,82.56191158836661
4.904671731794782,0.020785302404967215,126.36122579674783,0.8170305228717831,74.8669964247027
5.034973553603739,0.028744215231952076,106.85990228142612,0.8728758219999588,80.36148071083943
5.321454780674312,0.03677106602401847,113.01863244999899,0.8172851401193182,60.240892813324976
4.54803979094288,0.004438852245670342,127.63898643067989,0.8622562723733009,56.69778642412029
4.410333232557049,0.10368718769917125,114.94124500181357,0.8517584201330649,34.607959701027184
4.823865418813956,0.09331559014589298,118.31991126305681,0.8777110593273437,61.15681666719459
4.509823112282214,0.05165332737486136,92.21162933435157,0.9674553179979838,52.96933105722814
4.872550595742308,0.03894980864784478,129.9662308749936,0.830075334262076,70.11544804510393
5.150749908838787,0.013610943627620251,113.9137342215225,0.8612127897707216,74.74624629879195
4.732775340934321,0.08278387628705505,102.52131435680995,0.8522234488643216,58.34127655460644
4.571952026965597,0.008153309989755098,122.02148773786206,0.8592283294273816,58.076542934234
5.020801148514605,0.07610708669597623,151.75660995520997,0.8721246949614185,69.60270098843466
5.258763045384551,0.04373019615173805,76.62150996356131,0.8488623499867277,67.22978385754463
4.491507968445016,0.022585894240659366,83.92534754153436,0.9885162544446247,57.48038430534111
5.246069719491795,0.015141640646772054,153.7061061767177,0.8840203427825309,65.27436697145532
5.245191861121498,0.01528780782376242,108.53389684608749,0.8228226530394537,68.59838053532609
5.2862255306469885,0.0294823977437449,103.81739357263136,0.8935317220054642,65.8930035824651
5.365544064461506,0.07162694491505608,97.6922851667567,0.8368863803722718,54.29181348582098
5.660604177397885,0.024286780031687733,124.1687200194288,0.843226128500264,41.168382919436134
4.8931723854142835,0.006859157873694243,152.22494617620575,0.8570082835289665,74.47914049676162
5.0328714740233575,0.02224115659661424,86.6962291853331,0.8249519712051894,82.52095457467689
4.875068470025592,0.05313391788430824,98.06246545621332,0.944223786516,73.61224970358798
5.000593053426743,0.025423216876138844,92.98545742864268,0.9583892949462498,86.0201744190353
5.459862006690893,0.04582848964436076,114.65729953638557,0.87885698438312,51.64541588591612
4.596495654820799,0.05369825758550248,124.44786875301149,0.937798507886709,54.04618393385563
4.741685098350327,0.055897455747335165,132.41865570666232,0.8777908580341391,60.43043912893592
5.413154280951368,0.08424898573810842,115.33436565240561,0.8328154647272729,47.69626801150653
5.306010952070627,0.012203695125854602,150.38665582487235,0.8794336122662557,62.35879526972206
4.891060505954877,0.05737655411372232,88.50494033585174,0.911397479096328,74.23460278857564
5.256320600336216,0.004021010970174713,83.30918895134592,0.8081988628153778,71.85067069547381
5.10236475274761,0.03895618165346186,129.38688586632418,0.930896878136474,73.6939365632212
5.450082382700296,0.006635054377748886,102.45664639192674,0.9485215938009571,60.72456611814635
5.022352878148032,0.021001487441217374,72.48119353169437,0.9719940515417123,87.70036587260027
5.3076896341617745,0.05700391828526433,93.67874056725101,0.8205541120498614,60.031242391776004
5.792603573147786,0.00989048323061902,105.11317308194548,0.8000187187716545,36.44927019377854
5.17942974651424,0.026852883823306684,87.0750352418529,0.8146532738044325,72.79184458755297
5.0147984497384535,0.00505080013140795,79.70678625810822,0.9848233607572217,90.0802615853152
5.216734095566294,0.090742006822963,95.84741726948248,0.9531111442082523,62.8621343997947
4.890415742538835,0.1042532172666592,78.70933159276578,0.9670871293522334,69.2577713900993
5.7163903116574195,0.08099630869711376,112.70262077960464,0.9034027594331945,31.664928106691193
5.054021311308794,0.07455139545957386,61.12390306214307,0.9053439749127751,77.57050119457746
4.918120003932346,0.03250738580176781,101.80849855930845,0.8597011179678369,77.22426486910149
4.749293298493989,0.0661991339560075,110.39019776216605,0.9685506103936328,63.35972024789428
5.329166057481931,0.007524413013381477,98.18917520503247,0.9659539166167569,68.6215354109088
5.2601562238483215,0.0684131754750743,121.86445794141747,0.8784342691444323,59.510889836586465
4.850793688575772,0.04922443943237309,72.58877531591729,0.8658534140942948,73.72214614998451
5.1729354035367265,0.027048863064135852,85.97820997247771,0.9476746542506049,75.92221841594036
4.547433209536143,0.04941462157424262,93.3993070749822,0.8052336276675868,52.198541181885695
5.055491172521947,0.045920069123673316,114.25449138818612,0.9719897797036776,77.79686573538712
5.135826905623008,0.05004568912076672,104.37015172092241,0.8892495978628346,71.69150907966895
5.512198942867767,0.026972623301459858,142.86731965484836,0.8882688493085722,48.700814953401625
4.7687543591813935,0.05912330109373369,83.88428206052214,0.9338155694774789,67.54464957032093
4.616494211359303,0.05345376272481825,72.10022202838698,0.9291498720621063,60.34456351123887
4.731371611722487,0.0010466782291882921,135.7817796586612,0.8531948132112734,67.21101326733034
4.599029449905524,0.016476321306127212,71.38282832135235,0.9886557209028193,66.10515038433351
5.400997207327695,0.005571876439126978,113.6612542279809,0.9972659958665311,63.6835805890018
5.464591788507211,0.00948361135672546,80.42659915956061,0.905197802859237,60.7632471272872
5.096064973384649,0.0283627368990533,58.61363298304628,0.9122761596340694,82.36585095643986
5.366388483705545,0.03952421469371675,92.50432412373536,0.9108635926847247,61.054898214930766
5.040187514174071,0.07375603744908783,117.9899992495432,0.8971574816356522,72.66949323995131
4.97146650568977,0.020830651491049335,75.56457823053853,0.9890374107355651,87.38768300938627
4.900088714283871,0.08406348227006713,111.52189456289662,0.8489504897954825,67.2226208561422
4.9068827025867305,0.025676074823897086,115.25727122372903,0.8215916352510778,75.46765651426793
4.535659533107291,0.03205394882029067,74.56619716961391,0.9859094568649662,59.59304908373178
5.079276429082202,0.0649714759803759,95.4447742257526,0.8426076628422305,72.80536869228087
4.987899826935787,0.0703631154782867,131.54149644654328,0.9498310707084172,74.56199406391823
5.223608217223362,0.027205818138984098,113.01185239927486,0.840774661846423,68.01694224275161
5.028057048931583,0.05948660623160039,94.77015070847959,0.9920372031244717,79.75731512100646
4.951188889529273,0.013569022182247623,108.30590962507839,0.9582243540674619,83.3698761632606
4.738642090997711,0.10350469502915448,86.29473383059104,0.9837436344229717,59.838220510889826
5.021645971046528,0.056746798712715776,122.2739135677005,0.9901969640223318,77.76576985397755
5.2214711692448486,0.025417062585399264,122.26520129204279,0.8168848768538,67.01034786537092
4.656998302674841,0.021542433352675357,102.4181183017211,0.8866777711649895,63.68027675071686
5.026242126104222,0.1438464566861706,104.61412312915387,0.9296200674056619,64.97949296601895
5.069912885458845,0.04212820013998528,80.02406249988655,0.9604912208252462,80.69341501798776
4.7845805649145206,0.04641349694575528,72.95927145864341,0.8482943488828805,69.78276918480121
4.8236431085276,0.003862772363832881,92.46790512116938,0.9829209718778577,79.25079958252127
5.0691832546298645,0.0553448145459256,98.25196580617644,0.844195265819627,74.6059912760942
4.659973694512213,0.08336368231591909,121.25254994775977,0.9732352803081373,54.433319934731685
5.104977114574818,0.0006881455644316276,118.44855501236621,0.9025425159328381,79.80414610826631
4.73139368790224,0.07594561358535869,103.69665776718186,0.903084434374038,60.18380214709316
5.318856107909965,0.13106016971359805,123.81077968745574,0.8748011230963982,46.3245525615448
5.7013483236164895,0.02331373686721174,81.13027642371193,0.8207010462837382,42.72303333623244
4.741772959489454,0.05924443437470926,121.5467377455674,0.8694180126239077,60.85339889108228
5.160262358712402,0.009522038510163745,84.19142571301064,0.8853473429964946,78.24375698936012
4.781977428535394,0.020962965451560622,124.79389060128486,0.8958042113105942,69.21089606047296
5.312286252139337,0.011166245364587872,99.73307070460038,0.9478190580820267,68.57096215813208
4.620422477274436,0.059846796282929784,60.03426646924525,0.8704140220930118,59.653182988962385
5.144176027528314,0.08023379678784627,114.60314328062884,0.8813185720627973,65.4804259433173
4.738103309933194,0.014517257544127032,116.1909151900156,0.9812197204644239,70.11391285465953
4.937904623270489,0.09668114228664618,90.86839891022836,0.9505134589267191,71.69553534074397
4.690692417455808,0.09650237207808146,92.57480843211967,0.8045711539007584,53.80013147043946
5.246705141268726,0.06234268715899505,96.80909440230792,0.9624177515446075,65.41373404068854
4.748905893668124,0.0058013265860864145,61.496963747474574,0.9979887848700719,77.87423395482847
5.1655892777995485,0.010591440836995137,52.70543653809713,0.9879535482735644,82.96445451813939
4.8967705915213005,0.02061906773450194,126.03251276260778,0.967191179899218,77.45394765282632
4.965658288460341,0.06745830351190805,83.51864665178846,0.9258347494674535,77.9855821050045
5.044326772220039,0.04058841037446821,137.10528219152727,0.8556384244330523,74.65437238013575
4.7714525985023455,0.05384188270555036,127.40803602277828,0.9308861222760193,64.08779234755073
5.063110134062266,0.03405546739120564,131.34390628539478,0.9391184941751729,76.75305110254715
5.459100369306324,0.06117730599209868,86.9940209506569,0.8563116322061342,51.704212491862776
4.766571564250186,0.02086097913652803,67.83197626138838,0.851065924881688,73.10326785602689
5.351543042982153,0.08668192809299138,78.26235386811291,0.8793847718184541,55.66658825667988
5.449429290046336,0.07707272891606355,91.07090545694177,0.928229393806707,50.930830590250295
4.755153503291587,0.09175327060010559,52.535405342987204,0.8586124538564748,63.464928150310165
4.5634836184728345,0.09304093591445564,90.49148621751665,0.9111333044357067,49.02639418816419
5.090588270051529,0.027181541699409888,95.96643944977778,0.9798474803708366,80.48777820443573
4.835777743169938,0.03793965332123024,74.1115805682661,0.8590200649758499,74.22495983470215
5.560580965748901,0.03262615274986892,79.19029803508334,0.9931947472255023,53.41608428358731
5.01044226214995,0.08434242646579689,95.58802957638396,0.8946695957346431,75.05668925818793
4.759340177589446,0.03418329167140467,107.12573096620602,0.8201816675291789,66.12397715861904
4.655852146696486,0.023441182885232455,82.18354663999511,0.8110078787459147,63.8367542799231
5.326971487727249,0.007982709041258109,105.84505219152538,0.8677349028598631,65.95449721822105
4.828644807774744,0.010993219779507435,102.7369201597571,0.8517517913459747,74.83104931050228
5.013148639838128,0.044635770973070046,100.93771718036781,0.9687426654406505,81.79679755452803
5.286740823533744,0.004796737096712099,86.95971752286846,0.9475276842833913,72.33062195684951
4.854722494420751,0.03609144002062921,73.33240807929235,0.9769092573740117,78.0745780017017
4.986221351377952,0.017338316621828394,133.9290395980148,0.917850699642374,81.53664362244886
4.995029477053244,0.024924524338642246,112.60611832914852,0.8870914495181002,82.44430712984544
5.204997353454828,0.006460675151046844,120.11463306121476,0.8541135856171475,71.80186592627477
5.177223300653098,0.08713884822115017,98.32740630322155,0.9166217668846499,64.79546943501246
4.933965880623552,0.006474734795191266,96.71949115479724,0.9236049556472307,83.8668926155993
5.019094718448955,0.10854787766738726,109.81319361450775,0.8785895127483734,69.16260613647128
4.888466296542953,0.0915817993468985,63.30623299095509,0.987319084365478,72.98646627875647
4.556716277924167,0.008965265428952159,77.7071306129371,0.9279909176699032,62.847292153211555
5.077280257219439,0.03555618832078879,84.04450243943253,0.9674962401203065,80.97523087717823
5.567657528249921,0.01737229190399033,90.90867154916475,0.9240781494737912,52.725400353965554
4.7348842577926815,0.07766638816984446,82.40608641059691,0.863307357066341,61.46863574235135
4.768091087119189,0.004509545311434413,106.65614250501493,0.9473238315757401,73.68989581144952
4.738781668506878,0.06540451491310696,101.62894468925671,0.846050906176733,61.27434652805561
5.217377533616936,0.08042199945680441,127.85729379502754,0.9193218729997217,60.494756144954835
5.134545636258932,0.018701282518130292,149.47518314225124,0.8804732686038804,71.78401650459702
4.952438692275063,0.013802554414429357,74.74299519703135,0.8299769737608741,84.20117832985372
4.724594281508311,0.05563310160635035,102.94610427936891,0.8826481151055786,62.48904352372077
5.027713037491977,0.02759237748207853,102.91051756413948,0.8620561658908179,81.14843268957202
4.530613361799259,0.014303076327183941,99.71603860470675,0.8224444163416843,56.168624725240946
5.043027970057248,0.0023909775940206338,78.30350858068996,0.9647656457319718,88.52463721403245
5.26145731582638,0.01647402236362904,81.656051087149,0.8997165112869165,71.67018281289627
4.6246402590098965,0.058242721247773035,104.80811223832238,0.8692712544542841,55.64662121868128
4.540244516951101,0.05828215532413476,81.09299853385528,0.9009928499405901,53.58290486387213
5.473831367508458,0.003934609446959562,103.18543944334016,0.9509166235016913,59.679715058148396
4.816472108148624,0.11918581118990494,95.0810043090879,0.80365907864385,57.67553595239994
5.340784353783147,0.018806451584527366,102.83315806242564,0.9093503521147243,64.63566227138399
4.953800700440651,0.01707856294467538,80.93399059131131,0.8958301566567936,84.48946165874247
4.951413554917602,0.10444110961513385,103.14938484669074,0.9786140383030147,70.67598913417727
5.131523809848994,0.009272251045998412,82.38094833046819,0.9111943317575628,80.70352555426504
4.734800342976068,0.03488216817893054,103.21391217313837,0.8274645685078135,65.08359550456693
5.039749143048693,0.0453966334981008,126.78792244878315,0.8777366430570281,75.68149700862551
4.885553175552772,0.013022368400379163,105.21967700032141,0.9242138744105171,79.14214506128766
4.603851966978491,0.018972810062611613,106.43740764766115,0.809186761411157,58.92519097277473
5.101244622417919,0.0454750691412203,116.34413034995096,0.9769298194795226,75.00824563833716
4.9210076579366255,0.03202336539447831,71.92883311053474,0.8135564681425909,79.53520071882413
4.952892551466587,0.05286368290997265,134.37843147446026,0.8061182255692747,71.92852201543883
4.636951716975752,0.10629990010471686,78.8882001477526,0.8004031148200441,50.39136028446324
5.477420110328842,0.048974936880032245,117.59321994737874,0.9367488983265709,50.98420882005821
5.263014255915834,0.006789535750281742,114.93819974512645,0.8911840174445337,69.5305746568857
5.289246765251594,0.0198261395149032,81.9566727699048,0.8205635388458202,67.88687665759481
4.908366589267495,0.0452932179058078,120.17772273533524,0.9712417045311121,75.11507448726726
4.481245133148974,0.06866687248067103,109.95625532826618,0.8405440548184813,44.389932680380795
5.585875214746853,0.017798764565750597,137.79957288804513,0.8652648317942139,45.703011777406
4.98167074759824,0.03830732629828412,103.86757502682586,0.8355442947696554,79.47827430386228
4.775360061193984,0.005335208810511929,97.82913336954805,0.9853512595445214,75.64543420399788
5.125040472344934,0.010550937774368784,89.70474944163591,0.9516133566344072,80.97672318167318
5.3501362364009895,0.02803464337324523,65.13289457297654,0.9447906793288545,67.16915343923328
4.99308483317436,0.01966607134736639,93.63544870497681,0.8087992060145587,83.44761853815015
5.383572550381812,0.05677834491512859,94.48203211482246,0.9045403408478732,57.111498845297206
5.324899981555061,0.044354327955779704,105.2411636511487,0.9150904873489482,61.63054529519349
4.677085643779383,0.05540846046860888,71.5379377823507,0.8765041680165365,62.69015913856728
4.797862968302157,0.04789116035327211,95.21975577626242,0.8643512500595295,68.45315346870295
5.28726114898393,0.0015141657620353563,111.5250278404423,0.9703885720437574,70.79247485348981
4.186216230856869,0.11143126312209126,113.51019350985034,0.8046033182709065,19.199331397531534
4.9551632920505035,0.02257959162508012,62.80369647725345,0.9250709696554134,86.14390852465111
4.570750639512599,0.009588864519362356,114.12813217306449,0.8788493827915533,58.9708831313762
4.857033859569943,0.006817301347826096,95.06852173757017,0.9331901362286581,79.5563869228388
4.9103539732912385,0.007702219204404,96.29978245002891,0.8395835091590074,80.62759745499098
4.892526686627748,0.02891198719525278,52.709692602883244,0.8477318709257375,80.89847127660337
4.8343216243662175,0.09003886380978257,129.87142325115758,0.9173707613353602,61.913740792097116
4.670856905111356,0.04279841999402946,103.5359777002259,0.9959877092571603,63.39780772269757
5.687573380045606,0.020176548071354616,69.37079146954586,0.9949367165972635,48.680770171551124
5.560238601248405,0.15766147554016036,107.50403149832933,0.8497961967621372,28.98198337948147
4.651380253923115,0.023928661048056292,106.88956881694048,0.8204702060651422,61.213963317787254
5.47463502539107,0.008861047819105669,124.45088305865978,0.9180686475859994,56.109025949523975
4.8801603528581445,0.09060481873387947,93.80622461418244,0.8839965216147256,67.51820633228301
5.038756241999513,0.0034535308971909255,100.23992137877173,0.9523373425941493,86.1793505594564
4.981017812030926,0.10314568274937215,87.14384399524184,0.9055967450556999,72.78676681103954
4.802075407623811,0.023532139548333334,111.95897227985476,0.9021173611991282,71.44115352117572
5.295155703081844,0.09150151944606846,84.33019316649901,0.9292919736441638,58.71825005441248
5.037765959172997,0.030052383214084724,82.1401896583954,0.8252836889697969,81.51783978106386
4.857034573034228,0.08455261163512169,98.64404924440159,0.9354323459333136,67.58342463101152
4.608623166859858,0.11508828543507722,75.48272457392343,0.8977039401310908,49.659953541559375
4.731921495884264,0.03663036452606269,132.0426243707847,0.9640294131268885,64.49706089960574
4.507585965319371,0.08378859103791612,138.5453345548375,0.8277413667409638,40.587163142810354
5.003667064524551,0.050445195221270236,90.92819829156369,0.8601494098232808,80.32336521264565
4.641000322314682,0.03235921776241142,72.2680998688567,0.9900492748031049,66.1803121836956
4.920331846244437,0.020170472989621855,106.73184077804123,0.9106145758580043,79.7334472655789
5.411030556083111,0.045181831808893055,90.35794964062151,0.985860199950798,59.24230089863317
5.359789871876476,0.021650793846742983,123.49362265056064,0.9378070206223758,61.571766757791444
4.990316931769215,0.0116431957918582,84.25706808940193,0.9852862729870252,88.95255518817446
4.973874582157055,0.027311763951118048,110.89026444856886,0.8635652568720961,80.51798902934067
5.563962364826303,0.04956447946467364,102.27987178783387,0.8181067516738315,44.86173404541404
5.156226836107614,0.053412406197067636,86.4747697877318,0.9604483529796197,73.17601898480225
4.901658062037043,0.07470834178075655,104.80099656983883,0.9608937504924673,71.63100780797458
4.572194564863865,0.11100174063837198,117.57065116949698,0.9237653589284629,44.39965485769564
5.118161965449423,0.018931881377926153,101.73697038110794,0.9159140406323665,78.21508364088223
5.248797131774858,0.006054448106545814,101.94569330252517,0.9829816341352569,73.62906822997925
4.810504542645907,0.05067680645925941,82.5443314429265,0.8352996934043062,69.48031231365897
5.08736082654141,0.03721274081323102,122.88409595808272,0.9233075942741534,75.35418157520556
4.890928011525491,0.013935206605580574,120.89093156286367,0.8099541221644422,75.47538898769488
4.944790280240299,0.0699690473196395,91.78881622627007,0.8281729873515259,73.57663784087552
4.253653382731301,0.013793581259114791,97.51423081034008,0.8874544696886599,41.14783208775001
4.933465578885159,0.040409622917901955,128.28441345380654,0.9642414738776832,76.40287942759728
5.290810790722416,0.054490153268258706,77.3285835790509,0.9466265381500119,65.57750197151138
4.810579233330032,0.022435833969690365,112.08576782717563,0.994812878209199,73.95705968581481
5.015757910464595,0.0770948268484005,88.82772453737743,0.8089697296939798,74.78692348500606
4.773214787992424,0.07642728887655932,135.56155753503282,0.876270443765247,58.89804706986318
5.108132502887832,0.02554402514464187,101.26893457330674,0.8317581603150322,76.18871580400378
4.935043040739148,0.12044547095480641,125.20757036280085,0.8073922568099003,61.66284990104587
4.718227537795398,0.014758981702976865,84.77345303077743,0.8528795112588949,69.46004993437751
5.3997654402995385,0.013071618830129462,75.02942635351465,0.8488943688374433,63.52827549890567
5.278679604059665,0.10837179548694999,95.31481085597775,0.8840055436924383,55.1720842216286
4.818527970821547,0.0023681474580607847,105.25366915893673,0.8280162415801187,74.79141404629242
5.149336492825333,0.06260075174542473,89.78536635967173,0.8977135158452235,70.62543134960359
5.161223600846114,0.09819806684298521,115.16614852549935,0.9840196654628484,63.76065237949242
5.192690370503353,0.02151173168336423,95.80092864379141,0.949637786319663,74.62448087930831
4.491723231201477,0.04311261646465243,58.37125676466789,0.9684354658986534,56.56808504389703
5.301981962309789,0.07234395161616439,111.05623958386002,0.9609457186643067,59.14277993388814
4.829090311122281,0.020560407659794954,82.34925881705685,0.8779252672881268,75.98493698242446
4.89265161996762,0.09416402287636151,92.76805236646963,0.941792207259567,68.99353267514736
5.79136452567806,0.032364499978712616,131.0626240707871,0.9508512478845995,33.57421601312279
5.090562014216304,0.05807153120304466,135.4562344824218,0.8411296211398471,69.13251844111983
4.884103257365847,0.027371144750922945,88.49013129814378,0.9720524733239546,79.53256006597711
4.338411688173228,0.007292273456280651,111.5557326126368,0.8915494797044528,45.88627660477699
5.416929240183906,0.0377748021064382,88.95451019154712,0.803271947901877,56.48801321188272
4.596437098757419,0.10850737742901763,94.26254042202794,0.9286768217227701,48.6574017033451
4.698968328950149,0.07135022058938283,87.88449170202895,0.935352618383593,61.154169846070474
4.900594310273645,0.01981257330990742,65.5131263920703,0.9103524593353667,82.71950916743288
5.424923537510088,0.09988374983524916,101.90110447467418,0.8424830601694313,46.18157603002857
5.231971995999728,0.06286610959530886,105.76330773892333,0.8964556054712131,64.00454513625193
4.952648747047922,0.0022895119167275525,86.57996509377723,0.8800254900491015,85.75801132697049
5.092487619091647,0.015840966994779566,121.75583422874217,0.9949372147687852,79.79775867778575
4.819884292138668,0.04830886953850863,91.2783956580956,0.9649356869511876,72.11760127075799
5.041896106869605,0.06834417083778717,87.2557635028197,0.952379921017443,77.5566300322225
5.022001023433441,0.03613353153710057,110.53006236216213,0.8362147406000326,78.93119743921288
5.290630968704406,0.07527965726447422,69.14636020054942,0.8662080034842433,61.67971733769444
5.290153436731685,0.005166563166276424,118.13358063405612,0.8759423671138441,67.52129860002871
5.148193214661694,0.029857177339284318,91.95661685211275,0.8985255064600959,75.40467896339638
4.891295732736169,0.01675953732194349,119.78572152788179,0.8060449024130943,75.10613926135233
5.222546688317038,0.03025924453680918,125.76261051658312,0.9186018456149303,67.90408788109661
4.972409460139086,0.04007676973696435,112.80306884714282,0.8715713087944212,78.48417143897464
4.67542568938606,0.0468361042073311,83.76053414543378,0.9123354290851831,63.37078089922422
4.879013662426718,0.04236931482367137,74.9833658703119,0.8017956768513415,74.92299947204803
5.025358095135298,0.00031784256852118026,71.31854673329528,0.8642866277995047,88.58471578926454
5.273064735099424,0.011707954716899895,122.05821403402622,0.9537332112025978,68.72876550714892
4.944941548352854,0.002015366714958826,97.30399775599633,0.9002163105054081,84.66811432843593
4.637240386628118,0.0960300450881606,88.01556410938302,0.9577774656691277,54.183909336907256
5.017022504989046,0.08308805801975001,97.35835696922217,0.9397920785034773,75.57544687084207
5.034036812016966,0.04186768450195841,121.61242417908336,0.9709841150301954,78.93607848638385
5.055751288670826,0.006639660654022352,115.574795707191,0.8014887177104347,80.13126836513669
5.275961454786329,0.06250021339847965,108.7701231141771,0.8522650983688789,60.23557035900817
5.305676972026969,0.05009681185516211,112.7577211485281,0.9097603453202163,61.064294691659036
4.8217367382855,0.01792710188351072,103.60344710993897,0.9882036153304365,76.01886661021821
4.815156962585317,0.03688001024821176,106.0422611459285,0.9359580360265078,71.49235082382458
4.687940386713358,0.014127002307677283,104.42050462302095,0.8913177572563697,66.54167753947522
5.209644701084143,0.005838378377314487,99.99877508744892,0.8260282661015367,73.06624899164011
5.434646032501314,0.033849716555955034,115.06747767662563,0.8986430709514904,55.30989421789513
4.905475421627323,0.10518635773486189,107.22564212400789,0.8882173944912133,65.59235531483358
4.927570830582502,0.014344011739406397,82.38569937786085,0.9556886549377404,84.37785123500787
5.440034767069693,0.03130176237776201,110.57748771045307,0.8826697280993097,55.49829541009501
5.151667355964502,0.014570676158602835,104.9449413275861,0.8637676149666667,75.49521538491418
5.130870711440316,0.07158694902570295,112.22826937830197,0.8179439364937642,66.54576675177066
4.642725048207882,0.05234414833803516,97.91586172769942,0.8093002127850734,57.106298724699144
5.203618420783826,0.0926817075437474,116.23480627534316,0.8878268855044754,60.01369570396352
4.7212590978470725,0.011398431894216526,98.77182898267687,0.8693723959004369,69.07604610643293
4.659793944219513,0.016716000115668688,114.47759373201089,0.9110648339025719,63.85377394067082
4.895968526969987,0.06000946433810797,90.87056968098977,0.9423856874230137,74.5173487478443
4.824262182965393,0.05532603867103136,92.25491891802095,0.8080013627147606,68.09136053976201
4.933520091684488,0.01144144023792326,112.0410504642025,0.8992434219405631,81.0757528577718
4.567705509642525,0.02853527413772534,93.36453212510511,0.9723943788363959,59.89347382211009
5.287644891940301,0.025040587050568195,144.11565389496323,0.8910333172280657,62.39431938106168
5.338305888354928,0.004045198287448815,111.32889973558053,0.9042484421901549,66.04694582583203
4.415797257757756,0.004329062317736894,100.49846972308401,0.8973583681433352,52.195796508363124
5.293537341699965,0.014970344731089623,116.39801553517698,0.8779585836966821,66.0615779087546
4.756841411053512,0.01347761631879053,90.38639180046967,0.8220239047846746,70.79068113103865
5.257092661094836,0.05670904803436107,118.46029638466035,0.8252712431365054,60.72747835341976
4.979466052200075,0.15642498726483034,117.90470433327064,0.8358178483475387,60.230101575903646
5.0086326692242995,0.0481702123668757,125.070681155591,0.958512928179531,78.9196984395422
4.944470705173634,0.02907295034712695,91.18380937302845,0.8550664601123427,80.290248023293
5.363638761270046,0.06860139142120211,75.5453349172451,0.9896247563550822,60.12942724599405
4.628123596242491,0.07985237183089874,87.79690721594903,0.9620340333073258,56.17054994446629
5.182352101620503,0.024891324592613378,94.36738968054506,0.9369081336397362,74.62659891861803
5.330399049466865,0.028718379388415163,133.3442320170351,0.9440787258791481,61.41545143960527
5.214902024162123,0.0830749495401192,143.90024058255497,0.8095264417356702,56.44514089571263
5.697409674297026,0.03997734205078529,106.89324609287965,0.9136778733973091,39.74305109321888
4.84131597118259,0.012509464062710453,100.18781216037199,0.9882113819843459,78.34798508519857
5.287191446778059,0.02748001220325021,93.00184339051577,0.8078220366785018,65.50276775734739
4.968172809397574,0.09495060341167744,116.49380700421735,0.858203303702708,69.36246342573524
5.370021822905801,0.06644256230251121,143.77162783983036,0.8103022984267871,49.661189464827984
4.997693301283589,0.04231647388742123,135.71701782376545,0.9139483155732331,78.22139152299027
4.883637265441259,0.021898186410531765,122.75953225211667,0.8232401254341059,73.92235724836624
5.391821661161488,0.02720261157632484,122.46605062227712,0.8958500312448798,58.08070415653185
4.852531418294321,0.0027173171697165432,116.64619772508229,0.943989887357509,77.95946549684373
4.5761822723298335,0.058592524290339745,99.0541870858293,0.8328877069870936,52.53439312739799
4.844945935047852,0.06158665691740886,85.26903554918408,0.9510728874156542,71.95331175865445
5.18570988397656,0.010475715109744706,99.58371821344117,0.8120408923899798,73.5684957214002
5.417611625476128,0.005956537710117078,108.44679204262707,0.8299248960513994,59.80364053168006
5.033338812588954,0.09494792313337659,70.9273220256341,0.8560220726364447,73.78519202482177
5.395459120170208,0.06664194461811186,96.94098541267583,0.9592198134824175,55.76645882545152
4.592547523556722,0.023618019495419224,83.48135290817453,0.9700273778246802,63.062560754766594
4.867020960554629,0.06146045195400268,120.27682322136283,0.8440759628732475,67.65602677550599
4.913427464853769,0.0372000053152518,89.00583195686579,0.8191567651050993,76.70819920035379
4.965632171758244,0.05490417324588341,106.56440663961975,0.9695907564694504,78.43767878403918
5.025228316475059,0.11772608141991865,85.99959414128847,0.9298734875044214,70.82489913446825
5.2072732872176575,0.03259347241590128,131.95398651921832,0.8315710872797363,66.11060499822825
4.866557948548853,0.00083459933978677,65.98486126930828,0.9115433570301505,83.50066802563535
5.041708606085938,0.008957285993522423,109.51680753687933,0.974474286577107,84.69169571366957
4.986463132902784,0.025369047638166036,74.45484663120135,0.8139029884103527,84.21500593352908
4.722233028832655,0.012590535479817902,89.81334699030299,0.8167442467296561,68.79895164354942
4.96589999327557,0.08959957880906658,104.1237340736901,0.8547215521325137,71.19612041045545
4.956902141030865,0.002319924940775781,105.10714062633676,0.9304524651197313,85.16447496049648
4.950475830499086,0.0682786779396592,104.58533682190826,0.8356017018941198,73.04024849468787
5.009527836974435,0.020316560943980513,103.03498281951,0.9632734408634329,85.34281617525448
5.022702062184016,0.05793780963280194,87.16311476253115,0.950086035358992,80.2326140549655
4.8703114462678005,0.020082792781097564,96.71893353822378,0.9122009707255961,77.77839391959294
5.38181442019138,0.03760124143946403,100.6326803235783,0.8232135408740687,57.851951357721155
4.649155811239095,0.020357662804874378,103.90720793517765,0.9976439656624396,65.45785777334558
4.783708967459031,0.05208126162206042,98.68639054386023,0.898006725912565,67.30184426809808
5.833989087267067,0.10837925589668791,114.59180841968909,0.890414629573456,20.052878128972996
4.688602593503231,0.05099126567287848,101.86773940301885,0.9991138159334632,63.46296813762946
4.593873597587073,0.04085402490043223,104.02651935243227,0.9727736526942672,58.55713323880164
5.220343023500365,0.0821769176948118,92.34695303376965,0.8912735468062963,63.0436565685053
4.376864043867838,0.006529017782360466,78.95116146771156,0.8837605971872544,51.412585761690124
4.929417827008268,0.01728295794816751,103.08057861464941,0.8191818765133972,79.24820559707395
5.643747477522947,0.021407006880644838,124.14892087925875,0.9853023492778159,45.45525521415691
4.53651922335398,0.014578070134688686,108.87722461460827,0.9687549695438396,58.49181981045146
4.405410654278386,0.033579110007679616,83.65012117570416,0.8620004985759822,48.16277060950044
4.55024563941269,0.07046474778899046,116.29480051637208,0.9506642575137555,49.82883129505075
5.269507870504095,0.02792246906274039,93.29765864412087,0.9525458852547849,69.36230925102682
5.337433015995744,0.00875290980936851,114.29307960960574,0.845582143445323,63.92341747679596
4.846223360906447,0.016563048666352245,92.62408270207678,0.9227310939877367,77.48115796398105
5.204963721200321,0.10106898759386393,107.06612879654739,0.8510057606824423,58.855330922895256
5.417076598253597,0.027085589515875436,89.63005326751306,0.9579772103871823,61.109104558395224
5.536203924328948,0.06673588729142461,90.13895007059331,0.8307619404965828,45.418725249421755
4.926099415646045,0.07083216036579411,68.6746926580852,0.9337811997374554,76.7492956128342
4.309558484699004,0.023538318822036945,110.2414963832232,0.8652023423303523,41.3226584669194
4.753736323277094,0.042584902426007126,107.40339269640674,0.8072364115070537,64.24083299322497
4.871958741519423,0.021080277379584234,108.52885432521884,0.8247409288421786,74.79741602854943
4.922318361026483,0.06146368432832337,105.50661122263622,0.9309798276367188,74.18848444281123
4.943642179697384,0.027742522415519198,84.75499933353393,0.8479828606443965,80.94130969904968
5.335668379379201,0.034465231793688066,119.3179852898716,0.9262070745169343,61.28245542954625
5.3823285280062745,0.07709154638681168,119.8555860018454,0.8829644332002574,51.17028642542238
4.948497903822565,0.016956827961535175,84.23525069658835,0.9385426927752494,84.71367882096978
5.329545462815545,0.009001495666348504,110.64247982699916,0.8985897244370961,65.784594387157
5.107298409989327,0.10173027558806008,117.49982370735954,0.8617094194322342,63.7867600803401
5.019351791858772,0.010159443845118651,90.59803453312557,0.8291638359715204,84.83844917782373
5.271963247132989,0.043366848298328556,94.07928621511296,0.8682196504842561,65.1336423154452
5.021675614471374,0.01346780481251474,110.68226816423572,0.9269788155853507,84.15064190512378
5.617343353129328,0.026908992561062117,69.79340461171398,0.9480947010394871,50.905603487699324
4.5684766499616325,0.03785812928506353,78.22965556932,0.8320679349679981,57.24827274736639
4.845448730272395,0.02479735017943895,80.20449984260877,0.9328544817776234,77.64396094071944
4.962044330913815,0.03355171264306223,64.07367270349009,0.8358559019303025,82.9996537266266
5.1318358071373975,0.01680326092703249,121.6987954837496,0.8443638686979967,74.28676025828626
5.380388146130927,0.0861689269199114,60.237363716166655,0.906263448056003,56.352904783661074
4.992680429829153,0.035330989349096106,106.86221326862733,0.857840460395215,80.73176526842632
4.573331105148138,0.027423184077344447,116.23366789510439,0.9323190882472974,57.30940367272211
5.252754168936502,0.04588789078544204,94.12808091173466,0.9911553248483076,68.36186465178629
5.226487629842589,0.013649360958262833,86.6326475053751,0.8297784402674789,72.29564212051729
4.417442402186178,0.018977223767968832,104.65684901473279,0.9141021664618834,50.01631899373975
4.99885875989876,0.040073342924077285,100.03666001188962,0.9846598365346386,83.61005488481781
4.522957450795911,0.09595097862654905,120.07009724832831,0.8353057953303225,41.6839064355459
4.800604670749381,0.020558400475316384,47.42957719204085,0.8733701806769717,77.67696606800077
4.72915732191116,0.04122925480235725,81.62585047703745,0.8247233669979575,65.8969333865714
5.242779409472596,0.003920615778714637,111.2315376783211,0.9284075436627897,72.29014017026073
5.035049052251655,0.05718152609368424,101.00894885548921,0.9338285855389402,77.89550477607791
4.614322699773192,0.06837147095770289,115.04068318393735,0.9328364638871274,53.75630230208489
5.264019788887203,0.0654207119543081,105.24039952479325,0.908425409672669,61.99017411459566
4.569858252821476,0.055538701258759704,97.30525873517375,0.9492521735595545,55.11520757814831
5.099034137141283,0.010902728082879069,93.95423113812991,0.807175459275996,79.1706286307981
4.755796799212534,0.04985280498692704,146.5011003175117,0.9915026974890613,63.049831122743015
4.890296875240844,0.06468808986939154,130.69892548063024,0.8444192415858707,67.53309131769633
5.151281224411515,0.10100793424783537,109.91010196190445,0.8243123937383487,61.26717407671032
5.156434819717859,0.0694263052323721,101.5692778689683,0.9882272085883863,69.80758141694355
5.4010907220667885,0.023191061251681945,110.76265098706868,0.9660873832723167,60.70138005497986
4.975323890098564,0.04541266277121858,116.53669435745816,0.952974083858336,79.11334623165197
5.091935258889002,0.027782914883587057,108.37653371409019,0.8209491417877963,75.8977766984687
4.868678803278702,0.03282886979246539,84.97239753226884,0.9615058427352332,77.9292748293301
5.054596964786839,0.0554514887659152,135.6902153544902,0.9218047046019565,73.2735313544925
5.131845814402554,0.08769459296617128,104.92416455508038,0.946381722202369,67.37028017946042
4.9705070457636875,0.015242474397161036,140.2786006077963,0.9956140559636785,81.82847264474103
4.458874854772251,0.12504935949065557,103.74294973754668,0.8388882354236,35.17855709745405
5.099441268899269,0.06796435100202887,95.08693295748932,0.9008763921637061,72.34770576326474
5.1093684432066375,0.04096709362308126,127.68280248092927,0.950670389291823,73.53795690188309
4.795947957095615,0.01992601960920141,106.02373916155534,0.8867312701543397,71.90022597128795
4.614683889178246,0.07536109998444014,102.66845269018579,0.8109306165836417,51.528635415683
5.44276374515119,0.009911281185042071,75.99271588714811,0.8222877797751043,60.79396711995957
5.147433653268321,0.05285863492104782,113.20435610271656,0.9204183945091245,70.31311784565442
4.931275690723487,0.01192860509835916,90.13379234088183,0.8570008292781514,82.21388803013016
4.658890135055754,0.02173846240472284,91.04417581852051,0.8275681294605187,63.71958374999511
4.753455551473596,0.07592707046679747,90.18902309189657,0.8679783995049165,62.15893819930483
5.390777119035869,0.05537925673819688,108.78067669390606,0.8401961864089571,54.17234040590686
5.0412985822604135,0.06542225828228863,69.2924745284862,0.8047878933149549,76.87525673548238
4.834823879899788,0.024904022513989703,95.78309314548386,0.8303627977134332,73.38277605660909
5.152906769367397,0.07144245768047973,119.60557982218756,0.9766155921835346,67.68097904733614
4.755680543766103,0.0015875587515563894,75.08662261319985,0.8024074565005432,73.6421856819236
5.450252909084114,0.04661222933817227,103.4575792186917,0.9547700607188192,54.742634346734555
5.405840160469017,0.040874966310793306,87.37201159458331,0.9506922211743167,59.79498868926798
4.860027778639167,0.044590372683355806,91.92613761068733,0.9128475376717978,73.97744780821387
4.8113989258907415,0.043890707646032756,133.10304520779815,0.8416895531416742,65.62381594859325
4.214560040392316,0.09384610111073498,66.99021632909984,0.9756118448600464,31.609902521219645
4.55552576853459,0.008247576332761023,115.31260676343233,0.8950151137587886,58.46345126099378
4.598159067512674,0.05145676491288917,90.44143462445575,0.8346412458095471,55.8197107675724
5.040557102296216,0.056172102906781,89.44672029708666,0.8858045184978453,77.91217676645815
4.902129888667592,0.029016062458864948,77.76875315023466,0.8389834455488505,78.77817754717934
4.5963993537754275,0.05342813081685634,115.07799274547271,0.8752015682259849,53.76597369396963
4.915650787260633,0.05240623876384343,96.17190767431967,0.8993375542020241,75.44767173766999
5.1516011442942045,0.009805826551007273,93.64661172410696,0.87198017794041,77.50799974609414
5.158351804974676,0.055795857024278264,102.19673858408149,0.9314088548145403,70.53801638576037
4.430098915742335,0.12668853236147387,96.594257485164,0.9871835608176877,36.8869005581564
4.9615209558548505,0.08677265308508714,59.98624240492951,0.8696298695293927,76.06933253862287
4.584997766908517,0.03768396879455241,90.18351634045283,0.8711479027672971,57.8518771166288
5.270518609142082,0.055836382385867134,117.90881781896648,0.9476604941204531,62.555754194107436
5.235243924906049,0.0006359639597382193,69.86767071775384,0.9061181863042169,76.92556656598526
4.730591832102663,0.06613612407826777,78.2012420028729,0.8857678879241483,63.810324872615276
4.77018643927988,0.046703147815847584,91.46417209202949,0.9627616376913005,69.31452972903872
4.861619884850508,0.015870483729174396,85.48753162725716,0.9782072134382822,80.33201163769424
4.324161981580598,0.02160577277161603,99.44229035716783,0.9181173212094368,44.62697036756544
5.100790452032173,0.07438034925994769,78.13846496642519,0.8370206545511012,71.72208708345694
4.918146636097961,0.0581031936931299,92.24290952381254,0.8932571778003956,75.01417171553483
5.2910525247703575,0.11606187085448065,99.04010936801332,0.9008741324296269,53.24103959739765
4.670477234611234,0.02769271144367495,112.97880832415942,0.8864414714221719,62.50567595615032
4.81426311552502,0.014560621889555859,124.89578772199192,0.852486375773077,71.23184239133019
4.548042422588265,0.010579157654563687,94.7690569229312,0.8944643615447709,59.708053245713664
4.698712830951724,0.040783168626930315,137.7612048249165,0.8893092304195379,59.815358688962995
4.645405401179534,0.07079282594964888,96.32190838910952,0.8418987047903878,55.31118343522152
5.298792103653934,0.05335169757193593,116.57750296513062,0.980686130467213,62.02569145780477
4.790521445374583,0.020426880758958446,138.63015469453558,0.9770681901694936,70.04560294256751
5.037252705423384,0.10047708285191846,102.7861681847187,0.951923285690118,71.45312414213967
4.8857709788414585,0.00798955644987399,72.52946756844929,0.8801893155224563,82.29866481661061
4.619160420196156,0.06655059274345522,101.81807714415262,0.8740683815784271,54.46659621740436
4.949509873048507,0.04465587636080026,87.76714223590179,0.9432930754791929,80.36135821478408
5.179730999559078,0.067793030326249,94.51135946055096,0.9216238470006137,68.02852647147513
4.637672182236995,0.020488027079996623,139.6995376499043,0.9201196647893516,59.61956640301679
5.242733837219413,0.02027008350327904,75.54473153552249,0.8248223054989714,71.33743019777053
4.745083723556691,0.021013594606114405,106.00933644611717,0.9236567560590897,69.42518569905438
4.855104822178148,0.056611089362015574,82.44557439356551,0.9803726022246732,74.17752053152343
5.159204936903015,0.006512969669417114,93.84684117598171,0.8171632941340867,76.42934010049012
4.800969152834154,0.03264383287578335,114.89684670408968,0.8678342598141575,69.0285747645559
5.01127245780076,0.10923178034748864,106.36327886946046,0.9018028582894145,70.33861475867334
4.905592751363573,0.04013590946349109,95.49935462076822,0.9372018989662974,77.50928117953981
5.038810402011146,0.05126142354365512,87.00399349470744,0.8179269859112502,77.64030271653724
4.285778268342951,0.0782237923525003,106.32156384307228,0.9745612386577689,34.27219563655017
4.451095455437575,0.02823287944475283,134.1537343430674,0.8081091240816304,45.577604456867455
5.184790101814052,0.011745866881450713,81.97296114752753,0.9715379333614486,78.38417641141551
5.311154421694715,0.14127062959019462,138.23327770915546,0.805530351173051,42.427419512333394
4.726853988940544,0.016043888880774564,123.98994901450303,0.8307046608654712,65.41975432017556
4.9267914943486595,0.07582153743911037,127.38706735155534,0.9600647654307347,70.69684761851218
5.088415775870691,0.06818689385865537,106.16864761859203,0.9720328874407557,73.29081235591617
5.2079652804976115,0.053905685719384464,123.42259551019788,0.9964531658572451,67.02303407836075
4.391696818498746,0.035523963850296665,79.82337435098748,0.8231429656687351,46.6537364106562
4.734187925906487,0.027337373610261284,86.63912184302977,0.9052902232181264,69.39256179290958
4.900226186045037,0.036497939392021735,115.31627627840786,0.8154311653079381,73.31587593221694
5.210942059170815,0.017705623989553002,105.91690110447632,0.83128152519277,70.72157324472592
5.7495291451164485,0.035845975595607954,97.03241483004462,0.8348987715812727,36.64608890229289
4.9315982819570845,0.003800500001042567,49.94782218785156,0.8126776502918172,86.58459270431987
4.577906761368803,0.015110250145789855,91.29051903923659,0.9785959611856674,62.8507354800494
5.1206804231603895,0.0792492223800158,76.51892439403468,0.825271103602872,69.72532088602823
5.396298736862213,0.11086554098628036,109.87068622623005,0.9258681686024648,47.12253938975147
5.03240423629385,0.0898298923111589,96.17662942865529,0.9251494129126283,73.46658729108219
4.728005436453712,0.06300926053909221,87.4339891166699,0.8397290410732425,62.280119016156746
5.287398182444006,0.030217013114979496,152.85820965248607,0.9996822522471562,62.931381165807224
5.199063685549531,0.0004448087494747753,120.7634895338847,0.8694735546391773,73.30257969400202
4.692175746741313,0.030496302620649892,121.11744282712118,0.981018874192679,64.46473261252275
5.114427685260303,0.011621951903808752,144.04430289364345,0.989656946450749,76.77975473846115
5.2991796702976615,0.04886028262639755,116.04383565366219,0.9897977628599393,62.911749080013244
5.354567012767668,0.05602430541271439,84.58091981054268,0.9505675175203445,60.875591791385375
4.9800653074071635,0.04681450312827343,82.24207296616527,0.8507610010623966,80.5727556998202
4.892576166146204,0.07125673022787907,119.2980551750847,0.8241310703620517,67.41887632432298
5.368182146624378,0.025229560685653702,58.81291440449647,0.9139769954308444,66.52288556785648
4.636951849105735,0.0666414352046099,98.44440737980868,0.8720078262194021,55.81661145205978
5.131573787276301,0.014782272506009813,56.57751244887103,0.966207802363845,83.55463668991024
4.588992011790671,0.027046797632144275,101.97687016779012,0.9489980105233503,60.0647742563066
5.319612881677881,0.04660580670931909,117.08140501423907,0.8552936592346824,59.23008877619901
4.922586345316652,0.08079367810994904,105.58831069207264,0.8034030467379458,68.74535886805839
5.380574970694241,0.044400674318800494,118.76218717941195,0.8474631517901824,55.57844492838794
5.147423826906658,0.021040201188627213,139.2965388331983,0.9134231168484533,72.3373486609557
4.633033930981421,0.035507691305075355,97.12923125475983,0.8157994944425189,59.258948926498356
5.427388319623173,0.026821345903364005,156.1530156655776,0.931654519943323,53.35128776941372
5.465373579928319,0.03629754480676971,104.25339912340309,0.93433925695446,54.89439871003429
5.264685947779765,0.042131007247245764,118.98330125380718,0.8338787844719758,62.57843761018604
4.771523640489134,0.01605870602632726,87.77874570869865,0.9192636468170862,73.4900108908708
4.908195813692777,0.02399284178846519,132.38627959261365,0.9213942855922468,76.08208030588042
5.043628165221728,0.020566618918386705,120.83420397085258,0.8955956292708108,80.12580943726928
4.78888688020057,0.05380508068249566,129.42902605135995,0.9906491615057749,66.13253133463934
5.5077039717389615,0.009226164191783005,101.09008843547909,0.8216326360596999,54.47748094454094
5.043297941517811,0.048148959095242805,74.89164871233422,0.881325133740584,80.31711744822317
4.188995585867793,0.012770661633677608,109.20794879250812,0.9765841544506322,38.03502411677776
5.101806743826866,0.11116794810182332,66.05960373352968,0.8772628034919219,68.15569885160002
4.895552780954806,0.024035686336322335,93.27628392756095,0.884927921801067,78.49874395010525
4.977522033164465,0.13703613057628386,103.82160873264502,0.9336547760873906,66.38683705190866
4.88941419026429,0.03760057955454322,147.54448585021535,0.9331127099159164,71.63257009597271
5.242113924982006,0.009316141470589217,106.37097223883882,0.8045803916877531,69.53025389036243
5.335906333566014,0.024972398812983725,102.79074938166079,0.8911394852225908,63.64347493037731
5.0849159486775966,0.052144428702884674,98.73935151929415,0.8667023689396819,74.54349100077573
4.898206643858552,0.02957211421980784,73.15818190469965,0.9255390494293573,80.65154429665915
4.987598838557249,0.023980315458199498,101.71651680026015,0.9111404631390543,83.71004057746008
5.005879884973289,0.03974100102060883,102.05765352273545,0.9301723254227395,82.0837379046926
4.759270988040549,0.006308268553009373,80.62783009092566,0.9307534773012008,75.16230553641299
5.173678594571371,0.02934635262772488,76.2650877114327,0.8509743722615267,74.5703101056463
5.13801269715814,0.08409891811883431,90.36858634464534,0.849292952913837,67.05340087649867
5.462132371933002,0.015609582418257321,101.29865957145387,0.8740564790046307,57.2818839442285
5.376604934086543,0.12395783492334021,90.84891637237084,0.8483916921073389,46.6929709212161
4.794297524722961,0.0387905490169599,78.98249100696958,0.9365616155637334,72.67225234141141
5.24608951235269,0.012470822581253609,105.7854450400861,0.9205731950448919,71.19692526853981
4.714713985071659,0.006965646180548936,110.77733648338457,0.8432774013284101,67.62580655544693
5.208779630282255,0.0668253303028504,102.4259541844447,0.9768209617599383,66.74324645439145
4.845015740371967,0.09198958151830605,88.74034572246133,0.8921325230142271,65.87112308261054
4.693024032987324,0.05215576445889056,111.89682042464517,0.8254106446583334,59.07660816110803
5.084013602809222,0.014632658877451861,96.18925420546037,0.8425931176183165,79.99722193164921
4.197629861553758,0.09756888605047467,76.21832585309701,0.9079701126260691,27.76002845286597
4.4747073276784315,0.031292091701865365,120.72488710002797,0.8676848032911191,49.06983326124567
4.946752434867715,0.04757737271321169,107.0701603853298,0.9702443873188937,78.36641189292605
5.024732529990453,0.03985832963451151,97.61419388608522,0.898947081480434,80.75482099639628
4.8892043689525435,0.10364948514224764,68.5789559033055,0.9830589600868808,70.60812297722254
4.52616911038472,0.01105673993981204,85.10279441729577,0.820365296187671,57.80866211413526
4.754632447358448,0.027148168622488204,140.37131424765855,0.9337186265989517,65.84296265534684
5.117362798171218,0.09386862803154303,69.83315876238606,0.9771569704705378,71.43776143816763
5.174534531188509,0.07055485027934955,94.97301440716615,0.8585860951114441,66.6191210482993
4.995133064721218,0.0837029821633398,99.6732847529276,0.8271375192630577,73.72795846874048
5.347050134311097,0.027502094013290835,106.4095357882311,0.8913289475956396,62.23730321243025
5.11921910703777,0.05625528205071803,70.05658128347171,0.9922668452655234,77.2482400470894
4.775763303812536,0.02665832446813528,103.48352512809201,0.9266923851006641,70.73254474773597
4.915849383976515,0.0367563066536832,66.2778907505664,0.9287953942060478,81.38563584960275
4.579140152837644,0.038230090185241594,101.94857592391023,0.9343002509061178,57.50504306820371
4.967558302882575,0.0939091967819501,86.95204161980836,0.8079522751187582,71.43095999605634
5.333630185766402,0.06668835450041241,82.6826146616438,0.8891299602648786,59.493273418087234
5.2055870254132905,0.0629847525648883,116.69634317335175,0.8155144020883419,62.85771931490098
5.420602797775737,0.034831252207365895,95.28787513272236,0.8631717658743908,57.27379210656649
4.909134426860302,0.06278676604304206,109.47421609815143,0.9643198048673756,73.46902519269416
5.403829938354277,0.0037478352260688734,110.13653822755634,0.9312539899454059,62.81945439098553
4.942008732065609,0.020698589794525584,125.39906977910204,0.999114539747063,80.85811927178878
5.4414755247709685,0.010495135347460112,75.8348451675795,0.8344308848745354,61.04233139235563
4.993442975767363,0.052280510038828124,118.38031325039513,0.8794108472370847,77.51468765991973
5.212169412141283,0.02202144699167336,100.32923244876093,0.9619280432645869,73.17225584318766
5.442533709292957,0.018633669533022857,92.43750839260812,0.8431383204786849,58.27194258278205
4.941971711425638,0.05931491154501392,77.01498961619436,0.8307443692658251,76.53445437748326
5.065516696263252,0.05200280405164587,112.13181723085724,0.8855225113987653,74.76584612134758
5.38665902756189,0.10440785264513955,81.5555095733223,0.8767452980315004,50.51863545281342
4.960099050820981,0.03831637417705386,110.35613173954286,0.9960411881806703,80.74369751235989
4.603732315248152,0.04603388835400369,138.55661545934265,0.8912503058053302,53.2882002319609
5.642902116375473,0.0900049905913907,119.59954080718657,0.9721892686205507,35.40895572045537
4.859070660698859,0.011383134801334818,127.82868650301297,0.977593103846778,76.60576284836557
5.047626815281263,0.05441291064115163,85.61990445549937,0.8315743428188819,77.04995089777917
5.346802000835338,0.03000470295641968,115.2546609226399,0.9430609602496909,62.02692761914656
4.81745182888064,0.0511316734607202,77.11570089727219,0.8555214278422807,70.77621718084876
4.697639626033361,0.1426969336462695,95.33034194850772,0.8189477936525259,47.29975919326097
5.07612118903245,0.09277491460394717,134.8254411243824,0.9749409822203174,67.53276699942904
4.462077080626283,0.128198816665079,87.84315587147032,0.8584866081926703,36.88021891452152
4.913628176939624,0.023122348833156465,122.22712368346187,0.8690731340381621,76.50808860382101
5.073511599294622,0.0475286796850799,120.3129346599943,0.864797807303868,73.72466476963864
4.91901443095245,0.002973771597632204,121.49482500441675,0.840059084590674,79.346499308874
4.536964717044276,0.0641462402793376,74.65996047757454,0.8869006764057248,52.86796446111295
5.478253386861204,0.04077716060255285,110.5040193203136,0.8856585641604879,51.85099204912322
5.0310614461847525,0.10715465947373894,96.86802868166274,0.8817503251422366,70.01131794253247
5.429345635328522,0.019535530974428335,121.76993715058224,0.9832595494313159,58.79712950769254
4.921989124945867,0.05277367378086578,66.8999920054631,0.8679503257391623,78.07230374385908
4.735996405492771,0.0938963368079768,107.35575778131206,0.8060757816688314,55.46127366361516
5.080754276076548,0.11078387275401581,104.52750405680133,0.8356874012481553,64.79816014158773
4.935263862101534,0.05014645362065555,60.19766525502129,0.9442994153146947,81.46008546378548
4.6466715626025925,0.08458578037606199,82.29159287810046,0.9181717212629023,56.246701837194244
5.440935277636249,0.06756924917503852,63.39695573766298,0.9903469607482371,56.87573960676775
4.813318933131801,0.058488834235943823,85.47289396154187,0.9388870214381766,70.25626188512584
4.447920084561329,0.00048662345341909247,110.98434169330295,0.8388483346797423,52.48074407993144
5.3984498161872,0.009008186106225988,103.90731151297216,0.8241288437254607,60.8336288360461
4.848710595256213,0.057399769931360006,103.38800161187098,0.9041519550628954,70.05690916573958
4.8176528322153125,0.041438967545250685,79.20503782137234,0.9330525472284685,73.58387196356327
4.470383723891008,0.015056368717025877,122.40900983021064,0.8331273475937073,50.38621409475965
5.522282445979097,0.0142967251974809,99.6236064327732,0.9203386020765436,54.9629558598856
4.6131558238370935,0.04366705916925717,100.67407624515018,0.9730057367859315,59.63199766604065
5.017534844211695,0.009160398415603536,118.80799137892261,0.9455137856186089,84.60332615943771
5.273786096762132,0.006762285197019758,80.17308504614923,0.9328382161763615,73.19794723363142
5.126515079900929,0.009335171218396101,104.57095539743847,0.9578662109019849,79.7090482014807
4.982103706402342,0.12180214164200562,108.4692498320284,0.8208165418107463,66.22530699085178
4.489500242513775,0.0008449818059694594,89.08863699412304,0.8407662911622389,57.14972940376355
4.757082549269815,0.032050260914189346,113.04746761519553,0.8076198994051579,65.46506504564411
5.056340101412757,0.04917167845779827,109.54246341259135,0.8289955890853514,74.86950758701273
4.7638477790039016,0.01282376652885217,97.9764657544515,0.9826364685339053,73.76238455613924
5.061007837999631,0.05076169654332363,97.35698219730277,0.8444289855834627,75.87815673046259
5.204523022644542,0.1315748167601233,110.47095315742611,0.9324194432691726,55.59368967694982
5.28875086574003,0.0023760527206676055,115.7694208002638,0.9383134498270757,69.50786706401318
4.632146192656195,0.0011065273019324404,101.2579983481328,0.9290650918839176,66.21829446694689
5.658993816493687,0.027991767595404872,122.40378920813694,0.9107842097471727,42.23691114519784
5.230243803366239,0.10650583846044197,113.17051924861167,0.8972260694893623,56.83696549388544
4.999485753899281,0.06398726632594978,64.23072100546369,0.8839841683561683,81.62766655164137
5.326860974922992,0.03379929247102699,71.90206604915716,0.983379739323657,67.79583581552386
5.709622331599992,0.12436360808968137,123.64470438043323,0.8019028721754291,22.441705896013513
4.568383969682939,0.02643643403698242,95.06453737058204,0.8106979252053831,56.84507784247844
4.9324212072525935,0.04176669896517399,103.28351645594948,0.8985024931005298,77.32196580679516
4.286470502038002,0.01091984264803263,122.7858103531829,0.8661020163608386,40.593713016973695
5.0577954597944075,0.030344126487839525,99.87177565256317,0.8816460426206506,79.62639672631632
5.109618272577542,0.0865401957819931,100.74535219178698,0.9995697039117882,70.35873313710557
4.988251365367172,0.003033207779196967,82.62541534416542,0.955026939839244,89.67809801751912
4.803639928700507,0.06133258987162159,107.39989014455041,0.975481591197645,67.78815005078505
4.385145645143503,0.05176844135234446,111.73024437933647,0.8737149128491228,41.6447463248073
5.112060105023531,0.052185918479752735,88.44236325994288,0.8479120880012354,73.56251136065566
5.436630345174597,0.0041400344342474825,81.55957243388266,0.9535980936644892,64.09717875428855
4.82269446327997,0.09190143609366311,152.52578510390458,0.9615152188514225,59.55417824938674
5.132017978706943,0.02344373197568846,98.14183060303434,0.9099796891948375,76.94777220482345
4.5295567059739845,0.034490559778330966,86.32615320781417,0.9791883029294609,57.55096912949722
5.1371639191077545,0.03390397977867636,114.13172890584524,0.9934650513590652,75.14069602333005
4.881985310676603,0.07546039912933654,98.98411929544216,0.894204135686262,69.58572955537672
4.771274614819125,0.010511034626892696,78.28467353475793,0.8445333335561465,73.76202101276075
4.771890907635161,0.05441425542441161,109.6610714330289,0.9034226214102627,65.25366142935027
4.881916525390097,0.02154413319275651,82.93758061848362,0.9979066447351274,81.34774637734654
5.11472999470776,0.11916363279603802,131.52916004311268,0.858585371936616,59.26044683254974
4.6063510396413445,0.020019555214834495,109.89009259504805,0.9235198647465602,60.8595171316819
4.880865400529644,0.024119465153931045,94.46239150947832,0.9387967328139895,78.56369976402094
4.987558466600255,0.04748349067440248,102.18694036044226,0.8427857588690555,78.76800553619184
4.670288232640442,0.023989421571616192,118.06576242196387,0.9176918245644332,63.166140971776386
5.538999560502505,0.03634262031304672,103.71922507121597,0.8629014011938231,49.09473883964753
4.743951355981597,0.0313656897746159,142.44218914467098,0.9708419218173484,65.1048474145833
4.799168925909953,0.03451960994037194,122.7173503279105,0.9429507141412088,69.35947331357453
4.70650761505325,0.10066794645397421,109.75214735122243,0.9652532854957981,55.6201159098926
5.539544026141435,0.06467711029445547,81.26028252983032,0.8399364789183911,46.59849321273037
5.165871568579845,0.0879474975633558,97.06223792196018,0.8069149411371136,63.287656281252204
4.719022398126907,0.006416544455521214,109.57749940104905,0.970105136961975,70.62321501842085
5.331869467657991,0.04082617723575857,83.54277168483723,0.877350840083286,63.15664498833877
5.060209608286663,0.029868423111734557,125.86853749925899,0.8359444823824298,76.03919593376271
5.077176026333451,0.07640013131007539,80.51685316443918,0.818379073053461,72.22531486810695
4.896656837374264,0.07801240659148095,87.25548603908196,0.9033001612114183,71.43800387405389
4.775175203912908,0.02965254014790574,88.75401630210237,0.8300255905223892,69.78774139282615
5.101329829716381,0.055897556592162584,114.87648921266266,0.9133384048882514,72.31469590469153
4.836473831001323,0.10898309435438445,83.90127265658454,0.945461308502549,64.36006461131421
5.5450266888725315,0.047799371684506944,64.0004685916189,0.9070116343032505,51.86867874187519
4.6192126684270685,0.010421852069557105,121.76077671523426,0.9807399565376962,63.02820375442104
5.460847031856484,0.04032710691333475,91.11227429788876,0.8311139248671277,53.811163119164426
4.966604345360659,0.05555467742262617,78.62984735696126,0.8987906946500999,79.77588826555152
5.0897257202063315,0.0727676533735522,84.9028289359492,0.8326380918773265,71.8637877255389
5.249947329988831,0.05356058721395765,134.335254983687,0.9751803852893093,63.039154325994005
4.810925211498669,0.00895827539814587,86.85912605454178,0.9864478552702276,78.35481588014865
5.259274515409591,0.032222722480277494,97.53263789246196,0.8799991763285696,67.4568404407081
4.187736843385647,0.07194198559910468,91.06163275427969,0.861149651569735,28.589742519239834
4.784003140033418,0.0253272338217187,75.34674913132487,0.8558632190858497,72.82369279733176
4.72278115779768,0.05174814368062751,85.14562875506073,0.9719454691981468,66.52899442422355
4.623948196288471,0.018591654577522355,73.9778318598701,0.936488384925329,65.98012810319949
4.935513548576314,0.018390702452785866,119.11762551361429,0.9761186109307669,80.9828172139149
5.115724990454509,0.024273862517414868,102.01758129227191,0.8235033658967567,75.68373038382519
5.210797999549792,0.01054710395738127,149.65355524348644,0.895205585572814,68.70881062051293
5.072263027160123,0.06432851215407177,85.82178550018823,0.9352358188930192,76.13747937512343
4.800291960531936,0.01841617468483141,82.82279507708762,0.979418152150559,76.56117496449389
5.11070493134755,0.032238742055584926,130.67519536710657,0.8764038427825978,72.98245012975055
5.037285708455255,0.007543949825564054,121.1595406413627,0.8626180145420557,81.76767124555494
5.280816850380805,0.012209545890904672,107.69530043542044,0.9825931418371692,70.20188988671737
5.233081010879455,0.00383231652806423,77.72616969823457,0.8095066539660325,73.85780797752027
5.009142924176189,0.023179919636590895,134.8999253545587,0.895919097971116,80.4028260279065
4.730824098151623,0.004654973048814695,98.55793680459304,0.8917253121213167,71.12991249374221
4.804114953250376,0.004658412780570264,91.38649743009928,0.8292112827781625,74.99371119049032
4.83506319210859,0.020257157027092472,122.8591947383656,0.8789900222362756,72.3590989433405
4.905420099825124,0.03966891722348562,99.55409757492541,0.9445199479966967,77.30985760842597
5.080415128276926,0.010972485455713046,76.68659828736234,0.8733736889108508,83.32803343450824
5.214552317038417,0.03148276278462098,100.80605198997164,0.861932095921956,69.56248327944378
4.984664392095387,0.04990410199593916,84.37302396858472,0.9563790995812692,82.28452782109925
5.004837436370142,0.1498718603687612,39.81317714633653,0.9977430822054804,73.20251869195326
5.042991891500001,0.036490751513228156,82.36579615699736,0.9558704747860559,82.82770366303711
4.845228406060298,0.005931250063219148,89.44528858264299,0.9692686576318164,80.26486114850704
4.722382322707113,0.04585001512569676,76.88709781413904,0.9879001499625026,68.53473031140842
4.473368630806787,0.03804303047828404,111.50493064228075,0.9603544932152063,50.752260076740676
4.791455192576938,0.046043284628078635,84.45104485342436,0.9960708579633416,72.05713153432892
5.141943635980336,0.0021358534766087733,109.56852401668912,0.9494568509514123,79.19528843704784
4.78912656858813,0.031927903531977365,75.3336052726337,0.9323045102334484,73.67113826289679
4.928657888772218,0.023067183212043183,118.18437842165076,0.9386697098499249,79.21435219936002
5.139929386223695,0.0043934316229356386,74.47034946667017,0.9800163653549968,83.09851444357086
5.156206848926801,0.032270487088566994,53.16939181217854,0.9366016301723596,79.20210942333622
4.676140144350188,0.07276827733753534,124.74525170326454,0.9522410341895348,56.223462573845225
5.299117806936092,0.018889988828233763,82.88212392537658,0.843201986739412,67.79526060184999
5.338205026806645,0.01922264231782127,135.13858116398816,0.982529922586962,62.96104237926853
4.661045042834432,0.07340805174379922,111.2918380241614,0.8894426484358422,55.31116397479673
4.752848939107654,0.06806801799094066,115.80526636762507,0.832213466182561,60.024476334706854
5.357327204943857,0.09919682204817418,120.90945000932146,0.9599574382854923,50.789048160920146
4.95594394362341,0.06781151172397884,102.25358692498139,0.8712786035265949,74.38512323684154
4.334066615764445,0.06525595915846948,102.48110835677078,0.8368238285923243,36.74396880826567
4.580095548580194,0.05007900227010896,125.62680048388617,0.8512502318341191,51.75620716258904
4.925189112448256,0.02428261988766327,102.22716991396196,0.8069897960780941,77.78603269391155
4.651087204914619,0.03257939589994224,85.4364630640678,0.8181245965786771,61.99716853505257
4.875972868809067,0.07255608738789993,111.71517120324447,0.9185249470772251,68.87394084157911
5.009718864105074,0.021457946124270006,57.72713171230095,0.9732435656188911,89.89033437620277
5.438676381210419,0.04212812145114036,126.39117603120427,0.8897060826797653,52.5152029601787
4.912863825131663,0.06356768378655088,126.80878271930183,0.9252116284599445,71.06003123718587
5.321762539871828,0.0335509781265744,123.96333336246158,0.9619466202458569,62.50419995737515
5.428628048611031,0.0128857153777426,123.19543924755388,0.871353782091614,57.45699149375362
5.430292900805623,0.03504841883212056,98.31649349317753,0.9308628140702668,57.710770058932134
5.08542637801567,0.01980657527714774,97.86635231013955,0.8700864851581909,79.51852549963748
4.4110132556483075,0.023957659954677305,75.40719820458287,0.9285430709544138,52.097287944326844
5.13824745962116,0.01324776990686129,134.96082503422096,0.8435215440278496,73.09233531383613
5.314519966344062,0.06008198584518461,90.29963653947445,0.995567930854084,62.997899105712804
4.975679868369375,0.05218670005960549,106.79770619503762,0.8152355537113087,76.33772754794408
5.5233751610225745,0.023070636459317107,105.08090565909556,0.9010465699045116,52.649735701928634
5.257950068440238,0.05260839425578431,73.19161636791686,0.8572592826104154,66.4577607706347
5.170482013145835,0.021796988808325427,65.1064995175359,0.920167566963217,78.3942322775118
5.325914213361751,0.060508489899671725,100.11173241734697,0.8856613959821822,59.070928391253105
5.100010955378264,0.0016428214476384324,90.92487764776982,0.8613331175219854,81.88709404582113
4.252156850181394,0.07614846857928678,98.2112628151333,0.8500075276565872,30.88616499560904
4.85025831455889,0.05279802760706867,121.30831260406465,0.836499722839523,67.69495792885711
5.359150408174356,0.019921409631340287,104.49888301074046,0.9565758632377525,64.14439302851859
4.757722597970512,0.0008352741795528765,115.17045081529461,0.8444399874187293,70.70981941814289
4.9329582484289185,0.0005118931941784401,108.90656324351156,0.9547052392751831,84.10415938776086
4.686549105829078,0.025439245293039807,93.67331613520336,0.897007721830869,65.94988237888577
5.535176778560531,0.033421874292291445,79.96393665613873,0.8144456042712397,51.16863056233537
5.504447737225405,0.0025946327399351404,105.29435736226937,0.8330885355307472,55.47627582987344
4.734839331457781,0.009221526932011559,101.67785238692183,0.9785809288244397,72.11096418546175
5.044189400116725,0.04755372292257487,118.30312675009495,0.9205631644010259,76.7965281676213
4.795851785670786,0.021922412544878745,96.98199860555015,0.836866635744337,71.50187811284708
5.1844833917094135,0.04052533957431907,94.05316909768955,0.9407529830401602,72.26193831232158
5.152904923172699,0.02047559199704971,95.410012324368,0.964652348885698,77.50641155535777
5.243511671483979,0.0045619104403308505,81.62546729989108,0.8661306295116951,73.8650790051564
5.0995755343123665,0.025571371876898192,128.93819889640915,0.9113190425621426,75.5223231213252
5.8806218619165405,0.09884249127946086,122.79257509231523,0.8586899940566275,17.230856964989474
4.691622870496778,0.02189896073396593,75.73940342083907,0.8160123435441173,66.95883464851026
4.486818993669046,0.03257964036308687,116.078962839451,0.8799018155473872,50.31233359268238
4.882072939789562,0.004393454403689771,63.099898721352695,0.9502864038229772,84.96109643114451
4.52960352033192,0.021813964631916757,119.70578466222045,0.8917360557776554,54.36825917445872
4.552261318998202,0.04288048709701862,86.07299097784649,0.8810538016040315,55.71738300963529
4.6996056037406095,0.0485128294603943,107.19801115356503,0.8732014377678843,61.44363944537861
4.723343328370512,0.0196691877923256,61.40980620916656,0.8917833645339099,72.14490820314343
4.713614569414982,0.07953643244899228,76.02591536644098,0.8636457904265331,60.55673356943663
5.155465685133623,0.10807509467460016,109.37405934498818,0.9224368389823749,61.97212553594127
4.848143281674399,0.013499301337243448,85.9818363323444,0.8127131959049391,76.51978198474174
4.946145627538256,0.02208406036084544,83.20074259255603,0.9614776346894629,84.36560703270217
5.26826983235028,0.13056665143007665,127.91723394904196,0.8346333894306676,48.21975673818084
4.770103242565572,0.07674621407995992,144.2191842254575,0.926688945657749,58.806122932549556
4.920636230388584,0.010864228462760948,118.74027873638966,0.8899765046104482,79.53404177247087
5.109727995827875,0.010949172544306149,78.16238856529873,0.9546987093757614,83.05167969966695
4.417529659813933,0.06782747308936343,135.270386656354,0.9652279973642113,40.65517990708031
4.284528347314826,0.03055185650228653,68.77135480703235,0.8408400744371335,42.428588371585995
5.103835198639317,0.07438633756694266,93.91017091849348,0.9354358294875511,71.92963694450127
5.14760428417007,0.03671499818755042,101.09555533974746,0.8379815013535012,72.2865677147585
5.619266040455723,0.045886038201353625,138.480756876775,0.8247996521669769,38.60904919811563
5.047428462760043,0.007163309825997334,118.2531827510345,0.9860592202942502,83.97566189127939
5.245921915177428,0.01149124021232049,90.7248461040096,0.8328778140882687,71.10607072887065
4.941358206924208,0.09309964154341602,81.100874584405,0.8456263865165468,71.3189864558305
5.089168166475526,0.007663135972326252,120.04385307606509,0.8260648015575939,78.01735033916489
5.50017705252486,0.0005467538286930869,89.3328208555929,0.8940583778742912,58.85524924613097
4.362802154562309,0.01599314660600954,104.3348017572995,0.983921464504878,48.61410639720473
5.124084877271504,0.029651106635897144,72.60447021481768,0.8528111477424489,77.90301730169239
5.64067601902321,0.031541256335972434,111.38515710448401,0.908370426149858,43.85714322076031
5.0846102657628025,0.008243574710345581,109.77390291494957,0.882291747418553,80.35529250455612
5.495171888969854,0.010901603695302894,75.16759876683656,0.8672018821680955,58.48172387419157
4.811236355141167,0.06226401523034242,120.6324622574328,0.9144305382527149,65.5599435632297
4.990385751750886,0.024298128399994467,111.09491616485563,0.9117785802337622,82.9045058332437
5.010057410716576,0.06778839288790268,114.80048505560195,0.8718733201768002,75.18571432179584
4.334722676192369,0.07835472814530771,92.4264261449974,0.9701126593132083,38.489761921510414
4.64954665164494,0.05351900673378586,103.57912822572885,0.8106344215499051,56.79972369705373
4.670937476184804,0.08807691014240557,101.2675773773065,0.8170476790334616,53.25890789266599
5.246619823409758,0.020810329974202582,97.03659190491538,0.9981562519933476,72.34072694865954
5.261645931705217,0.04506245434036014,103.41006556331692,0.9495365824102359,66.191601038506
5.09721093281196,0.046824386356066464,125.12885947592764,0.9607857806860197,73.84651574400009
5.247230869056712,0.022809195919616016,121.49901277407854,0.9205402150277595,68.00567149180222
4.950755176183468,0.01626093516743459,76.36278645062286,0.883972085205292,84.64933335493643
5.360579500861863,0.07222632149090703,119.7080363381388,0.9258453757464615,54.07738560576754
5.002636532789621,0.027299795715632,123.82286745496071,0.8185169411217427,79.73489075221671
5.017359214228027,0.08995487396317073,96.97644653295268,0.9515538336604326,74.79864807175613
4.9203222100212765,0.051041497264493314,110.16894207595553,0.90814860942877,74.70918599258243
5.205335143290928,0.0108898136740514,109.88003334606036,0.9913463781076184,74.88534357898293
4.873640355016126,0.00485670119349681,83.00066766651398,0.92749505154153,81.93975038612223
5.2929294131594204,0.016373240322713974,92.36087424943344,0.8303385074356903,67.33893188579813
4.660355257785198,0.08087740109753579,115.01620477703214,0.8955100229956093,53.89828528469046
4.6703251235815415,0.00025254764727764,90.08355526337098,0.8115644498438642,67.40455873834104
5.206228026537952,0.019923639839981622,119.50999118524615,0.9490859118583743,71.66849155036853
4.973436735625096,0.035988902056341004,126.09944881699522,0.9003663043136635,78.40525003362838
4.863832575154062,0.015141644681374841,122.87343683960941,0.8739306739584739,74.749977602246
5.267017319742638,0.03472842562875819,139.59609206338914,0.9937098763344079,64.68428529147725
4.8178215757741745,0.11449069519469217,98.18535435417775,0.9881197037934759,61.83954890769839
4.939939623709889,0.06565354029644299,103.54402147938126,0.990566399365224,76.00527221749324
5.419768385021348,0.021350527715095317,106.41326095525281,0.8441940484433821,57.85387261479721
5.461742703743195,0.05042116921030043,98.79204150018523,0.9457139191437984,53.76733662672066
5.471719463081098,0.004998124860431781,110.8435794820329,0.9890764274404913,59.64428408667588
4.915362266919827,0.05555230512726515,65.77591941976021,0.9141740513413268,78.29477933095035
5.369210871495341,0.03855205198309082,104.09810777385039,0.8428320687866343,58.511370511163584
4.715314151669396,0.1270485148165177,72.45126700234209,0.9635624927764525,55.887695032980965
4.727929137583382,0.020720828131777433,80.74753444784844,0.9759836494653423,72.01254357975829
4.294863244212692,0.022442419660474243,114.65779622059827,0.9406470772773028,41.672593627176624
5.501860460569559,0.013332259647898897,96.0176752310196,0.8587105755071193,55.460977405682044
4.740806045277177,0.04483688783878592,113.95228949431612,0.8381387797308906,63.09037618599892
4.962040226075882,0.03790009032611159,95.5844679279774,0.9248539602393435,80.97603242762528
4.726902697421515,0.12824462945507287,122.12812632782311,0.8965601049604897,50.095856893457466
5.208549574499042,0.08586756523260057,95.21838588757393,0.9337565448826545,63.760183054063106
4.887309901784798,0.06921482225985229,60.90163020873754,0.8223399330924732,73.21300640908575
4.608554932870115,0.04952145028949047,104.50785164022541,0.8271827102096128,55.17794746895306
5.132498769255818,0.030270663522887542,56.62280308594898,0.8725779111953743,79.29875223153037
4.569880992556931,0.08045431990070023,70.94558194935185,0.8517520575257751,52.065194523891165
4.748778282405352,0.04965526996788697,82.3410694200286,0.9238677262185342,67.7216540315059
4.367933265612176,0.030105455231688744,79.84581044459625,0.8735081058724377,47.04575872496635
4.572812566340718,0.01250468776543277,89.0989839116743,0.9367941572295768,62.31903556905228
5.053558750916143,0.0025968069002995295,79.15864352937788,0.9537596804211379,87.55628316547144
4.410639188569123,0.01017189172443038,71.88094672828655,0.8374335140438364,52.67314316353088
4.555656282613485,0.09643894178551538,130.83671489681547,0.9839647670830122,45.46915954096051
4.999289325160158,0.07605065694116281,86.43710907216209,0.957431968057314,79.05468942236512
4.836917931172084,0.05279595698294183,55.38464693705205,0.9253561604308551,75.26434083779566
5.597610990787793,0.04461516874642256,92.78163253981485,0.9817857709496275,47.808617405780126
5.550168963807312,0.028062574372553394,77.50537883944892,0.85317374992384,52.09341313021015
4.739623261174654,0.08048666834343587,82.30064745414373,0.8843426403944036,61.76118348143758
5.167141285521044,0.007452721557943295,114.2068496270497,0.8171573960801204,73.77607759394328
5.224784767063835,0.09553658257696068,91.03684762429565,0.8912363642314216,60.90346911182465
4.820756342592679,0.0332412121232389,76.94806797564229,0.9012801459195442,74.58999485790156
4.551337539050539,0.03991807734995485,108.9250701991449,0.9232133847320123,54.66430141526485
4.996310465207583,0.07085738371896562,122.99881661218171,0.8128078426168736,73.10629554572945
4.948146297555767,0.08156521317843429,110.7374432527969,0.8064932038467405,69.710115628236
4.869270650908814,0.02520232405195428,50.92888856699149,0.8839780330562194,80.96256225116095
5.132695060449346,0.12173745790762952,77.70020995205972,0.8378266624551851,62.76418994079255
4.77478111789832,0.061078206231230725,100.9489706127241,0.9517576684304926,66.26539244655206
4.654400735726257,0.0541326253646294,95.1140118947197,0.9337472568270461,60.30769428594994
5.03272489110495,0.020168935358314505,93.45449692121608,0.8651653948766104,82.96902443536644
5.115791027770663,0.05136992428106704,80.34486614318332,0.8091566530326666,73.49569613793517
4.647006516829984,0.030839563880224664,71.8883183384512,0.8364887247687036,63.73539908929432
5.278427183297325,0.04599145013355134,140.1556343562604,0.9383358685226222,61.14680541695423
4.468855658667176,0.01422928095706653,100.54221906277824,0.9980329786673954,55.90338504354069
4.826565962385307,0.026404944217949335,112.84243577734836,0.8652920810199165,71.65481415308952
4.922597439140717,0.02084307501074791,100.12502347167619,0.9603992573930787,81.42486789752479
4.809132886204421,0.0873566049983016,100.9269739727598,0.9734192983197514,64.82017099163907
4.830481857934642,0.06991522842891917,98.75793200381425,0.8096361744316954,65.65855749999314
5.561322344692434,0.05511944908447587,77.59108281851135,0.9832443195844429,49.95852006562029
4.7447347732883305,0.025359323239120806,69.71021083931504,0.893240540873991,71.77397764498004
5.732366516741574,0.03665010647245199,107.72450747489974,0.9928484413074335,39.64501110329647
5.131138033919315,0.03632815079315274,103.75684814542333,0.9077111654906233,74.4610338411383
5.027616541193598,0.00584604632008749,118.76561796919414,0.8470287019797296,82.53011282304621
5.142872106016299,0.03356057376399867,114.70721653284053,0.9949336614815256,74.8215391507687
5.758978324775586,0.043548353489258104,83.82975614500658,0.8486609828231935,36.51929153203935
4.701922098820566,0.05674824078759924,122.65182617843743,0.9764956455195007,60.86782010364033
4.663874624319083,0.10667206696921315,115.30054390309034,0.8346256989437101,48.9941270023282
4.773540141028423,0.03170970757491027,113.8168313971467,0.9349535145513256,68.9733394767807
5.009642944089368,0.023202442250885094,144.98653583957616,0.8822583217772388,79.08756986859233
4.482268662556228,0.025336448267504707,140.87917525016377,0.994403634630289,50.93580768083738
5.006701771795583,0.04179731619496685,113.79827533109771,0.8369545262278509,78.68755925446726
5.508064140024102,0.05336915515702843,111.3039441167506,0.8817589346016163,48.0155626053569
5.045422217187434,0.010384840785918639,121.63310363539361,0.9279552648087482,82.11273578350178
4.912194362307417,0.047230625209201856,88.32092460659257,0.995524084655088,78.72545718950728
4.814551865394912,0.005374190322532911,88.603414848179,0.8607726153262681,76.42209419702223
5.269553511365469,0.0535496326044462,113.46842814183826,0.8793742102089556,62.0349858174002
4.752250168028586,0.06563011570148718,82.87047821744855,0.892358397464472,64.85061285403665
5.553918776179774,0.06493139333652427,111.8553897104651,0.8505400982592353,42.85042742287311
5.580007924314307,0.025892216307065032,103.1366433307238,0.9634709400807284,50.27144656362401
5.0770252395985365,0.03199840758085257,82.87619790815762,0.8183991211504605,78.65908711915337
4.996545473577006,0.010595652632091036,100.51733020576599,0.9409579863412605,86.97080722605534
5.309197942472468,0.04975786619423642,126.10163184276833,0.9067857939915072,59.50999621806975
5.328439550668198,0.14244061528701135,101.64740901307675,0.8483853911971425,45.73050158949161
4.758202480682176,0.002963961423395906,101.73095295235954,0.8985660947068098,72.84578122632139
4.84203346005899,0.042791883919407,106.57970557809193,0.965989818438841,72.76505082659595
4.603295769595011,0.00780262787397017,109.18377045783217,0.8890883207844253,61.890741364510426
5.1227194815002175,0.02869835221245504,93.38319067837614,0.8243795529829955,75.48135026994099
5.1999883650370675,0.013815793178868125,107.00522095934096,0.808160392426304,71.39101487353773
4.595022308641618,0.08412359883513358,79.01859280818533,0.9555592588227114,54.292124588862755
4.863440328555153,0.08767175314538754,84.01857886332223,0.8660866291668081,67.57553143850497
4.595823824725596,0.09150651264573069,86.57701783848754,0.9862489393148272,53.09072958912392
4.730360056926849,0.006808588479968359,109.39525379268217,0.9234294362001045,70.32937848834956
5.16530511806789,0.038906394767502725,103.20465655112554,0.8872567782336326,71.6704036103613
4.779955379996516,0.024219010768110224,97.31280845512094,0.9128929840301425,71.6910500196652
4.90975221319031,0.0888261329869334,113.81539979170574,0.8914265289825265,67.70820344385854
4.511806481615805,0.030053349501569602,107.57724165484672,0.9811622164766574,55.06590663576133
5.0560970629174,0.02826980795908503,94.20046440034257,0.8916043738734581,80.80574606852818
4.9867180040466055,0.009475856624825543,79.29538314360376,0.8208129017177496,86.2684214690671
4.781312224990051,0.01827406102210429,83.60582397546494,0.9194176078316918,74.16539410517477
4.943295710695258,0.01782271639605597,70.66381069214216,0.9245962092300638,85.34987829769416
5.054088464151033,0.028644584239384624,102.81139100301651,0.953066014558607,81.2381857059008
4.755539555327196,0.114778738661428,82.75722435092656,0.9866568283102017,59.57297665152896
4.557121236799466,0.07581503829988535,90.09354036032258,0.8886163364246901,50.8179911554467
5.541672329806045,0.018259384262102378,97.44818638742272,0.8704153213214612,52.4242403600089
4.810018188586918,0.0042216153732738924,120.87990382661371,0.8981542031494999,73.84294268955263
4.970971969043934,0.06732742638583912,118.57581196633639,0.9800397803822595,75.90241859577169
5.303251920506094,0.037740905908919674,98.90583057492051,0.995996476367304,66.17309535315043
6.058716556271145,0.04951811040574728,125.31006978800599,0.9942470013227485,16.403223110523573
4.626654065033341,0.03725430930075413,59.753029813582785,0.8459391025610457,62.954576576749965
5.134948164117953,0.02659955626417698,137.54441099533025,0.8993790723123752,72.14631706001077
4.787734314411768,0.08056327482465066,113.8499942860917,0.8518948051710024,60.832464315819365
4.838362908626987,0.05992524523078345,102.05606570039859,0.8735965564734094,68.57931229243005
4.783936393697963,0.06577648958623715,82.17280638495873,0.8063368211083095,65.07916596761251
4.662303509659824,0.08320250852535824,91.23865267739072,0.8321202358543167,54.776373750132976
4.987612591464601,0.04088375503259799,112.18701791156083,0.8794151909374055,79.4937942605784
4.5576491938855295,0.09404962020587465,112.64158767062827,0.8729409264446129,45.54616836408001
5.284042269953561,0.03888197858933205,113.36786741181574,0.8557665102262677,62.9037104777303
5.016500880810012,0.009047070598769568,85.43006531267079,0.8460619154172607,86.03111833866197
5.126730491870432,0.019669804475831765,81.40304573969581,0.9497911428894781,80.3012181002193
4.8601434164161335,0.01880781159319418,103.90410488705012,0.8589099399622783,75.57522155652944
4.889838819736475,0.00596956610452715,115.39707915542947,0.9413087262925487,79.78136087881747
5.086269171550199,0.10159444241851105,100.06369699009717,0.8737250218163328,67.05281408152837
4.650784810278252,0.034814768275183386,129.62968493770336,0.9603958478151116,60.06982183794952
4.892602869675999,0.02473692379164533,100.66274924380222,0.8334466697470685,76.44829208237427
4.7421159458364635,0.03941371274632169,99.98582712334027,0.8315207760739157,65.24673264738384
4.732829356822696,0.16899272583685734,113.41119982385338,0.9359344534082009,45.99842161961181
4.367048527812307,0.036586209429982974,124.38460275184077,0.9829830483617711,43.75618094629233
5.401797976844,0.02225192558581378,73.0148948039091,0.8285973409665743,61.824789890428534
4.794038374053869,0.04902855087234981,77.63976583928803,0.8147409235687635,68.81886169982614
5.349012816549065,0.008370038078225697,93.73477124511923,0.9869274413643647,68.16879699809762
5.320637696418288,0.032275922166368015,163.17883569177326,0.8234653887731639,56.071774096233476
4.6142000880450516,0.0032661259170538685,94.77062874918136,0.8500733839531366,63.88649119928962
4.673476629298146,0.006986339907588502,97.56434113978862,0.9858988334840162,69.32218932745195
5.768150887806705,0.027120243331406616,112.36703859615837,0.9605835785920444,37.817877944111764
5.525277782578143,0.005105391241484878,119.53857805626949,0.8685515627314588,53.134697808090934
4.990544446001569,0.03550879135914191,103.39570232909512,0.9909055439313187,83.58488870193972
5.077211931925205,0.07571171733713022,123.28694990080513,0.9136097026397475,69.95402554663262
4.810746079115844,0.053851523490040326,76.1205763394816,0.8144496525255387,69.24397164000717
5.129705814260102,0.06405066735826012,84.6782315051455,0.9406133754535629,72.95449539921155
4.7848454297832586,0.07429592057533597,123.2497390115928,0.9074554715646604,61.77047323082905
4.390293870710485,0.034141408005935146,100.21886229566948,0.9145176101038311,46.56488701424849
4.603533264046685,0.012067948697844944,74.7509878998267,0.9988208488650929,66.90312172544353
5.006327824355176,0.018612653544159783,73.54924136765585,0.8305028566599083,86.08356550349806
4.660679829349224,0.0004410918182139491,83.7811838931059,0.9313591800575785,69.82369120006233
4.97981676052594,0.006184276633844722,100.04251084315833,0.8917482194459384,85.6920774410826
4.677601688170141,0.05658361633104558,109.34759139453577,0.8543786249775992,58.32137220065006
4.765293823249402,0.037339127729709806,93.4188000011172,0.9387089583325926,69.74905940204776
5.255949591923957,0.05483789313571508,107.69998378479038,0.93364256145,64.32019336472628
5.074244164292032,0.03801684280500757,91.2586702661277,0.971299021624706,80.14293712760832
4.9971006736059955,0.09158747421205396,124.47840403233835,0.9757738470373007,73.15555582206382
5.263689191921196,0.0013490185753381213,151.0368018914471,0.9123638906098477,67.11989332147978
5.144182578004204,0.03500083210373313,92.14774535831152,0.8651145132135435,74.18643623262749
5.43396898737541,0.001960888241090638,109.5986562159789,0.9059160900876291,60.8261837014665
4.862042221305458,0.1441882996293754,107.96821648300225,0.8718510253405726,56.734487192432404
4.871109506441748,0.0006141566754216225,102.77390852519851,0.8554712168059223,79.00648036879024
4.6096672200825966,0.003745176426453726,113.06501890682583,0.9103150755554333,62.91805636141381
4.871305784788274,0.010394765968516195,109.57642377959654,0.9315868348326138,78.39322651071163
5.289430968290734,0.012568980828427233,90.5789285923021,0.9181142573820789,70.05318706670323
5.38999621167864,0.019073803290062714,126.33091545245375,0.9908839042726639,60.9237433459801
5.288091550426,0.02716065416030652,104.03332494973552,0.859727223710793,65.4316208296363
4.461742440035169,0.07377974540991651,92.30399160339273,0.8744683370109348,44.896552170502105
5.32494356379822,0.035714465773935354,148.86405047694802,0.9335285646447108,58.93038255121592
4.448444413018379,0.03555826494499928,97.675732456888,0.9200717255007214,50.20678630367848
5.269435197236704,0.002782704753314578,105.09887682847499,0.8003726770674727,68.91404831130254
4.889664642028683,0.007576370005081486,103.50880689160674,0.8624570937053483,79.14168420590507
5.210759994180156,0.022646973411740056,97.40210778097584,0.8507523704937275,71.23219096920657
4.60026549563163,0.08652258357811585,108.97329410088031,0.9679829773292031,51.499872337676464
5.351350289811844,0.01255586019895585,83.1000018181675,0.9732497461769858,68.19059832316896
4.560507576168534,0.015592256556480461,111.93086773046115,0.8567786282062317,57.234101877718466
4.799463526744047,0.10888224094097147,64.83291943215141,0.8204142307255073,61.5604681347921
4.7005716116692895,0.06381029958358302,74.03860497485742,0.84104038941174,61.879699053368974
4.473714544153251,0.04870406410532675,136.5144909433703,0.8353136797838119,44.172087534735226
5.028358270276541,0.1179065807650888,74.87639946556428,0.847487071857018,70.07461815922818
5.541826735351089,0.04449056273970066,60.80082295926279,0.8469289804594831,51.675308781242954
5.800071566696003,0.07932635709887612,75.37167661867625,0.8959677297801947,30.478939367144676
5.029146736125874,0.061633287894018035,134.80114538393468,0.8639282761475129,72.80465363290165
5.335004382520257,0.059600422855932506,64.1627651945457,0.9119643501710888,62.78268410436192
5.069628391378561,0.04260026842912239,80.88371634816899,0.8688269248681684,78.72042311546443
5.1496649584304635,0.065687178706462,70.83615031366026,0.9629353859930541,73.34211837669794
4.897355404661829,0.003342770519995975,94.51741605819983,0.9901584955567475,83.6913370070253
5.058523077626781,0.0018107735195064395,91.27958203638526,0.8807836906710049,84.70471492424876
5.161243611381929,0.018505955361587664,90.38486986545934,0.809893706957311,74.70887716544641
4.826462081337101,0.0025574001404399978,137.12267598810274,0.8479156494735679,72.45016024982114
4.9767517100321035,0.07162808601802763,76.01849364724904,0.8203716328406084,76.66647299130933
4.982470964300753,0.015697645607977668,97.95624440565778,0.8689527819625814,84.17704221553439
5.2479209951991574,0.04725704397552705,106.77202492641469,0.929022846836034,65.9394381358007
4.680190348511696,0.028282481980365013,80.39581475855712,0.9037815817889021,66.60509877356931
4.984537337417705,0.010525021180393543,109.73179962493205,0.8485751356055278,83.4918098176206
5.573601640715809,0.03619196331637252,92.00379010893384,0.9534518105285313,50.02376425927281
5.349218045775781,0.02982642083092799,107.48618132379713,0.8262961458759459,60.350258913953155
5.404753714666612,0.04558602164553449,97.84001496948694,0.8456391950249402,56.00565627672325
5.0073295520534105,0.04459390752894441,58.989375488673915,0.935209430118535,85.676391800957
5.096299269105807,0.07615401996703194,126.12197425531483,0.8394468773377735,66.97568097982077
5.300670850010878,0.016046749025631392,141.40916630708142,0.9357525431757179,64.12687087830884
5.468076658859279,0.002865645327835214,96.46491636130374,0.99538827005923,61.746827434322206
4.414519126135134,0.027783769384419343,82.04095896266791,0.9662706574392307,51.82489941296294
4.6053676078850465,0.022773995938269023,130.12025442351376,0.8320021080725848,56.53397380146274
5.392833230420794,0.032145127035562576,137.80765805734944,0.9040996843006507,55.90946499969605
4.916933193269359,0.10641225501568573,96.62409176820005,0.884464312686497,67.0810304207186
4.798483763222577,0.033455214558298155,95.6263876955897,0.9983338826466794,73.29478249298451
4.623751703901319,0.02226150527184269,98.40177804657002,0.9928801403481166,64.10330144560807
4.833494989536767,0.027543381425578127,66.50902221509389,0.825422410554181,75.73573814794355
4.579289214972853,0.02929389418111332,94.17748242613544,0.9817461744032667,60.580444016655974
5.627328281819743,0.051809024434201795,134.2988377509849,0.8386836676076918,37.932739002740504
4.993269184405828,0.032879087460521844,96.6262267845888,0.8638903003425499,82.27947127366353
4.982614837471185,0.045036753519366785,79.1993094425559,0.8706815959461887,81.69507819503426
5.17642300255035,0.09235023087925301,109.93371238608961,0.8573644090243644,61.71600215696939
5.288703550779971,0.08359591517111832,86.65602403011775,0.9706487586333858,60.88577244718994
5.283766446966392,0.04290986450134629,98.67095752664146,0.865986481175275,63.99016737765591
5.322086583172272,0.03663526471870915,74.62302438905442,0.9633476838170383,66.98416653929263
4.810746334762743,0.009771219262150788,79.26751677626537,0.9988753633009915,79.22985278483526
4.910639958512942,0.026943199460027413,114.75318509727185,0.9681523075654092,78.48464523335338
5.230709496632683,0.07266551398209353,102.31733558802176,0.8692285852868584,62.41044125166001
4.841783281508114,0.12650521331604794,84.47885226314368,0.9422504786825725,61.92833924041674
4.998468010391832,0.057563885257130507,102.39070260609806,0.9067846893982147,79.17012136229485
5.1196291293274445,0.034746736755506796,87.85706582545481,0.9573035567766817,77.97060628001546
5.235555524693113,0.003008941584585142,84.32479661259661,0.8306194789292484,73.5952371980508
4.466695711288939,0.029106743550558825,123.28068794496612,0.9276269185291808,49.86020072083954
5.214423694966683,0.08798859466641569,115.65755106377543,0.954733354668347,61.465201089026046
4.929882782644483,0.017764562162020735,99.57454300737811,0.9522462670813281,82.2157536752546
5.2122373132593145,0.024305632567382513,102.88674674499407,0.9927186011207563,73.18561366724947
5.2330795077064485,0.06098449327583133,99.83203965331313,0.8116822761568641,63.11799710404436
5.482374518335747,0.04565239337051254,109.74018518347077,0.8691558738184582,50.61876885230039
5.406036094286361,0.03236440628138697,84.00996683088611,0.8953107163582877,60.28839104468743
5.403971498783089,0.012295408663114831,117.25009466737286,0.8619527056784163,59.431443420378486
5.433101095749872,0.07130070628536489,107.07131675781625,0.8619579027344942,49.85085469111122
5.087413695444784,0.0010888432193815224,94.73887324220897,0.8352257213379853,81.82247889294455
5.009655526111052,0.01326779540876024,90.24443936982917,0.9625902806050416,87.65786079714076
5.2618451249535,0.019166793335102825,116.82261883533617,0.9816138088769085,69.36428779652913
5.219624285429907,0.002452362893095597,96.99027367699787,0.8164654719143501,73.08497051082847
4.907280128978522,0.03179325328747855,86.02213808340325,0.8309797823516598,77.68520158428242
5.121447022642481,0.07757575729665006,92.30860466051352,0.8456905999743707,68.75976658038971
4.989471059964622,0.03712409490592114,115.3840929777832,0.9017974967708339,80.29718999962749
4.743820127461984,0.04442600692370044,67.7889359750792,0.9582344066601934,70.3511011448599
5.387138222412905,0.028607933480322055,92.89182188839055,0.8142911049529901,59.477156543398124
5.0165597727590265,0.027688191477235315,121.41165339351528,0.9273625971316857,81.2592715161553
5.614612477309655,0.06359222849370454,96.63566455793483,0.829867091254084,40.51819245665321
4.51235231894005,0.022464871260857937,105.45633464555682,0.9942914135752531,56.71160325422371
4.83296636814699,0.04401146309528515,121.7353792907439,0.9797546861703483,70.79781841885921
5.009791651007261,0.05579323147855736,117.8465930679434,0.9899165697891503,79.05718830676939
5.3412143292886745,0.005218260019030332,91.19882453920157,0.8212327755165416,66.04917429623566
5.119840811780655,0.03495917304068992,97.39212895592327,0.8976072765708384,75.77860797288164
5.093141826254225,0.0074606196394684035,118.09527803458028,0.8330493133996751,78.1438559433617
4.661820862233756,0.013365911014005225,118.78938974567797,0.9200711101566332,64.22684831048943
4.652917580831159,0.0038969301760834046,98.23899749370118,0.8465478225323728,65.69757202473436
5.096751398086972,0.04355402020484432,98.92908695415146,0.9541261966737942,76.8514283221158
4.590768201854493,0.024082235450912686,105.35367389067703,0.9288005201299335,59.87439980716365
4.840436674913201,0.039727201715833715,127.33801380034586,0.9143209188574538,70.01973723453152
5.150275198725757,0.019124131855212577,121.35132241315912,0.965045431593066,75.28064468871808
4.705302718316967,0.06020605062351625,113.86773407598037,0.9000546061669898,59.90157422123236
5.481606788708542,0.021568420804985423,78.42661447872217,0.853970348069137,57.10507507025018
5.367180903271367,0.02317689775784085,94.50333186903487,0.9241410993600176,63.525099940338706
4.5285740004985096,0.03212979685767301,95.55426652620194,0.9914125264395612,57.167794377430646
4.720288627045404,0.009686459684287097,128.36970065206947,0.9202318726688412,67.33201605825106
4.314266826651515,0.0397734858332756,95.22271217640724,0.9259238898078861,41.88619330261657
4.76522259123556,0.051230332244713905,125.06885646155226,0.9869501362519328,65.46092271630994
5.22991654297172,0.006319672173291557,88.58602658937832,0.903055020061549,74.4595543379962
4.875831517317543,0.028562202384249787,90.18232084678482,0.9992714923429584,79.23275844359581
5.1382391730847905,0.005926996005585218,109.62908211626282,0.8319324087066151,76.49234017658083
4.543299704515476,0.01969690871132026,131.36293411143515,0.9074079686024641,54.65531192513631
5.239392576374572,0.0024642673967904156,95.76445741464245,0.8425801682028763,72.54196293060042
4.833467231621495,0.028404179457691404,48.74464276277604,0.8906652736681385,78.68624817572116
5.003650904684871,0.043686583038432855,68.71633195322227,0.8341147819003537,83.03862070582763
4.972137649582084,0.010156004411306003,105.95923112328913,0.8445057543051613,83.09905028700346
4.6185354437323145,0.028197574044740534,70.50407946436464,0.8421600099264528,62.6752827693204
4.654074700478065,0.040523011095103895,82.68874347207175,0.8640062678048016,62.1772813733072
5.290338340701028,0.009340635780154084,100.24683901276514,0.8269210069037674,67.69234042771407
5.119697647250509,0.04019428171864925,51.012655085070776,0.9618684349950033,80.92510209856508
5.315014712466028,0.14130428069265263,92.40548421349091,0.8441351194584428,47.54562911596019
5.097397470650756,0.006388593797271306,76.70382884279462,0.883313799028675,83.19375578765799
5.042897190442765,0.05117085793005792,70.01640564198499,0.803211427646005,78.81312787264704
4.48219681439997,0.1169731774785062,83.95631121563879,0.8209763086563565,39.40972729378551
4.918889990971649,0.05949538734269466,78.61582149861138,0.9792543800826503,77.9325968086866
4.991784703878877,0.004977859558622424,109.38960435984606,0.9674320407680891,87.17008367831643
5.585932159481772,0.016644180623244433,123.93053573365768,0.9681844904910389,49.318079574062004
5.206086989629603,0.02163036098694242,92.71146296777874,0.8822706834509715,72.764493846424
5.460818354512859,0.06408482134788711,88.07748441906328,0.8283061597703328,50.49655028054574
5.1792613117684185,0.04831353540293441,91.71589997684202,0.8215789042988633,69.25727907174779
4.786609031915156,0.005721290913087158,77.83625784123075,0.9211205449601431,76.97713339302608
5.0351372648449555,0.03210874035492223,74.22516208760644,0.965638650981726,84.96570986693821
5.0708670938792695,0.04606168688318457,67.08891094213325,0.9800228964280486,81.73028816911379
4.718253329068795,0.06932570019021005,73.40958083363653,0.8577463301120454,62.51031323447346
4.884683787022124,0.026018656447778038,132.63982014225257,0.8642053139666908,73.19835301926926
4.938269901896849,0.03074922681663758,86.19157929273084,0.8201753313722849,79.4681587894879
5.481685949769536,0.021147431293117868,41.16743056472474,0.9548819578536024,62.90762442045976
4.375777842382707,0.05317515516522031,88.25886123037986,0.8551380542242278,42.84727222962594
5.361745526214813,0.06813067873558162,68.19170926478357,0.896185893912686,59.180213568549334
4.718961429512185,0.022101951849861537,101.18969879994326,0.9857794609057665,69.41901233137287
4.588376243819116,0.06536173300288102,99.0329268952599,0.9504431460649874,54.60388491048859
5.353982639011539,0.0007033436742217951,101.11771275384109,0.8105475792578144,64.75472041794657
5.2195694207703145,0.008159107848157082,99.1854784250963,0.801630918891886,71.71603911188566
5.376355610714357,0.055664908831031604,92.54579390760502,0.9574815851760816,58.96397934524499
5.240210584263673,0.05661740398252624,70.88207756920028,0.9105000473957392,68.21654753779542
5.617953500521221,0.0598782811342977,98.50691856057152,0.9440668818725402,42.97169357997574
5.167617151083346,0.00523993734486519,120.37849178271388,0.8313630643653227,73.74639244230454
4.953056787163052,0.0507273618825434,136.2734616759041,0.974409569994124,75.43514817969368
5.102877913196402,0.07545497327383595,95.24017345387988,0.9546649958028924,72.07836178781034
5.373040738503789,0.014761399415923283,97.40780109432629,0.9781677828109228,65.22592132416997
4.766187402421965,0.0056744181887026825,110.00854358177787,0.8682192165314941,71.48361138946457
4.804433425240585,0.0871373801658383,129.8648311894421,0.8551410390566493,59.311736151748164
4.907311995620628,0.012722286677565354,90.27406778990905,0.8303462879847854,80.10989571630766
4.3686251603704,0.051473824855723854,113.85302633900676,0.9860177015893994,42.73148729175276
5.041423522525264,0.017078884474006933,83.54361468951222,0.8353658407115682,83.30571132266326
4.434161388814692,0.07207828082422803,106.59697980531006,0.823863446742301,41.05551215956233
5.015917793879786,0.07642970337392901,119.4120835323674,0.8385356417973565,72.40998134383389
5.259586926840575,0.11789268147736841,74.18278786904406,0.9542763453520227,58.4081302880963
4.85693706180685,0.07920640333788044,89.49710555963564,0.9779058469965762,70.14366959169686
5.503134761056061,0.046366503974033586,119.09566193390003,0.9621826912992849,50.19102637312699
4.561849730174454,0.046353559933905775,112.3232246102959,0.912647710574257,53.77858157083691
5.3573782044895495,0.011878992893876787,120.7189228062971,0.9987768501555446,64.6791035190267
5.2025411169220765,0.027391104515162246,116.96879292908133,0.8137708128986898,68.31740427246673
4.485190025506793,0.10657150228890024,93.17792944166588,0.9734383355643251,43.27664995419248
5.81323828971216,0.05534877322352996,143.98380296789384,0.8855427723427538,26.215861783806595
4.98087641434881,0.03248627435267985,102.7381998150679,0.8910244697410933,81.5263131213417
4.7367547933533105,0.01771785733331023,38.88582101711599,0.8255189787302561,74.16940647409562
4.577873841564795,0.021042074106888603,94.35307255245401,0.8066865948707658,58.21454402002433
4.933994591702098,0.04466270880965159,90.61657486001343,0.8633256652138867,77.54512499895453
4.961777938283012,0.018554923825106952,115.90498334734556,0.8349707066227858,80.03235352093581
5.030793658561899,0.07370277513656101,90.97629369603739,0.8966677512142623,75.9326898704834
4.910661153132812,0.12981661172612613,121.97939991638275,0.8294661052107545,59.55855954162664
5.189967593034528,0.08004004097142256,111.16198744813416,0.8275855473004552,62.03145047341061
4.883711050201026,0.04424723309774141,79.9981907705988,0.9753957968207699,77.89367490675588
4.419510764827859,0.002743138476170477,97.1925332877715,0.9842589402652818,54.72510059477443
4.9551915513051075,0.008198290492197956,84.48933111449199,0.992843241717582,87.4896812273792
4.289756703988017,0.07394247832544817,103.6951729370734,0.9361004885747823,34.64652296825209
5.106131189267417,0.0879634467659884,84.37018265529758,0.9542033009591739,71.08465938271043
4.706209930915209,0.0049504132214894594,101.48870461018123,0.9671569510485258,70.82430243164153
5.04900810647474,0.06803182216687519,94.55388498019178,0.931784411824133,76.03504002494782
5.394222494457381,0.0057452242085830815,96.95553490640353,0.8660486209405058,63.11028562943945
4.7153753914196,0.0036250446542452214,141.018807595962,0.8312773996867049,64.9024340211771
5.318376877553636,0.023984703369135614,92.7902954658559,0.8474546614316301,64.96974552345853
4.869983129994154,0.010243719950459172,61.311338247656195,0.9680828102809925,83.89295218793457
5.525958440619675,0.017551169569526213,120.31652289468695,0.9392194476573683,52.56255479106924
4.890454216040536,0.050982834588157395,120.15911803604016,0.8911591527052304,71.58709902470913
4.747852104347992,0.04273363704712903,60.42119652406348,0.8058810154360906,68.53658136012567
5.206171535118586,0.04756991713891211,85.98200757583865,0.8532408740867766,68.96083704619969
4.869263081112909,0.011154995475457867,108.71621113693047,0.9457794986251528,78.52650440426588
4.747565145761297,0.00858692911125947,110.48406522434134,0.9024774470190046,70.56701179693485
4.856648044788862,0.014057375898961461,99.90552473094559,0.8871064988964901,77.04185380732275
4.9866180403451,0.04505810350342261,100.35650757866568,0.8627358801559816,79.65743374044565
5.402654039373457,0.08883898504859242,81.2282425383363,0.9213863661154048,52.819812948778214
4.4197736763621265,0.0397055965185429,52.003025730886264,0.9932770770743378,53.89582007234428
5.006924197685127,0.0354569093667399,140.99014636367073,0.9802247286595012,79.77149167070436
5.187471078396213,0.02310754530428635,80.62665444586571,0.8060995876168564,73.34492980833485
5.058034572497538,0.012534328906416242,103.53011380128964,0.8961907645166892,82.20858022439008
5.39295955083006,0.10830596929662069,96.82304008681328,0.8658938596093896,47.81210473920975
4.977696401072443,0.0019926631550202974,117.94395104547093,0.9021209324679602,84.61090813590563
4.944634567344217,0.10947193555386868,102.29794426964317,0.921242737974343,68.45234404009524
5.177698864104003,0.020645064778415285,103.06881906184,0.8400056135995094,72.73453880280371
5.029794144485405,0.004635508066264095,47.31363503982141,0.9563136139096513,91.91193389514697
4.882877378515858,0.02084530977950563,83.33321854915494,0.8950136100171933,79.41279658945403
5.154843211875914,0.03773864343140043,114.89266093197995,0.9984012109796492,73.5273688991301
4.804241512035007,0.052941012234473214,113.09336450143859,0.8050254771487123,65.1045119797598
4.816646854394202,0.008555991842102909,80.96694352765577,0.8379438352372918,76.37759483931694
4.841601793470316,0.04124598011968419,68.43942834557757,0.9379259601120796,76.22378695795017
5.4059207480499225,0.10383254013806799,102.5315861344586,0.9390359493051118,48.59743446895083
4.033695093204286,0.07031253997163577,41.864519024083705,0.916437644883389,25.617125591771195
5.1186796504288825,0.13701501079284897,77.02651495324474,0.9943920057381257,64.51215797477774
5.010281544260066,0.012838517917585817,135.2032215031062,0.8830630017439867,81.59826754132726
4.4957388622285634,0.10380947537510077,128.90134657747538,0.8834073624135039,38.95092301797123
5.0929180337408,0.019533681996129735,109.7449871753029,0.9820952726448346,80.1622724114989
5.142725597549459,0.03767830733702317,106.14672628962512,0.9076883563993622,73.3238125455037
5.17689176940722,0.056623826461904975,60.99658430951202,0.8707455323171202,72.20817208167226
4.2044515810865155,0.005538859595223624,85.18665526701767,0.9437875971667719,41.793352342541056
5.4099168235563315,0.024398213873713784,94.09662804068448,0.9239341236375055,60.8142781742447
4.778678988594548,0.06552305512259206,85.61172500997623,0.8612820100573183,65.5567487474328
5.2059703240259525,0.015513544915595399,92.99513330184271,0.8595857596162432,73.20695068324413
5.222322134204686,0.10346917297738237,125.98448848692588,0.879122559505451,56.124298342527936
4.736990874314212,0.04922983123636744,89.16353877457355,0.8143240131320387,64.20510415858101
5.198137985705465,0.11698457213641922,93.1812163888647,0.9885233804975277,61.016381008273314
4.884352027726292,0.07006630673997961,114.79062573367503,0.8366040080393331,67.80419323999976
4.378586846198553,0.01551372118361107,71.61048562794393,0.8387648604655441,50.00240124088802
5.350322577658334,0.00013341056183657427,83.19590842322307,0.9294076810034155,69.2291965339705
4.767486511095128,0.005351413139551182,85.24554824486314,0.9448494094599622,75.61891205948793
4.743651961178584,0.013210217987149258,101.11184293103494,0.9473670919199745,71.47374251793863
4.879080239588983,0.01757520692255869,93.10075865012669,0.8750150047008463,78.29875756595945
5.081671017598216,0.08276131233172909,93.73318181305731,0.9746657905819851,72.80553972468164
4.982818876753369,0.1184327050192292,86.7029202579501,0.9087998123496089,70.70993107351495
5.164420077412151,0.02996899603270039,78.5833947957049,0.8877175104325111,75.53545667944562
4.598153190041402,0.02228142439947022,112.18285848421155,0.9620772921731335,60.570237737605105
4.77728408887078,0.007286302031809702,93.24391762075491,0.8487122498447676,73.19395326229518
4.9652008783035395,0.010845460769435777,112.38037960294746,0.9720370886871038,84.48793739624433
5.569366187797612,0.03150610526483878,77.76745339037706,0.9077658789129855,51.490685181639485
4.965856238475872,0.038947070105368936,86.69515684500715,0.9800116315346273,83.04003073893884
5.32556667909849,0.12485636061865137,95.57633944306468,0.8403225062111519,48.98636134120948
5.011566550635295,0.0351306762973127,97.44265926367578,0.9872126152004852,84.03639189492753
4.854902408768729,0.021656656684017343,115.0873745186442,0.937575348394478,75.28841553954628
4.9259826727656675,0.060830178517885636,91.38981420815283,0.9236657053604771,75.76876627465145
4.949474086391335,0.038917306240342286,114.93484485621751,0.8844135038966014,77.32563483973907
5.181093721688222,0.034800602393552676,107.49888017119389,0.9912629999931448,72.98965832241731
5.412383380272966,0.020152120053212253,97.86294779834101,0.8887839256623026,60.22356290905214
5.107904254305896,0.10272566404325167,80.9740240700696,0.8997085904895152,68.01366453794185
5.356123303622526,0.007355996711081305,115.1375053092664,0.9562996217170625,65.14144417940084
4.710563078711094,0.10208534934512434,81.47325065372698,0.8569684859225413,56.313026973975134
4.875610847355791,0.08050329665877966,99.57439239685442,0.8582990625627585,67.66969835410023
4.7827092397377,0.004680931791882127,98.9211911412784,0.955059537524244,75.4694862518367
5.094333377262456,0.07247040029392028,95.85809714765435,0.8257159578380217,70.39794676215962
4.892312484446176,0.004165825601829511,92.21360554029371,0.9645929040586046,82.98437275363885
5.218931881110259,0.04605019483024515,83.55846610076658,0.9250350016619697,70.10141133201043
4.720699486510267,0.04020245832664847,67.66127125259843,0.9078167532806543,68.60180838197202
5.012909291996384,0.10992074895824097,128.07609465680704,0.8458218764359764,66.84615819951964
5.206057373303677,0.02263839312849653,90.16553071485501,0.9572736338688818,74.36971823839703
4.380409167487817,0.022336006013248616,97.43775809765062,0.9609906179017499,48.95018569555165
5.636489392199061,0.014978463928921094,97.31545232132119,0.8965883735753036,47.764089118092144
4.915054434536037,0.057109644709361154,121.91208674457496,0.8778337949714418,71.70228659072939
4.392488025897148,0.06427636861529774,138.6638844303528,0.849232367504788,37.02608516859468
5.047428169573036,0.04316347845737601,103.19694839177373,0.950846803417835,79.37702928619079
5.010033040391945,0.03418392248494263,96.85994663086164,0.9278903846253412,83.14224223316256
4.975431686128252,0.04133950966293223,77.53085985681176,0.8413262058733716,81.39841285004155
5.297357333878,0.014273642634421001,71.1282310117447,0.9588936159369802,72.08256278972199
5.224233491428117,0.03028475436590967,64.52050140711799,0.976441062671692,75.08004847214858
5.089362857307154,0.021882368608468015,84.08310080953063,0.8118494525496492,79.1845522403405
5.135046690183994,0.07806057012058071,58.1829040537377,0.9544841276048083,73.45950521759562
4.968692465168574,0.10040385677267737,121.57659907480223,0.9705603866855306,70.31451722044322
5.532647254772014,0.05977163534037165,108.46192487986849,0.9983015798949094,48.19525852253476
4.55624119449267,0.021458721338404797,94.9671897063044,0.8475202997874735,57.60935049391851
5.041895502264769,0.033489196469996804,122.1876796152158,0.8742006410428506,77.7281352529498
5.019507389356634,0.020579692966268572,78.5768784519345,0.9932382184401758,87.74967921727172
5.243984121819378,0.03129716698497141,83.6003788927089,0.818803110058717,68.68240195499507
4.7468438367725305,0.021232368910527148,61.3241343939651,0.9047415687829509,73.58819280603527
4.476898219281039,0.046741340879424664,115.48707390040424,0.9013489159675776,48.08096295425977
5.047046904829458,0.01379613869484802,83.79317427381453,0.9213095477762328,85.1546384341485
5.084369147665582,0.10180525552981597,100.31391226551648,0.8661585229692581,66.95884204342622
5.446879822834295,0.06114296113916759,120.05152801149356,0.9851836177343583,51.71428601260497
4.618891386102474,0.02615595921182649,127.41701510998843,0.8540122521918145,57.54863281721192
5.346408130015016,0.01637854651788584,99.41707297018858,0.9299391035168805,65.41580499473491
5.710224309208137,0.0217188155877369,107.68474872542713,0.8991854045509873,41.343952327828305
4.886670533743257,0.016874311591139498,81.92299507912679,0.853334690496016,79.54347958793215
4.612717334152033,0.07205539082622815,133.66746686015068,0.8377707591444854,49.3433999220624
4.877907690087989,0.052650396915495196,96.67698879401267,0.9913124248515318,74.93545148558444
5.004201490211414,0.1442072040372668,101.6056990373624,0.9122582923191572,66.20142592437206
5.1691363625020745,0.07962387012537858,91.86293855473548,0.9208381824448884,67.13870752449296
4.822581581048586,0.030200019053884575,123.98497996827513,0.9565790918083956,71.55797584417286
5.466559560244202,0.05385749870666466,103.99187846166379,0.8162453317199567,49.85352036758092
4.665640305497582,0.009877841290833213,115.21869154827249,0.9427528535593558,65.78993005258978
4.47823845434816,0.03637521235432481,107.07916279957765,0.8330280275144641,49.1906696780724
5.332013127286195,0.08528882891437603,95.5918123356799,0.9480962170152912,56.68863113240974
4.31761369063814,0.0704495738465824,118.58937122599184,0.8282657343254755,33.195762925211376
4.938761069338185,0.007947289270301788,106.90632389150763,0.9664987399747192,83.77291318008947
5.935304338762414,0.03369678684656691,80.78041878305532,0.9362032521454025,29.473244811872632
4.996386934112021,0.08204695936924032,80.21577232381239,0.8771780577704841,76.99815606436366
4.663769704791125,0.06231757131030101,102.97653458063269,0.8717668887805168,57.61623090846943
4.982780760863962,0.05315506256248494,118.14915804775255,0.829789412711184,75.7744587169134
4.98475976341414,0.03218100107449121,132.78841097012807,0.9808106711532233,80.5958079697264
5.048194982105935,0.011618423725581799,64.45573084838395,0.8237058545697625,85.39408152136349
5.198678894647886,0.07565003495693404,100.51319698197442,0.8944154777058252,64.56875093350583
4.6882666494896785,0.07155213693913307,109.79295324349992,0.8473036909579608,56.52995692331998
5.506264416571038,0.08593039140890225,105.91338269989527,0.9992655016038052,46.128548056488974
5.073534285311785,0.03589471693601039,120.18654210067419,0.9171688103037396,76.5284573368987
5.218038213920541,0.01920557670281194,113.11067952983004,0.8299169006782026,69.3241407199268
4.811555180073308,0.07570412180677194,80.2899963283932,0.9335127995243614,67.97894889103058
5.38591464109866,0.009582290767122283,79.70416622618538,0.9983218034445103,67.40379736528371
4.922884277356081,0.05607164904571538,106.24909712303449,0.9210086561230748,74.75757269466561
5.0832657540480595,0.04662982438070327,119.81010848845051,0.891475818911239,73.85808662939067
4.720068176843867,0.007360922013298639,102.86835105905391,0.858654024323731,68.98619768920645
4.700920512079362,0.10948953851542004,68.44133860863444,0.8184246829657537,55.156159745900354
5.206461591935865,0.03480922769942318,79.05657169367454,0.8456492597979776,71.39824835552673
4.8669179509377845,0.02801296433208328,113.8303171173066,0.9107241559129747,74.64458381298341
4.743853073748687,0.0015378054192121474,93.02709818165735,0.9507571397299165,74.11294658847197
4.807044997391891,0.09954176669634858,102.35914606406575,0.97558617804593,62.767243793573215
5.209685921515226,0.03792772299449105,121.30836078303516,0.9587424500745341,68.77369918309994
4.8112886416389165,0.0004249759078103245,75.9558190476009,0.8250930402744836,77.51985101289303
4.96470352051935,0.019704185330272347,91.71514688196092,0.9546919770026093,84.84890828347626
5.004508325086129,0.016326347271789107,89.54254373252112,0.9163209092291611,86.65271221539501
4.424795334196911,0.028882341857740284,107.10805073055734,0.8938215115009648,48.320993930117154
4.558662078387945,0.07144387208394722,115.45776356543985,0.9145528236944162,49.54842400802896
5.100883366774268,0.07041710270121171,70.39465086202436,0.8016150657544976,72.37726881724966
4.778891191654191,0.01302429858334646,99.8892728166746,0.8135460485942054,71.06182040196613
5.317017473384126,0.050506677254396726,117.38658208092423,0.9051698558145963,59.767688916992455
5.290042131275163,0.03710597100548286,62.904270970783294,0.8347238498963115,67.4356263735157
5.215750599906631,0.015864148650783446,98.71215117120786,0.9091081904266867,72.98629039939757
5.5459315361937795,0.05301293533532746,75.68431118433544,0.8708427143749631,49.14059069713982
4.975073201677045,0.02430196941929538,87.16866192900935,0.9814824041349506,85.77187857752648
5.194664577771151,0.018880767175159498,49.89930821036956,0.9899366854608908,80.29681314563787
4.824679707021191,0.05259207859901778,127.85468237510054,0.9959568226137039,68.72563884618279
5.735710973860617,0.04314563897465566,92.88341745192974,0.9797875991765638,39.69290596050293
5.595090095730805,0.013751950570973403,83.85616271928171,0.9971781702384666,53.789748803346825
5.003564130355338,0.07987472582821817,106.565340909143,0.9412294251478723,75.97299771649016
5.1159758689715575,0.024334728574276702,79.15379534625501,0.9921084559802102,81.31802816054375
5.407789279809442,0.05714977054695758,77.25510942237412,0.9283584930913654,57.801836548979765
4.955858148555768,0.09645505033366238,130.20658339627454,0.961842841377144,69.09942985121214
4.803012778760088,0.07587602743873036,136.173260566536,0.8263819985447421,59.70967652403698
5.262196925302065,0.0760064703165522,88.15872655435035,0.9365199175205117,62.781739629368495
5.023531773825101,0.029633996492473613,121.34709419832359,0.9862206618670519,81.73269791413156
5.054898334893578,0.05969675604552549,107.12080887976173,0.9080096483065525,75.19969857771136
4.74971859707961,0.030679828728215806,71.72337416579302,0.8373639427060618,69.95608295308618
4.484698355490981,0.04046622338892067,81.4373621230043,0.9053777121450003,52.97578585172036
5.0708427229637305,0.03513718962525212,131.0219959839387,0.9413881988118977,76.20442255623244
5.27148861244826,0.03281804918692328,71.46409934351647,0.9539576998194796,70.72071993710387
4.932257975277188,0.049186468076090964,145.61998676149716,0.9047404019863968,72.09031766879585
5.43092885586766,0.013600151239330241,88.57275648176442,0.84347360484373,60.11644241073901
4.788825102375337,0.018072777838192538,131.61629812586466,0.9853377577157495,71.16371480851986
4.683588663510224,0.052825304158761355,93.88872410714326,0.9547234832906715,62.79712144189833
4.97983090784116,0.045663614362612404,115.99807183002302,0.8541376801235209,77.42325873554587
4.975222227394613,0.09294095679282346,127.90066280241378,0.9623625834792748,71.02937551409737
5.230990619400567,0.00842909693975038,127.7990763536202,0.8695725299036119,69.48774125771367
4.767511152780805,0.032276408602808414,88.3126893841406,0.8624862689336762,69.6276643166865
5.410428271044469,0.0479279076640786,82.85223800201747,0.9726153254694289,59.35220029690689
5.590075088752476,0.04953440224220955,98.37575980497729,0.9746470413634243,46.820699185290756
4.988256791909498,0.05044921499758674,73.99040757932043,0.8796962805637959,81.92291011827572
5.374913126055295,0.06120432902721319,104.78528351221117,0.8017845610163129,53.88172595170544
4.683050878812422,0.03515769141881367,83.5840669544497,0.8373131242799984,64.09725480607825
5.322566462354574,0.01176306922793045,121.65419547085831,0.9818592656449118,66.35331764034838
5.314182922567839,0.017483347547295695,88.59775167563723,0.9797498674110116,69.26174469449182
5.259031184056964,0.0032973458971577267,65.1548206103996,0.8906689496186896,75.26142400334236
4.995331073338912,0.044937084330524596,128.01829552338592,0.8608233414551758,77.39393902752096
4.113725317627391,0.10611336954935129,103.66736006663727,0.8605496584210344,17.75077078699771
4.807481856904361,0.09430756625716721,100.58269780840146,0.9794389605257077,63.83328590536058
4.812225194694619,0.042585010048796966,121.88789569892418,0.8649466621951033,67.45590384836726
4.706523518581857,0.008830079182895457,117.43153004596314,0.9023160519480219,67.37006727184124
5.03667290136412,0.010144600603130233,84.7629291197915,0.9462022101185796,86.72568711807573
4.8743109663436295,0.05790328530869841,91.00436787947679,0.8418962083218838,71.51065256280302
4.7526163970704935,0.10789134497509754,77.74089499881325,0.8507678163171788,58.21454890442723
4.682359955525654,0.008519836979837162,70.7109588975037,0.8716123786190254,70.0247734671938
4.785346104354431,0.035879302131166205,111.57185069830778,0.930844677869478,69.19857942914973
5.336449763554978,0.09738203867976357,107.84368620083363,0.9634981302292656,53.69130236923871
4.801692483611752,0.06935692937922257,115.21658423045034,0.9093411526662,64.36317424010068
4.845518388070018,0.030426540412632316,125.63210882991885,0.8265857473299247,70.13562628591285
4.8629907154930265,0.00765710537445736,115.48949589851345,0.8892491046139442,76.86690962584053
5.101698054142826,0.05802167339025156,117.26918952610517,0.8255381444246388,69.97870967877496
5.13687484655856,0.07560745314032992,58.44077483655725,0.8176594339333391,70.95550243044798
4.086603038227052,0.062845263525255,93.86029516150012,0.9179233539702896,24.74183032809065
5.306490564148282,0.008739661360765857,119.29152989339974,0.9912424223595846,68.19531240483992
5.4309104102731265,0.08398070595888739,76.63582527589567,0.9675223666668119,53.235134295525974
4.6849440387915,0.09246462142019132,101.83342765675528,0.9548942525084986,56.14149139895572
4.70831052657955,0.014341467585496823,110.38928881227012,0.9454111931730668,68.21670643918279
4.864923983666518,0.002533408878400374,108.85706987676973,0.9794255714271396,80.21823212909685
4.773198794163019,0.1329801013871239,107.375926159166,0.9505670168285556,54.71866016236705
5.067178062183982,0.05605809110420776,111.97825438091151,0.9253754690601543,74.87028654644186
4.416042414092341,0.03281623264844267,103.61487789856439,0.8729360160547441,47.1373424795125
4.664621717588978,0.08817729733198063,70.74143585217973,0.8201887779719585,55.98034042976278
5.461759160052472,0.035096531750151067,110.13911070806986,0.8922066727688021,53.86019301889805
4.721534009795595,0.005281029295959423,105.69493121107487,0.9849568472290735,71.62953001681575
5.373028483430877,0.024007988024377674,71.00503098289093,0.9166200530750306,65.24899075370223
5.106601458677041,0.07193271436598676,127.59470422173142,0.8369008359790268,66.79255162188694
4.457219685623523,0.07960927831746069,110.6767539949608,0.9298046616961688,43.020207224219554
5.190598758564862,0.005598463028038948,72.39303358045083,0.8930924468161009,78.34685061017937
4.964699809342144,0.08915286992908025,83.655496720557,0.9862760177165932,75.86902875344276
4.863359883125078,0.00559342005467588,88.7189591650764,0.8321879820124005,78.73444370304367
5.073487127951601,0.0973054280215705,88.70473122398703,0.9424023497013525,70.97253199129669
5.142390045670037,0.09073719096799064,105.86100377636883,0.9363204929613603,65.9863280961895
5.212277546592386,0.016723544225552434,80.47296497883477,0.996708315704301,76.64168538682652
5.353475854264401,0.008426965244450038,122.5627349424387,0.9129824253236878,63.53077896969832
5.122440773833507,0.005632056292518273,120.91606902735982,0.974314807186728,79.20343436711043
4.587309773364091,0.15323072460007173,112.38634619199179,0.8049427875062862,37.11419884276127
4.857906362704643,0.1137212223466622,100.88483550787701,0.8245783936448265,60.81928273238808
5.882914500580586,0.026269548590336915,118.74895030303074,0.8691877145693061,28.59355693769734
5.217347318114518,0.010407677581020472,94.48104554391982,0.9238654794314476,74.4272143102128
5.710786190243449,0.02585205177906316,85.51022277233582,0.8898158689934818,42.72031592116963
5.418630224659756,0.032191346330838234,123.80219291239482,0.8405392494693178,54.48405026893579
5.072540621466724,0.0421679368804677,106.35085514038019,0.917840747978287,77.0441016254541
5.090422120934336,0.024002063460763008,86.31884718837216,0.9133398118682726,80.60927474335364
4.989025988036946,0.08612021624058651,91.64515265916842,0.9048894957041698,75.35680149429535
4.47865861524605,0.06996783406082367,85.27144032469464,0.8181112224221396,46.05942222161278
5.0054141757404675,0.06132919825686241,140.4434971765721,0.9854050985512461,76.1395219704103
5.3632023657626595,0.08873989850273899,100.08196874901049,0.9184510607402873,53.25769761873428
4.820108001553639,0.00802786725471841,103.15542622507337,0.8527983494397315,74.74272437129788
5.123585899718543,0.10470878790955283,114.42438095723881,0.9374836380789041,64.18576249630871
5.255477313767959,0.01451685312241727,75.69278034785988,0.8635815981737776,72.19618713424943
4.727095868206257,0.04205413309302019,121.93094532572447,0.9011712053548852,63.147961702947676
4.864609140696901,0.004661365766818481,87.84307738424295,0.8682263542117966,79.75756292260293
4.694626552856852,0.004650182141869822,136.60032572230298,0.9760788053075387,66.84160938405114
4.753350317993178,0.010864953487902274,93.74682539970814,0.9987961169069861,74.17251585457423
4.613718414904081,0.054928774043100995,120.75280029526371,0.8322364130655798,53.153237019564955
4.729865461586592,0.06244027288657246,50.06403765761826,0.8047157901113194,65.51379879867423
5.425836704239352,0.016778890021140566,76.4973384782806,0.8438645013964086,61.160520422567934
4.725356891272912,0.04799841068361371,94.12785682004748,0.9179903966195228,65.26867412421838
5.037937765718207,0.040158508331719495,59.38434003750218,0.8347902279155066,82.45732836170954
4.849139373898713,0.041100717970534696,112.01768897682808,0.9622968849212307,72.82742353908438
5.353659781111082,0.00916424943067863,106.25916250872498,0.8817341153588885,64.41454177503856
5.393348688981085,0.11336156435904043,80.18344700280245,0.9221065481428259,49.8186302698551
5.259220994641684,0.058196463245032706,99.68082740271002,0.8911235683245718,63.571659460964504
5.0918403659308265,0.0908641855126784,116.1295445984625,0.9806655843237907,68.86030744387821
4.930682138947731,0.016541744984883543,57.939009662600526,0.8070270674124556,83.70630697112037
4.6424375887426255,0.05552122670457248,74.53021967530687,0.9458603791313199,61.68225693396736
5.583058664336659,0.03279223187169204,93.29823401553311,0.9304344266681733,49.376510490856816
4.772098094674234,0.02904854592630377,100.47447253264951,0.929903006197152,70.51921666218658
5.199093904109852,0.06755106680890774,98.82777156796912,0.882797878607641,65.6948861474286
5.317869671787019,0.04312739613988749,117.78589570871421,0.8031350456951796,58.74282161482791
4.833415850928401,0.03885304548141999,109.54422491310794,0.9378481443935915,71.9795346300521
5.311403758194789,0.05907144597327642,113.93269681142118,0.9658942425616507,60.37967278241209
5.2292639610016565,0.0012596476636442151,72.2024853439127,0.8170460621974697,75.1758878999121
5.51838915061453,0.0010507962970904353,102.8964770959876,0.8883235008487937,56.215853825941764
4.859196060071986,0.060488963628071254,93.85714981524113,0.8325189707894108,69.7430834943726
4.6142407948160855,0.047244339039059974,129.24143763337534,0.9221875572859217,55.28740421548704
4.8483530733666464,0.08713599231992732,103.487912747558,0.9571209752718073,66.62441378469003
5.0626560627603,0.0016642086813927204,86.61892130567942,0.9333413129854813,85.99593906131479
5.017463818125517,0.06654366445328458,117.0500255191008,0.8636120140971771,74.53785897450976
4.881968631117635,0.032777984949340165,111.26595591729296,0.8279465405664768,73.4337553442573
4.427240762306827,0.06286457520615077,83.56796654719041,0.9588536292100924,47.025035386969805
5.141144898838732,0.08081471552115826,93.0302059446165,0.8647833716985385,67.40174558101147
5.59170334372466,0.03577484041617459,93.37107080783278,0.8044279663488852,45.88302556028863
5.139275371436901,0.05269322523211889,124.54922184559075,0.9142842428698502,69.57025660180602
5.182740655716054,0.047539871130534234,104.06483747756884,0.8493354620466758,68.48480548063327
5.171733591846531,0.06310287952732725,114.53564957120344,0.9682411996716354,68.14181159642145
5.11911400096472,0.014424055174710355,90.13456557739835,0.8286510408781558,78.24911592573356
5.279499790060428,0.1735668350803001,106.69600582278882,0.8869601698118501,44.26459014828742
5.1186121043557,0.08886180344483678,126.06721805859316,0.8506260407222024,63.95980223051723
4.906196849104017,0.08845571838373754,92.77846469498705,0.9379203238442163,70.58401319606601
4.761203326997374,0.00029209517369630997,102.30309607675552,0.9097061818714843,73.59219937354213
4.925307903415797,0.060857585722002186,72.73387487524786,0.9581975438497192,78.28039973611712
5.0942388489352,0.006347757178249598,84.68883820179946,0.8917225150447304,82.75907196786521
4.905175111663108,0.0338739620668733,93.31114216004354,0.8009616863088792,75.9175318999287
5.094301604939429,0.07187333347825216,78.78321382096559,0.8430392961078992,72.54336822195786
5.1317450401101254,0.10609821440660878,126.43947355043693,0.9998314216388547,63.53324651013457
5.249953829381054,0.09109465443521714,83.23985959516975,0.8810689978619021,60.63596606957524
5.384838490651694,0.02826910103522472,115.73597184234491,0.9240470215772452,59.57666865292508
5.0234022255436575,0.07650823461330584,103.73672475062953,0.9809863216117515,76.36568523255676
4.607667030455702,0.03956424785604369,100.61703897020926,0.8041048364290178,56.545777480495
4.896468770954243,0.012730151046449398,129.72327289930314,0.9319214792794791,77.54470589594644
5.01321877022198,0.009404470326125947,54.78799406144841,0.8576753947956874,89.47091172753123
4.449269373146873,0.015492132972236197,96.0759020635379,0.8558496510704863,52.141745258032856
5.416599356030744,0.021854617096822793,78.39239326869117,0.8449702806496614,60.78601235975605
5.0427133737531395,0.01648289411470601,60.77159181733925,0.964545843258232,88.17852114103644
5.1144058503740855,0.031399703660871955,76.10536532484616,0.874589546489299,78.30694782572543
5.40965793875788,0.0439559563891386,100.34475070006141,0.8134233076520851,55.061121299191996
4.810957150957296,0.05143652741298185,85.49305741587109,0.8193702315766327,68.78004883543602
5.172212579265209,0.010620149995419404,117.93227179650297,0.8297228725373604,72.87545301587144
4.967040763069419,0.08838256519679863,95.7230830411734,0.979785517450185,74.78846304953171
4.944773939895224,0.006978470675244344,93.50523290558114,0.8854886853014685,83.99891620789806
4.768342283658686,0.004861272743723085,93.59438098987815,0.9832098679199042,75.676105367373
5.499680964105958,0.053024449117284864,98.03011187740923,0.9634958945524249,51.53238148935735
4.887349987977329,0.013378720752833162,91.63042930114494,0.9675765242515696,81.42267872063165
5.2098392740687105,0.024239886451307174,82.97492604871674,0.8573663622263665,72.62349522783694
4.437497783758419,0.10602192353095326,119.78369767952071,0.8542628825419072,35.4534663787482
5.353996558906936,0.020835369236898747,87.51809899222108,0.9120136759675657,65.12336470017821
5.315663346787118,0.071359796873563,92.32946767307628,0.8835849923979902,58.79498274239066
5.029230233089191,0.041047528549943535,108.58810160180622,0.9018121376600694,79.26648932517779
4.931917260158623,0.04676612693777525,106.37482492314506,0.8106408403715399,74.47545088396738
5.12000000168407,0.032129157676691306,82.131238753079,0.9943180382525056,79.65386313719432
5.686637198264087,0.0074426929816126496,115.09963888221493,0.8116337615680247,42.408075500051886
4.471028990328954,0.004324630777274265,110.75340679676809,0.8357662595323775,53.25302931411686
5.234608216272238,0.05321376021285627,103.55949668374508,0.9356401049670516,66.2982954227038
4.726514809353829,0.03111939070673485,91.37366298837016,0.8311003103457166,66.40761986329683
4.99402448111008,0.0750537214408993,91.86538618957182,0.8213739855415578,75.6243517423439
4.925635964276401,0.02416473187734039,95.96405793996782,0.8307240762741844,78.9315238064699
4.871504522660674,0.035912762329171365,75.36336117744469,0.8123840486432818,75.61470186538588
4.996860461284181,0.003571674187352096,99.21463102806088,0.8502637480516689,86.35968840717535
4.659748656416663,0.016955701154664875,117.84204080893998,0.854223854202963,62.3418372149653
5.30875413083839,0.029515506269852835,117.52742379668047,0.8997244175096644,63.2891721797439
4.46175694664042,0.05822997988177901,92.38296457447095,0.887744503440955,47.48751342753033
5.161929353848502,0.058743999373136735,121.28166545451073,0.894742683029769,67.23932597826366
4.902039244239629,0.007784148068017551,138.1180910905889,0.9232079008417805,77.6070813519518
4.648722531857764,0.09541680490288645,93.67584929474346,0.8461922862499088,52.167091971556715
5.060715011179608,0.09083306541489782,113.83029412864337,0.826940826218379,67.88792662849207
4.532914673988056,0.062546846388789,54.74380074618416,0.9757756557291087,56.633986520928794
5.01191414651589,0.0468412341977838,74.83706543636018,0.9267882679137902,83.31102489401881
4.573136927656534,0.10273173742010443,101.8224205866704,0.81213265878696,45.03886616344851
5.13838162529535,0.11589240008033329,79.86533874963223,0.9922103299801641,66.1709151948691
4.722692799910887,0.01354600059765738,140.78404089444896,0.9386137004536818,66.02353782463337
4.864701794891207,0.028471622164416007,111.95759374593106,0.8303409284174024,73.02242356256497
5.088184816382949,0.00648538411877524,119.31663293716261,0.9938268863352802,81.68097783219612
4.768237366447329,0.17483477568860267,99.41947187678826,0.8730814686499266,47.38870781886907
4.9826108000995095,0.05846781713625972,79.93583960272696,0.996902015972954,82.130931794718
4.545850849626544,0.0035269569764708637,89.62379435650239,0.8206551258786577,59.672730513044925
5.189262681078847,0.050634557624631565,105.0876095925272,0.8319938434070991,67.1801714004637
5.529474141665231,0.026238193143869267,87.24169323181978,0.9314839101749688,54.20133140882315
5.837662660372988,0.040134551444743385,113.423839834544,0.8044286930332147,28.466247538119095
5.027350443999932,0.014562448858319105,114.22829938409276,0.8037379282436472,80.82653465771988
5.236461242239156,0.07750475800093795,100.09962607879177,0.9583965664449801,63.34458048653037
4.465812298127753,0.05088103325423252,63.48729825966001,0.8335560663479641,50.638974400523594
5.450820297891676,0.08111726282339875,134.29569867331918,0.9837579985175214,47.02878280600814
5.232868551417232,0.0008028188968270504,95.74654286620965,0.8851792324342743,74.03639444250656
4.85481996651463,0.013243499646214896,154.1855329694207,0.9747304708598552,73.3787291642006
5.371154240086703,0.011829638463434388,113.0507139270439,0.8835527168173057,62.322282768924374
4.9236571770063975,0.029045533761251262,95.80089846535886,0.906046000994428,79.60343072954885
4.862592445095633,0.01809152065167859,108.95643752996008,0.8633028323352826,75.41223150169581
5.142600477628247,0.05840584762153471,59.614289658427765,0.9316152835511871,75.35397090425595
4.680993650050905,0.08165195667254728,120.52284806471933,0.8636402331886133,53.83234535947252
5.306487429319985,0.020703561124609148,151.33882475058954,0.8446340195700099,60.2640179884508
4.683203056421947,0.0045335753612851595,58.21533052313242,0.8162094623925402,70.8148032766616
4.684983563053044,0.06508097244623724,94.25181980348584,0.8115338695655694,58.14236332720986
4.7270930634775,0.05108345240295162,97.89323754416948,0.8611948706404579,63.397639606599455
5.227850011254836,0.07853606409227849,117.50457258326128,0.9472946690498512,61.74402583353895
4.814967391544088,0.031315797644923926,142.11951348331073,0.8411240132687233,66.81120276295009
4.595601264689849,0.04481732055352461,107.6576424519113,0.8598454900278993,55.444623353729106
4.81829600001926,0.016115009397679615,142.83583648431056,0.9810342837044248,72.01761061716113
4.990387288795854,0.008932552706022757,103.40864953769325,0.9278314991622642,86.29911945132379
4.6457082549006845,0.018009616087044943,109.0284763759246,0.9839444778843953,64.81709480107978
4.654495667289697,0.023346261967221723,106.5647113232051,0.9822452068007268,64.7562337459926
5.633388900229876,0.05467479103023,124.40599566010172,0.812682136497138,37.60849049560555
4.741830378855834,0.03902492434988193,91.55357883779594,0.9910018649856729,69.32076349480162
4.903087289368098,0.006723856928332562,116.36573517523018,0.8102355918122511,77.74479714155798
4.889828899760214,0.025266808375742623,75.38406787487146,0.9851237835496973,81.76378161275827
4.873592957668867,0.05276444879506077,94.30991790697182,0.9093466873313432,73.2568520968026
5.186404021990731,0.06350890873733854,87.26512754122383,0.9066379165754783,68.69566794734257
5.2844428851416145,0.005991261108676944,101.75923117235884,0.9426528125239638,70.711870858445
4.908213670540523,0.029422004021037843,93.67840501192437,0.975842254152346,80.22852421113016
4.629056514022295,0.05540379399005051,122.6426738491395,0.9234009111322514,55.636572580561214
5.382332068354671,0.017096972687823796,82.42663809656715,0.8850799707562643,63.95446560101473
4.971397672640995,0.05780439403475028,65.37368128377975,0.8223778685969547,79.52339049680826
5.519096544457151,0.14936357279226548,72.85432360576885,0.9578418611789757,38.32107627673377
4.326324230730451,0.07881080321951558,119.88336092602638,0.8256586984941611,32.28267123818033
5.058620966384996,0.009944610235528683,80.60885313367555,0.9452731722398486,85.83562861300034
5.575581900162862,0.040614029907175,107.95688831041417,0.9055849891564052,46.68899245623871
4.894020759368552,0.010805007661964187,94.10424993503841,0.8771671849516137,80.15341311834693
4.9323519729996095,0.0624760993497062,116.4848810950651,0.9225972772506735,73.3731609130276
5.088653507477102,0.02333663353301566,95.3846858976678,0.9544712172149086,80.73125027595292
4.832361254334513,0.027692383010832065,155.2869703223427,0.9882279236901241,70.0236792500142
4.90637842038418,0.006103595224917994,137.9623403163701,0.85293937656756,76.72971943902729
4.898655471742579,0.08097155414773863,93.69579639188615,0.9894260320423396,72.19253618405213
4.811773779672088,0.013818225151780283,90.95730821810028,0.9921896091975584,77.3817543696994
5.368656965060167,0.002406310185674207,162.64652301616923,0.9627261028959361,60.50950532484063
5.1383234096889305,0.06728445187485776,78.42298077342821,0.9762874349884698,73.29137825986209
5.075188469630991,0.03140193295464318,98.89952904163302,0.9384855027434343,79.65815902964945
5.242571302067035,0.023437502838178616,100.44897839410855,0.8078194439862569,68.04158749056538
4.92069325003896,0.07112671718433008,99.95324204370851,0.9150157089410784,72.8775773991388
4.76773885449413,0.03439667293145374,65.22576558938947,0.9494409125921544,73.37107202283389
4.819212708615633,0.03910656379454018,109.93204819351881,0.988340626941267,72.06038566723042
5.000534912331383,0.029534875476811624,80.59299817215366,0.9140903694037747,85.7601815094554
4.6822364874881295,0.007228646591189582,128.7197824833814,0.9588401356514766,66.15471672530073
4.849921695023998,0.04465432010239689,70.88069915130757,0.9410077435088988,76.02923864112755
4.8451650074385695,0.008959307057346513,101.18931854750953,0.8561605777095164,76.37028408715157
5.637366868948704,0.061142103660817904,55.67758706096224,0.8309456150302718,43.63782590846428
4.167855518019825,0.030783139374303218,56.91232587318552,0.95018106573558,38.76624890243705
4.94611408357831,0.041784155596225156,83.21296083414734,0.8467536722359015,79.11299903656813
5.517708137844431,0.08204827993692661,86.03579835325944,0.8489383109260282,45.00545612198978
5.036553339239736,0.035991153130703286,129.3145282597887,0.9287892477401295,78.05245880483403
5.226025242026328,0.0969423645234672,99.18816327476203,0.9578136928059057,61.13458832854216
5.02994789452993,0.06556311415189119,125.84813801823108,0.9164664185722473,74.11317377504236
4.7997999856350555,0.006172621491722836,92.40426810646646,0.9769966307758142,77.36161171921454
4.327425219647326,0.08465740375106358,112.12170365760663,0.842288653850135,32.58050532742206
5.061636706110891,0.03319330104514726,85.49049366162198,0.8504828859081479,79.78341082857523
4.7673180186192825,0.0002660145669748301,84.13053861802797,0.9273911008314889,76.13394708693771
4.759899378150409,0.03391928476604413,63.58299722164211,0.9658736369236594,73.46524299042687
4.850303823206266,0.07561634121951315,106.71507987702549,0.9078703603356467,67.16167742845938
5.523458421987048,0.042752254712111096,105.24166829400299,0.8020763146605093,47.69701593777036
5.721451262676192,0.11111964162756989,115.54625774571704,0.9353886258413883,27.198124737549062
5.065162381258521,0.0743265278949411,104.29836574282791,0.962716486603587,73.76577109803654
4.8605698328264815,0.046158001670108126,140.52391954387934,0.8553087255791949,67.76427227626863
4.646832074764637,0.031303404137057886,103.52055273355019,0.8108396457764535,59.97915150749359
5.140562048463821,0.011013374299493957,119.83653428676242,0.9035903956215097,76.00242543100062
5.534871680019544,0.023583206987542567,93.51781834001794,0.8084310440701907,51.18705719809802
4.925797883892453,0.054831575060887344,81.83059931397221,0.8832033487830488,76.80414381867782
4.286301187774033,0.05186665206360963,114.35390340373273,0.8035635688940591,34.03395449440843
5.201014901544657,0.02847702051091431,98.21704024359317,0.8449933445815874,70.74571569795584
5.295619913435015,0.02601749576885856,116.64086091859241,0.877764490377382,64.25138454425871
4.524246307884246,0.05602284475380348,107.05873083689362,0.8223411779490516,48.792302235275905
5.052945255098886,0.022929311281499293,84.13973346419688,0.8228311807977366,81.42653827137698
5.13536780484083,0.10477579096249283,121.48675755354057,0.9654123480651252,63.32113427112471
4.978067809397318,0.08235834425817357,82.57620092430665,0.80828477335148,74.238392299712
4.762768724274394,0.09277047410860147,112.5065252659101,0.9377932497347292,59.35576480827698
5.304781167069067,0.017740723578741898,125.63222223051706,0.9628964098698704,65.74672741339039
4.8789860762093955,0.07012899071357971,92.30810323169685,0.8261444708271278,69.51189505889965
4.554444151190021,0.03819202171463064,123.1198890734463,0.8390741469026946,52.007339844915904
4.385157654299096,0.037301720545540096,107.95233668106385,0.9282986603190059,45.28494071438849
5.378254855999793,0.04771272380132605,117.03887556792526,0.8631293225486438,55.706498963993866
5.184999192941335,0.060452714454388934,83.26488617794828,0.89528461424698,69.41134492250632
5.026392064138751,0.0035584586706380004,104.28600464107495,0.9672005416559464,86.79811772009069
4.867917608944759,0.07173995652631182,71.83837379950992,0.827596634276858,70.68215836332493
4.841300475739062,0.034223531178939184,134.22601030620928,0.9239305043809412,70.40050792450074
4.677279005467517,0.019733471333693766,59.72003356830986,0.98847954445616,71.47430716028914
4.870563306632034,0.06179849621361384,92.904963607423,0.8114933259374342,69.90339412388636
4.3639738354639475,0.06975087898079448,81.36582811600755,0.8120013529969523,39.479242529055966
4.779180903959446,0.043039442413070055,113.49400830404475,0.9109484745235275,67.16450653567234
4.906718745094672,0.00033037810221321975,138.47891891859837,0.9920151592188658,80.34597928286581
5.182964014157125,0.06483538891843518,113.09830197375051,0.8440947284733578,64.86891518489931
4.988022060987991,0.01346831195593767,159.22567393902702,0.8661583939432401,78.66167735085088
5.238476934162668,0.10757045368744556,72.4411964688232,0.8197295949095748,58.706288148432286
5.404740531534029,0.01576645512501679,73.9763173494287,0.87244944608737,63.401957026010294
5.3174510281472305,0.05698128471029802,82.137715367692,0.8088664960040161,60.36930398793259
5.141152954213567,0.03973417340082759,102.42489390591811,0.8778187995489487,72.88458333744903
5.003558803754236,0.022182181843979378,79.461552494335,0.9110975549884062,86.73494034848358
4.705763597475932,0.02699126356630266,84.96674491389949,0.9950009653368522,69.70047112895762
5.221983215413795,0.11848283424755478,112.40967047854576,0.96367759592839,56.9411668087523
5.503924214666458,0.03192496688071132,75.21656233772364,0.9644130821550698,56.74240749723484
5.102631811895125,0.021973109965196535,77.33607974059797,0.8456288649144394,79.725094115742
5.575177744527837,0.032971070354102835,92.02922494019856,0.8174469404337691,47.6896910898699
4.542328487581675,0.00463274266067017,93.91113858321359,0.9206149408208487,60.86598281389558
4.653750984566138,0.10419860150346691,120.20031434442632,0.9042276390111536,49.65979019422866
5.256560452324479,0.03681681115779954,81.98720504043759,0.9033007753155263,68.95114618912812
5.079287063045975,0.04935212120339169,85.59440031758206,0.821801597240142,75.71654994977736
5.394134652971542,0.03964536795071959,111.63340232558014,0.8987769788526652,57.21731497359484
4.995358507781978,0.018791428682089568,116.02788647566764,0.8300711481199137,81.90143047943673
4.7396073732415,0.045971831159586876,128.57448934253176,0.8844229187423677,62.311677161146164
4.935922027338488,0.038001019097164426,109.38240709729509,0.8124325265289633,75.76557859658435
4.540194808722879,0.10281612539017788,102.60728119923654,0.9713785198817138,46.1561119925567
4.661422798070889,0.11624227475617606,111.50076813492308,0.8026360172611836,47.151670202558314
5.291733199375403,0.022355234887965668,94.65174388222906,0.9878646278890659,69.43484097383937
5.261836224340883,0.1411553065306777,94.50464811249043,0.9725783645457878,53.11763303961206
5.108901285441823,4.860342250397748e-05,64.51779375442493,0.9505216145138606,86.01728527494971
4.483676743711859,0.04002159969281402,117.86831913378668,0.9965101164571449,51.16073508455368
4.892478927346134,0.09159445318872568,104.22917890103494,0.8107639994255167,65.60192976086601
4.632500033401985,0.0029502230111454787,115.54078532736611,0.9283194212104693,64.51977844392003
5.352959976136329,0.04907745294397192,43.68379011045412,0.9698604180943432,66.4896128410659
4.82488335993122,0.060585853280942695,99.05796584212908,0.8253234193061539,67.00579540564195
4.674275686765535,0.12304132819513296,82.88236987244736,0.9169549957333055,52.05120490408353
5.0089388495364275,0.0064512325319388865,130.02725009640466,0.8787843817389344,83.06894677316174
4.8079536629496165,0.01071316182907507,112.28433830967658,0.8871654226694187,73.38512012503644
5.445123173061112,0.03563820391605273,104.6847082162112,0.9825048170770453,57.12850454884517
4.779556730739743,0.06741696396645942,91.36134061317951,0.9077302900549465,65.67933098919664
4.58023152223261,0.019077992961229247,107.94416620263293,0.8186524089692648,57.53082394889424
4.354125945272745,0.004563151383066098,81.4362874124379,0.9874432347688857,52.168319963038726
4.990764049275976,0.03497602097080803,98.00549304628468,0.8370422341125792,81.13973518856045
4.831420965842622,0.03320229636227863,88.4327322602516,0.9785273632944128,75.63218753607865
4.571328618046482,0.01107088652428873,145.32979309963383,0.994184144217072,57.96978767852365
5.356767938376736,0.0901104794751635,129.3989551238168,0.9755674926321392,51.64880611638243
5.200173544228773,0.04141271987584316,121.26094967965662,0.9354267555617841,68.36011950816719
4.991534636318831,0.02652711462141792,70.19377955691684,0.948710363964618,87.46784030951787
5.40929787325126,0.030743235473193253,117.28314224568106,0.9399734487529511,57.901797034436306
5.198760810019584,0.0005432452011718096,103.75333350283876,0.8921048775710125,75.45962881978558
4.75314322954447,0.1198076159877463,124.46920279032291,0.8548839437490374,51.86820997045473
4.68823395080277,0.020607856526703373,106.44790190253879,0.8570005459902059,64.69807929871094
5.245394463336158,0.030546308098196508,99.86564667923393,0.9462335722572275,69.6324927623222
5.118910086940205,0.025751278317140358,104.67568592673118,0.92520728966411,77.03928023662574
5.050924330391198,0.07043812535665676,63.887334167549106,0.9169768067938294,78.32962409215128
4.746050659139327,0.07515869693968198,84.65193455664405,0.9305217675848796,63.63447690344054
5.182384270101726,0.01839905977564646,107.46671077406543,0.9549572470861778,74.64955869186649
4.773350335059815,0.03453332465565248,122.78776716813165,0.9496681829291067,67.93560834701
4.9694040036218965,0.03642673769569742,88.99013767375763,0.8210792811584804,80.22280141875304
5.434083243916094,0.09360708277853036,99.18386240272133,0.8726070099413429,47.44769690680955
4.801749729256956,0.05944948012388877,67.9801511064922,0.8527934273568172,69.44541517332118
4.5281032228781415,0.010253184536098532,129.1862162670752,0.9076477324448291,55.382548714462764
4.684235842438967,0.008079933818843445,122.27483464466242,0.8122832164743158,63.860341338531555
5.298289648006287,0.039964121098206615,113.04205237134397,0.9524928094985015,63.853653907727406
5.076419341214063,0.057479128568681495,108.1361237526178,0.8213054667525448,72.40546720164312
4.961336786393374,0.020105921050873624,131.05098130293595,0.8542804051821236,78.64482899932025
4.847271858406529,0.009265272630658138,83.89978017370566,0.9565483010442095,80.18750861330665
5.145607972265957,0.04280776372536933,81.73676887346683,0.8103119965837418,72.87492014956534
4.745268544702933,0.017772756787760573,121.23039572512857,0.9320402137111983,68.56796386572299
5.091699670592779,0.11133423779993058,119.8862676341625,0.9848956543588773,65.50717041820498
4.780623629356113,0.011852184459707949,76.13008827821696,0.9235275634375576,75.91713253334007
4.730702184417484,0.023159183440387802,89.37280236846267,0.9425314974802822,70.28160326175025
4.808753769552497,0.03209574921607493,133.7818626215478,0.9584533745045094,69.50174501867397
4.8873777660548114,0.058205088173964,108.23334656431808,0.8444492644372303,70.57755336950689
4.985351049219889,0.031240836834573738,115.74323036036344,0.9161927836025127,81.18447006402121
5.070636738533334,0.03207156349322712,76.81906914941287,0.8618113432060379,80.50538111319534
3.8934904125714667,0.020623491614616702,113.13289049074356,0.8498990758450611,16.200593479922365
4.75770483267597,0.055896569291133236,71.60916908458239,0.838491283017111,66.68671331877222
4.882529006793188,0.12070568616798721,60.4035726879863,0.9170861230605422,67.14725267480542
5.4515186115824985,0.022567937940134,114.53647920361736,0.958906385310761,57.248172399883465
4.67599921748536,0.020854772932011618,128.68890339268978,0.9751778128376891,64.0664030268047
5.048838985429974,0.029433522375499926,94.92427848501664,0.885717189228372,80.87654845394235
5.448509092920752,0.06695145787495728,89.06898636291083,0.8745798000395878,51.63143310801199
4.6061094410158185,0.051049878293636775,134.2169731249274,0.9374613804201182,54.036615012813215
5.118192567759321,0.1571556436231873,96.10433261770784,0.9560718483704701,58.84610309660127
4.759318449819644,0.015766878454733336,98.68462552885481,0.8506638673344793,70.33889001477276
4.84860987731323,0.032611573995964906,133.8791445288067,0.8594581768422074,69.82610562336254
4.759066749814005,0.09744589767091016,92.9283037394358,0.9066786638301901,59.76786324086402
4.780442807475234,0.0943079618509266,86.91944781310268,0.8888771375679888,61.76597214092456
5.816573644371948,0.07750389632621903,116.31016448274175,0.9411575466119444,26.572131372714992
5.2533367616215,0.019832118998000938,85.76287691241768,0.9008969981975492,71.26662872571907
5.330521358535862,0.09422603829243499,97.10796923755636,0.8223198211445166,52.770412243117704
5.147598046050949,0.16453214951995687,73.61682796575602,0.8331906389576209,55.76642479152633
4.518122963479413,0.05518979418754093,103.70794176753026,0.980381768764128,52.04574987916316
5.118487391096992,0.001606835315175817,101.36194974406186,0.8454796729659858,79.42312972181763
5.321878884352204,0.0304601576218695,119.36040549446288,0.8100172182835801,60.38254711181267
4.7439801577882665,0.13093716787654247,117.14513073323462,0.946290911657445,52.20953944564006
5.289598000148338,0.05643707932328795,111.03036016939164,0.9368022287689282,61.791566651045926
5.211300862956223,0.022403346344270877,107.88511385562026,0.920015203730964,71.57323896004321
5.555612013444101,0.009842181683310941,98.53491772495317,0.9004512308929521,53.342484786221036
4.874665096245915,0.0355093258414352,112.19111937991606,0.993916070809364,75.81271637673527
4.6707167053172824,0.047190332694405895,77.75335652662025,0.8239664591836907,61.86844594588785
4.891511567188236,0.0249809328772895,53.020678562913815,0.9020325565156301,82.48213737372197
5.430671297949087,0.010709520906274635,123.23835342425787,0.9128089886940087,58.48563841856797
4.451478235747411,0.06264672811864799,113.48320924495827,0.8044985836761679,42.43333567607498
4.37948728537069,0.07198811448023909,97.46027131440171,0.8823984849608677,39.872962517982714
5.026818583679484,0.0029190766614841934,121.49117216891972,0.9565604250777282,84.93511476467093
4.867223212167753,0.04331608245916461,85.37005166106945,0.8942197510485865,74.88337021605527
5.0023183679527055,0.09111292542881635,85.890149358337,0.9750556899581834,77.10605797184519
5.28359353137076,0.03099350711869728,83.11724552611665,0.9289597863778919,68.602833224896
4.834229196164344,0.0143514762025466,111.3524395023177,0.9532170728099748,75.83012784544637
4.438098250720814,0.02969607384419671,68.34083845570494,0.960896027038472,54.215320661818275
5.613344467159983,0.023159680192511342,84.66076786435917,0.9379000478880266,50.017304112848926
4.700831513768367,0.08230824989389725,105.79430046472271,0.9498761320052702,58.121745935650594
4.682288863396371,0.03554191987693949,75.91697848154777,0.9390621079642496,66.79558813337157
5.331116004116779,0.007220050978945632,86.79379188677629,0.9100927496907246,68.5725079112883
4.884653263687545,0.07239245284448752,55.76864845770872,0.9133065931190866,74.90959491119041
4.980983044389557,0.0815242178179176,112.11613298803074,0.8379769565273603,72.17827582242991
5.144837037218095,0.04691653134102318,86.24329613315443,0.9654878466758114,74.95772538596161
5.325074930932999,0.09663919423840528,78.01437499717692,0.8624274627543798,55.44673676362917
4.899961792045469,0.03823558866042427,74.0995454808285,0.9071473764930662,78.99536220544294
5.45598560177429,0.03416349750732992,91.63572975589801,0.8499091115885032,55.350948523623366
4.359260045379559,0.07033123157982575,68.3968882621712,0.9391729958212455,42.949689076007445
5.227936171085923,0.00834881955021394,138.84759354297336,0.9950337904367872,71.08742325675095
4.748141732594703,0.0677082257095462,52.30510765662029,0.9603880469294814,68.70952027217783
5.411681394982398,0.001161226513107235,90.9876170042702,0.9238190963775134,64.5025525512133
5.042613343649164,0.053747533985516904,102.1381385858251,0.9135013067484202,77.43728155960855
4.79812840039718,0.029887813955346714,84.4924199172689,0.8979542514705858,72.9143749682136
5.19885232790649,0.04835109164516133,104.2426347458623,0.8409942863527201,67.21181883130457
5.267956504162176,0.027273416999732913,84.00796850107677,0.8696020103688491,68.82284055757881
5.192568236857592,0.10050380615948247,130.60188927346297,0.8812788148342602,57.93572223396103
4.691091128110082,0.07946417267198215,77.62245971780446,0.9889138149682021,61.56187211339118
4.854794862913375,0.08667195830164826,52.97552117303361,0.8851165708072025,70.69167732839594
4.998778148863569,0.026238928983870598,74.03000299093357,0.9172380709591852,86.9326107043239
4.9876221042049815,0.03289308086474797,107.72989549627425,0.9844849081223518,83.2400727354063
5.224923642631504,0.03968559271221388,97.64151240902271,0.9036852815622687,68.86129692562079
4.395529630248017,0.06978917550787452,115.04265815964233,0.8502899559728069,38.76493479219176
5.1002981163660515,0.03899167275185427,110.03489233421934,0.8762012213196155,74.65389729822915
4.913005593669008,0.048365281264613015,87.27439300549592,0.8751078400905566,76.30026093171007
4.748449815084815,0.1044155905726441,90.21833012408906,0.9429435129404309,59.08168756559198
4.77725396666912,0.0102981491973755,92.29342448693548,0.8592241460920051,73.04565609368741
4.935638700644611,0.013692922506134091,137.68692166993304,0.9460577155520788,79.2368458068048
3.9196744686621448,0.03633354607710839,113.81644629374739,0.9778485423773451,17.905762426334594
4.789613128762535,0.026771770272935338,137.8337379835701,0.8672146023427424,66.92194043330963
4.737255552606112,0.010620058936158012,116.81558744683628,0.8270682200491538,67.50212997224247
5.159834962796787,0.044647490523348474,98.72833210156897,0.9277108701937286,72.39416284740817
4.758341995246844,0.0037289364313584476,79.61277026028671,0.8721708935047989,74.42332009417416
4.935465859948853,0.08544947048645561,104.03039342297488,0.9067972334289156,71.04343635024368
5.462682988298391,0.055546228090849706,98.78261655567539,0.9268331263679221,52.56548736026001
5.298305455944627,0.07613856201166709,98.12705429323572,0.8815485888121823,58.4991546884924
5.270681419983036,0.05305927374080023,95.818018462015,0.984938890358015,65.91719970085663
4.850038270876745,0.008441429377829542,58.950745848475556,0.8799229308340945,81.43946587776458
5.1629096837868955,0.026220428411499904,125.21679633069311,0.8614748654480058,71.00017238695209
4.929830659863922,0.08401413086212259,98.99093021565365,0.9771350442197775,72.83132782534709
4.941172036796918,0.0197587506206917,71.71493767942717,0.827260344685162,82.88022274047186
5.122905603123965,0.07235883275014984,109.6352541814729,0.8248417857571181,67.30514919703468
4.820901923473721,0.017195713686066285,82.88327662786944,0.9871396415211252,78.12922352314887
5.447900931332961,0.07814904401959208,111.24281245941566,0.8417936828218898,47.115179927579774
4.951960958120619,0.010993553531227603,117.63312921024921,0.8296874807249282,80.29906115102665
5.1855081698779,0.05535530800532815,120.39272981338635,0.9070336608039097,66.66761384126636
5.436680143777189,0.015874930104221082,96.78166546690359,0.8093576932420595,57.92693917588632
5.309496132372552,0.028278750310491946,91.72444543962966,0.9240030001455121,66.49603497002035
4.577324269192842,0.014643639141466186,87.4892327947066,0.890586159667813,61.50571019423621
5.133468768502965,0.013248325565999825,85.54887823079007,0.9280823928829467,80.01138508950206
5.255215818338194,0.05714110745186063,99.65539871578166,0.8567873807065501,63.286092524482086
5.267558906648224,0.010884264964150334,95.8131387521652,0.9810944428697883,72.35440083866324
4.666011549765611,0.025321770821564442,83.49392368355669,0.8541161425450692,64.8953578452477
4.802889428894803,0.08341793057480337,77.1243049239419,0.9275129371085722,66.49850439724491
5.298367470722487,0.06684028385665301,97.82487815482835,0.989018370125525,62.06978876518052
4.771471888795206,0.08099715996164157,91.31604764112339,0.8801618576682566,62.61037172271894
4.910091183000706,0.056017874919675414,77.17266053436269,0.8322853056585691,75.13122980182614
5.472762742850591,0.03663063794749874,116.61142026842815,0.8136764951823668,50.75202761364424
4.985660224884563,0.04144724532359463,135.44185501650497,0.9926035993615212,79.2304131801145
4.781967758649847,0.027493609896763728,119.2517642796845,0.9527402971987878,69.92365355048356
4.736714792941129,0.04983968886654071,85.59623976647912,0.9837904120141568,67.84311851012184
5.099815798875556,0.09287189746852181,98.99540630820127,0.9397666106319623,68.97605902900746
4.600055597456837,0.05431442708659068,130.80857903374923,0.8684897008378714,52.14510789780413
4.925799210831075,0.08201917173027108,76.52600714445015,0.8246033171966761,72.08454251981233
5.0999691604970065,0.031599894568261955,115.65190253370452,0.9858613718550001,77.41390336866986
5.3897449461643,0.003679118692595247,71.0383358371202,0.8979238088261883,66.91807801906445
5.2002644241109985,0.04146753568306354,133.68075254862657,0.8793017992555245,65.98196493112839
4.785780464605346,0.07804763453712807,91.39370950498021,0.9155584122478246,64.61147999021003
5.353525795269116,0.012738567708054017,144.58087449047625,0.8213118642862138,58.84581696432161
4.910145488735757,0.015877702042542328,134.5612759728366,0.8618407638748968,76.00776169797834
4.629289093385177,0.05435701530014894,97.87138980837224,0.9275752214196334,58.36815875564372
4.948387592220358,0.03629354135725622,85.61189253779179,0.8200245892714311,79.29852686128251
5.4314507603437105,0.10037022749117146,103.89550943781828,0.8270485517929769,45.208840347779365
5.049572015019478,0.02395680465538424,96.39682066706872,0.9021175728182111,81.83482779018107
5.003756559298936,0.07592947117796515,91.96866072828814,0.9246914249202183,77.6821481909446
5.4911634934108555,0.02050335042612903,66.83773490843406,0.8374003411587582,57.51892116376107
4.570593545883672,0.10492293511877826,89.70892832690826,0.8066169268910984,45.658618190334735
4.614320265784168,0.04932265651668051,77.79041756487521,0.9916733785533512,61.51524328412752
4.51524605870995,0.05755452715018165,111.03295412850473,0.8054985315765114,47.28825966874952
5.1117944559440165,0.022069288115355714,119.82142633194849,0.8004104083041282,74.00800495894337
5.049947938134538,0.01238112513644115,114.81368007847193,0.86466811376564,80.95794920892718
5.4628209101839325,0.05724546847965578,106.84750179255015,0.8444906337551137,49.84898761286295
5.073042523141031,0.09296931289520931,82.94185865718197,0.9147172724196422,71.6722112599314
4.878752852156209,0.029813616922043165,104.1080154520382,0.978841775368216,77.41916255322657
5.0005384618634325,0.08562745971701131,115.85530287288752,0.8962215344878629,73.46247373311085
5.035312225538288,0.037206685241403276,88.2752885120054,0.9546602417633941,82.56593966555958
4.49847161800155,0.05117997635260067,102.37972842790012,0.98184540769579,51.630235938328674
5.813099493300468,0.099185877281977,97.09076821460154,0.8378799307212416,23.38467060264003
5.155961305430574,0.036438342572052904,133.2473333922097,0.8976621772244012,69.8050804936247
5.063002492406777,0.013867244984619024,117.03096270529049,0.9284139999197459,81.00494743576641
5.184549195283574,0.020926240282503252,112.18319223496783,0.866376647584069,71.89732596879468
5.212823294175982,0.12111062814860431,65.6661253206913,0.9479504221976851,61.45640403903504
4.957833954349271,0.04632738895768402,103.45674653535167,0.941062995044365,78.99651416465576
4.81062765912779,0.027180085795966546,96.8997314215086,0.8842188568302839,72.55505067272723
5.179835205896511,0.038558383390061846,96.72685778860254,0.8175907506848923,70.10525937253766
5.115713252159436,0.08265318634644564,68.7317305451672,0.802313756696516,69.8323289978806
4.757032970273178,0.03187208482041627,78.2446275540486,0.8738699124321702,70.29410098656678
5.42571068341018,0.11269170787511106,98.63965024188434,0.8164137690235197,44.01791317040452
5.088005610896895,0.11782313985453556,122.28711556380922,0.9563248886416522,63.94397858445811
5.21894580868029,0.09112975988949884,88.18950860321154,0.8668651566537962,61.712139768512564
5.417576266303976,0.04434474055809822,92.00122545791466,0.9332196551583394,57.75798349542205
5.006566646349451,0.025929721152843702,135.62183990572416,0.8692757974600918,79.53987500473583
5.095085602095234,0.011227078247911856,94.06355221664327,0.9591876833656037,82.38820058274692
5.243008171551835,0.11453649242970149,97.4242095229284,0.9776824993239562,58.05026487662099
4.782541674859984,0.05535294292006017,97.69510435896518,0.967502829852548,68.23010521474447
5.0162154988538,0.025160180444772574,73.08989707190979,0.8968947127959707,85.88194755078456
5.037664575995344,0.06594549780144407,111.4359624683023,0.8167903221739642,73.04051096671179
4.713182434494982,0.028864860657365418,86.94247762831323,0.874342221158686,67.2538136314365
5.695291036602163,0.019946443323129292,99.39858765920523,0.8848911989410165,43.04853651830062
4.57781196695228,0.05599340186877545,108.88745928835596,0.992050802171375,55.22197785141236
4.610568828893853,0.017230323725883213,138.85115178070785,0.9130994610414191,58.42645521750629
5.394267972711074,0.008696731653710012,73.64459910907513,0.9281692465792883,66.23833690995733
5.213979875238962,0.02046450341533473,117.29964370132447,0.9564007162004148,71.48958192723791
4.692210554755767,0.0562961805824201,117.37446512347935,0.9136404934420678,59.623569554476404
5.1821867045305074,0.09463049737320178,87.23570454441453,0.9196969218365524,64.54459110447888
5.440355133499193,0.06544445181846437,111.99007696103963,0.8490655594669211,49.5443277105132
4.990921082720904,0.016072037491510278,132.86872302583782,0.8117733215122551,79.99305346718903
5.779646870022375,0.03844575644145972,84.70057581575117,0.9442771758218071,37.86981026729959
4.482781456739589,0.0231553560746012,104.8293959427031,0.9697369394708852,54.40538318833258
5.2081470361577304,0.04660644773154504,108.0960272787957,0.8824000366650208,67.35860867622526
5.349958500866301,0.03991163923461362,110.683577099071,0.909782890649642,60.14304416591562
5.267403170481574,0.11283361689588571,115.38583521432025,0.8614570454671407,52.721324624633525
4.938693282006305,0.0216213302093502,103.32609656504349,0.8900441186931469,80.54667010633436
4.912867555396655,0.059709133986270035,110.26872372696005,0.8417779452532911,71.62436975822864
5.133243551326177,0.021513433555430953,81.77052699752554,0.9519773616209922,79.64086641978203
5.244726345995621,0.04068560994866251,103.28006987279115,0.898382357555019,66.85321791178465
5.1807420308847085,0.06318027534431439,90.47317468638971,0.9094313106422158,68.81974558947567
5.312017367238017,0.046243249586256446,75.40342189691825,0.8074176156522447,62.95048065113359
4.694339012879979,0.011454497326262835,89.81710901126199,0.9244796784586695,69.45004884190651
4.93166870626291,0.0034417867072089395,105.38912784396116,0.8405311624015579,81.65556483332827
4.717995220362874,0.009388284919222663,108.71594552740386,0.8766789288729745,68.33345450860816
4.884166167174158,0.020413724717116017,74.63081758154458,0.8825431400191684,80.17569236511096
5.304566267544292,0.018611751067077114,81.24646566550258,0.8897465194976182,68.60454511068303
5.032395176217569,0.04938765405007184,114.49312559386442,0.8454872778229527,76.1085743165077
5.782057748944931,0.0769349473347324,110.16296185231727,0.9700220449431282,29.920437676725122
5.058021910156915,0.0007299511751520903,117.74205324092705,0.8855700301409245,82.34638799303805
5.017907564173921,0.028352155208457207,127.35660854353121,0.9224268915816523,80.38559984557608
5.031854875832065,0.034264097558374715,110.75774219181197,0.9227875091387546,80.32906877991381
4.8086573921420195,0.036101023982760695,91.70384745658255,0.9213969348842731,72.36184388313427
4.982649016286722,0.038690899854921204,102.29698916163834,0.9118636017899194,81.16287911859968
5.338336408133494,0.06379200822759239,133.19794201854765,0.9645251496529578,56.101723069055886
5.034191200438332,0.009434626234599605,155.28897995570773,0.9625235627494378,80.25490729792814
4.761962081034959,0.03978557662084767,109.26192731484718,0.8834289145209718,66.4922739279051
4.722474613856409,0.01639749337371565,110.71108277622614,0.9271692096261244,68.36112874022709
4.864939432500247,0.0022539323150383185,114.51416733994833,0.8205658489053373,76.51817634687099
5.022159030323264,0.12636487068747843,100.47585691638726,0.81815453565367,66.03123259891706
5.3580759606428785,0.07227119424022678,123.27707804685248,0.8959832811042524,53.26672104279307
4.597853407590069,0.01775169979552493,120.16090585465702,0.9800408047212043,60.79317499503378
4.904052116633373,0.11483020342869642,107.08752894297633,0.9299999405047391,64.90984239949508
5.043293005830524,0.01777006640023883,93.63960187988769,0.9338432845295188,84.04981519273436
4.4498882697111695,0.015299258274945531,69.58607225245726,0.8315346624159003,54.370493464500626
4.7499205151100785,0.07843844585055601,114.648270952285,0.8906608888537678,59.57785471086816
4.796033438079144,0.022761521824055567,104.25716630452209,0.8801581889968988,71.52522516062606
4.761208887844851,0.0025845802477997004,85.24464538691798,0.9565956693508386,75.89229508184607
5.057566863506494,0.029618446351875556,77.40159470010745,0.8275648193544537,80.91435815390733
4.95183211714946,0.012905440469138312,113.22865698766503,0.9078382014661609,82.00800928915359
4.833414169219689,0.030874553144403922,67.97527356766071,0.9822703005097704,78.2215458349501
5.128388787965791,0.014320153618262582,105.9928237488761,0.9784919779304796,79.11920686303515
5.516922415293875,0.030549848003800357,116.87100818337788,0.970467421949544,52.124425502450535
5.491776955022526,0.020534665589824017,110.99785772833246,0.8749970625872767,53.813338339087146
4.4231684683812995,0.037720328373716944,92.18520451283119,0.9882201381310116,50.277941158157546
5.173121655150542,0.06265302280258055,75.01251031050171,0.9610601017318744,71.93469827416772
4.946593012980848,0.07639624927584138,111.74038479590381,0.9702282638481807,73.56667018484792
5.046546602859607,0.0002868250816125857,124.01046183906841,0.9864707588649975,84.4925490595748
4.880515089937235,0.04497073039695347,88.54533290513919,0.9874002531228162,76.97876760863352
5.035276588966161,0.04462617231031782,110.13816400585719,0.8480129926519981,77.13592226793692
5.045422218821606,0.036390935790799196,131.6303023746362,0.8255375423554334,75.16374711172882
4.826314472795323,0.003972970547522926,106.7769419288322,0.9381749887142631,77.06872836699297
4.7310897356524455,0.03140339062320553,92.06239710244425,0.9126427913274285,68.20149166197005
4.865391295214155,0.045100094453327993,120.81707080126316,0.8654853011263864,70.38646248725152
5.0702777793370295,0.0653431281096525,85.24878051684375,0.9368899013554032,76.19478399875405
5.1796989025052795,0.006608028371584442,74.03615969893954,0.8123993754631844,77.0712331333153
5.256004693202044,0.1076815507824299,116.2464238229196,0.8094416632991768,53.05167667420445
4.8517429930799265,0.046820121167913176,91.87675473032874,0.8708621168403521,72.31112827338278
5.085153370190821,0.023856696922371228,93.6695797199263,0.8387693246864322,78.72072177193108
5.28875077758599,0.07483621038146422,87.46118728897858,0.9437112101475155,61.57762726167344
5.349678468543239,0.05440540122021345,90.54365208891832,0.9896043675816384,61.596203847114595
4.982350143760543,0.007696734192112118,128.06066855053732,0.9323254827369252,83.62694129650056
4.933720482518116,0.056468489756487536,133.24997531567334,0.9309568734255128,72.84709542455677
5.057337270150918,0.06438114816901984,135.89957272289217,0.8013191146839167,69.33901658698106
4.655087758130779,0.011966757581263924,121.80241242355025,0.902455394344926,63.379118495200615
4.941917146689348,0.049218907210684504,109.32542519546476,0.9634202640350319,77.46805548091235
5.223375919541939,0.009604384496694287,71.35428816133773,0.9308240730676035,76.63783979819779
5.19258413883311,0.015105379741393185,96.24950594199301,0.845556476929767,73.46532365320043
4.918919718690833,0.0416227195415113,143.13508977247375,0.9696950496854402,73.9721672066847
5.06531546032615,0.038352339646498396,91.28756842494691,0.9928753448430365,81.0569714878223
4.752604897912794,0.03399059271511777,130.2828894954455,0.8557985695000541,64.1453874079565
5.211047644467508,0.04225213499470934,101.1007163806109,0.8414188684331614,67.71762681334528
4.976653569159058,0.03394615485837217,46.43715228293708,0.8677053809305352,86.21768331110468
4.917214564491158,0.05649215175574915,112.80971127337926,0.8126316567755343,71.53071311427988
4.891482849171984,0.011033598606348423,125.32509392356623,0.9746865346173751,78.79515245935767
4.981131839930042,0.030089255368547667,99.02008062718912,0.9858598961064963,84.1697119499314
4.865636706520412,0.00011298578772339987,124.66102008970827,0.9266606079266261,77.98836467262791
5.197442910800769,0.009224960781097514,66.64344971165826,0.9528669625706891,79.16267551503721
4.881414935595146,0.0869124815381038,72.28871472201261,0.9337301354870312,71.29375514253253
5.477889228808214,0.08218843507632483,104.09728616171375,0.8754708458579739,46.098069311046515
5.439563151044414,0.06383799945771321,109.54229455635064,0.9264084724108532,51.62445101126018
4.732536953043649,0.011027043772283033,127.13157737184557,0.9672640341750226,68.93028356309237
5.020911280828784,0.01750190888215605,112.77848933497121,0.9619814820471534,84.0818175253955
4.804803013599141,0.03307887420327035,76.12741821269914,0.816211505283335,72.0378379698547
4.902005731043417,0.054480480617550134,104.26091244148772,0.8925201921086234,73.37258436799618
5.600728240293439,0.020801153597310152,112.01454890576298,0.87946429279145,47.22396350804986
4.90772857486526,0.0224569823256496,62.51532002605742,0.950401749155973,83.85167012358187
5.108067811123228,0.008930087090745257,99.12733060523969,0.9002751879091567,80.26918896665369
5.162396388202484,0.02020688440803443,93.2883491212355,0.869940221713884,75.29515356879995
4.699811188255028,0.10005593428196345,86.9061385250851,0.9412699521186403,57.11506634287146
4.7434713576772385,0.10985082582489772,109.97554103505345,0.8947157040671798,55.0274175647379
4.638193288577565,0.08109967613740317,77.00636946884153,0.8513248055505951,55.45250505817116
4.734208779830667,0.04721613523828681,108.33759024007298,0.9780833845220451,65.69801517053062
4.144990967204845,0.06293317195387874,111.18982258417789,0.8226095696306104,24.592691373403312
5.163374720238089,0.04714926011955526,121.67526620521947,0.8036175413770974,67.02995197480138
5.616258152376821,0.012905674654584729,77.5316147441479,0.8287822065296079,49.91114231538042
5.044346221710958,0.007795221892072926,69.89531563290905,0.8327286506994689,85.83498486423005
4.575119342197818,0.017413732738884777,105.57807214678024,0.9076084400095131,59.48946220654858
4.807167085130016,0.001013201557941431,94.27457532264596,0.9249731001274075,77.35004934439328
4.862336946492501,0.040498251433358806,158.05300524987442,0.8897222268117598,67.65462308579401
4.694724566835987,0.014260558918272485,109.16996952485864,0.8408342490557952,65.44407820104838
5.258054791518547,0.05514008556525349,101.16323423408363,0.8264381797587851,62.658139845866486
5.2430780133126005,0.009993272288593117,96.54344088647169,0.8984303938247453,72.23059214580275
4.653364461854702,0.04242908445498823,75.63876309121102,0.9130966175239624,63.53556108439202
5.217524313334253,0.030340818089570194,111.27763105909195,0.8607922743406948,68.485500867414
5.458043799073179,0.013970978047144537,98.41709947458403,0.8440879894681949,57.46177519044306
5.570767461568868,0.03452901739372687,98.43372633141131,0.8161185453694855,47.05359797105749
5.859563606925788,0.07407903641823911,101.88886650997311,0.8052488973984466,23.23041941868846
4.729402205167041,0.09947234680523541,104.42425059834491,0.821147286167236,54.82380095274738
5.8472661279185605,0.10640022945102452,65.21488708164956,0.9484158824567881,25.6508268482035
4.893738083447364,0.02170970469368914,116.74046012741863,0.8688037300307779,76.06985789066213
4.822260363385846,0.004845696144399302,83.07111250368155,0.8054837830803805,76.41133179273032
5.098121712463354,0.04301639091907415,97.23935605062745,0.9016330543708689,75.96896409669228
4.825381599772096,0.06251772520772647,125.71809841330578,0.9072134533777251,65.71769643139072
5.119713242193958,0.029104620340010785,135.58897184540228,0.8857377559224787,72.60737035127023
4.60397684367881,0.026517860132855498,65.99011122747217,0.8221365624070972,62.104651726194994
4.92837421938097,0.02424441207633336,100.60489655349298,0.9509934795211927,81.02517128648276
5.385674670308504,0.03888092032100465,105.45826370332072,0.9378163176473239,59.23788171595349
4.982881612570654,0.04218378634440581,69.84939947617107,0.8789458276543176,83.2393054080476
5.042478736021965,0.03692972165579313,116.0518272883633,0.8761630713496136,77.82989628846906
5.1425775814151935,0.029682765831574635,102.32525354828346,0.8311870229891887,73.38414534530763
5.351198488795298,0.022786988666318394,103.88319191389994,0.9507098694175499,64.1359205692954
4.50343258634317,0.05323815448621813,81.6489416331613,0.9199147808679533,52.4536334617004
5.17535721555123,0.09196613332821126,108.25773286762697,0.8171586891025892,61.20104756298359
4.919558258227471,0.09721667434856174,116.76447912779875,0.8756126916873828,66.42680026233178
5.049991368593552,0.09022410254401621,102.54595767451868,0.9807121885137006,72.82655050560662
5.317985050928713,0.03395809084522461,89.72128198073892,0.8904749203312453,64.66455352604454
4.641744004576447,0.008661960167492763,91.27861363907272,0.8649854998601154,65.37719488275793
4.696206667567073,0.053630644554492124,104.40791414251932,0.928756815089719,61.862148258393
4.4193710120858585,0.12976334453998084,100.9759475676126,0.8405944755368117,32.41205379812936
4.835252317470867,0.01859378380290828,118.0964423823879,0.9047606796414359,73.61164083240571
5.399129703313645,0.05961975197078673,90.39483424951668,0.9339045507127292,56.74786259486622
4.963823843457959,0.06972590580142385,75.6323879451835,0.9709756831950156,79.22681960664593
4.597962531303565,0.014866482924872939,107.18772154641006,0.938500860555574,61.6990244959534
4.854296376627486,0.004958235652248387,90.44940294002593,0.8768819594337129,79.00674614448359
4.553641488952813,0.010807406444631393,115.67363898072733,0.9535600346696622,59.1012151657946
4.6624441694806515,0.0003662673236957785,100.15077260915201,0.9796799856141684,69.2702325216529
5.116645673079114,0.03159132753642176,113.09626408729645,0.8955527249319879,74.86398857469999
4.647838002108191,0.024462608123545903,79.71365906538423,0.8009001570966565,63.247526143354285
5.333790291560991,0.041718846101418405,102.86772526459642,0.9761836051903688,62.95165516847552
4.978663912750899,0.02658076866363709,86.01473585232168,0.8330883983217502,82.7930138467112
5.025678411183358,0.04457932537952368,75.5925269384756,0.8252651009960748,80.71844584814393
4.916488109717632,0.03070071948504184,82.7778424385797,0.8615357131480064,79.33710867940378
5.231854351563117,0.05521693005737978,89.11045816448282,0.8759967490781523,66.4150885627208
5.234947966333103,0.06391069990774974,124.89389054047703,0.9598753396373304,63.02463477255025
5.1005163055736515,0.0670858309933052,88.58119201014681,0.8778366770226258,72.60476135602296
5.1694367317722945,0.022715482520718134,74.56919499443553,0.8097642332708367,75.16483888152779
4.936373099023872,0.008431202125498055,102.62954844993338,0.9271923359981223,83.19859749757674
5.162660902072714,0.018866123725632948,100.58361321355349,0.9342442046860017,76.0369500891569
4.898636667357858,0.013504528690901674,90.15893975979604,0.9628441841664207,82.13351044518502
5.000669486648721,0.06560118354941528,96.77553068307746,0.8797732161322264,78.03756452300125
4.917606875190111,0.11899741841452993,119.52454171993142,0.8172142152415355,61.59862988206473
4.862834438204241,0.029308097779086703,113.41411530798354,0.9106124555389106,74.24468920537133
4.793266460683463,0.024217051609910563,111.68460413747462,0.8241994765155014,69.27895901608375
5.140307031157666,0.06247281275521656,76.3264243095954,0.803415064604862,70.64631507839528
5.393181773844039,0.0732919877601718,157.73096123430645,0.9557166943702691,48.756533169306636
5.351330591500868,0.021423447021920523,121.02504420548443,0.8806821200676769,61.217785437464954
4.623030399216369,0.06895179127337585,110.34057126381744,0.9050010344124872,54.10501882384378
5.386760915422062,0.012157699860055587,76.7137645120558,0.9325698405537068,65.95071045553648
4.904552449514622,0.04132802899509827,118.95460225468216,0.8802055333422477,73.78259306298929
5.180219904543677,0.010709719495011085,89.97742979401343,0.8102263184954792,74.78713119363593
4.7281354003858365,0.01696572833990397,96.11458390728069,0.8505487315415922,68.54278101226836
5.042593974162202,0.025432614095772927,66.38441447881434,0.8388682382675892,83.76839275337231
5.094116954869072,0.12480806380254755,75.17033828118981,0.9954788041648531,68.02431539265162
4.554618562424104,0.003934819050397283,108.7709299765427,0.947901090805092,60.76781970633424
5.182480149903257,0.03768296757132844,120.1246935054098,0.8903099996526386,69.19247651261712
5.403780502351495,0.015318934046469427,113.6980883959007,0.8126734792915029,58.358990498179885
4.947605616295512,0.06539303188522456,113.01637993485897,0.8231701044956542,72.20914629137421
5.408050439248404,0.02087071244991155,98.70467086080586,0.962579913854283,61.767497968614094
4.943091951964278,0.04427969600220012,91.86585969267576,0.9890898187674001,80.53877312360709
5.254875359313985,0.023575529716657866,105.77790287130787,0.8062700368950657,66.71875943443276
4.33442901021467,0.09438442232017569,116.42816646200548,0.9820794245376552,33.90684910940641
5.725633333794039,0.04808555139592217,100.09724509867182,0.8761127426771984,36.76169760664613
5.448637473572887,0.0723850784438805,124.2050403982681,0.8427265321307348,46.65801642183257
4.914612348723896,0.038258031623758466,95.69861472367985,0.8204464714826382,75.97710413715475
4.408373292006854,0.06124420188643921,80.39442129407898,0.954349788390639,46.36332087585026
5.086408510491647,0.023652627983861373,99.79275515917999,0.8937820970363628,79.16396159773124
4.566822335877873,0.0045705208344781235,102.11944556519137,0.9664847563870513,62.44151259872256
5.133456061267246,0.0873240297778015,98.35939865447182,0.8452314306849924,65.96272060554766
5.123469715749285,0.0979870973641982,125.61311121764523,0.9357136073664849,64.04671347597835
4.717579049299393,0.03735327998595385,116.10603961448078,0.8236243409732257,62.31363381808692
5.336290107084313,0.032486803393190614,71.3811802275658,0.8179501368269539,64.17045777974512
5.241672410841852,0.001547190024261371,130.6873402839657,0.8266799700723504,68.73244221890008
5.292747001186569,0.01485157346824308,45.17165878341655,0.9617802601120614,74.92588323246896
5.002657311100669,0.0342419847677725,143.02048745704994,0.931123947086528,79.02469381481956
4.575342779925888,0.0770481466182704,94.25388972886248,0.8331927783867317,50.201811397661125
5.293361681663341,0.042583123664209695,96.20864526697,0.8769544421370371,63.92905486661184
4.918888580259263,0.00402437750404825,98.7996752205272,0.9527372019512914,83.70443470692163
4.5830659570422,0.045743058996758,107.70410865680361,0.8571348778827774,54.494785264993475
5.405611809792298,0.002001191320954946,99.99473597466314,0.9842527424626192,65.04869396610498
5.629822256150753,0.0406057150365301,97.33209622325465,0.9829205582700514,46.04500891855087
4.987625561306239,0.08982328502278666,126.17836618712371,0.9105801651389447,71.37780760902288
5.647736346380988,0.08385798296504139,111.311921595017,0.926394853830423,35.95382668949127
5.0273944185834045,0.05986261492700168,80.82392291258478,0.930643670677566,79.90742376823833
4.885863228750095,0.05695274607852342,114.81347828671448,0.8516936915510152,70.16140781557604
4.810862463744357,0.08141638552722308,110.48214006366678,0.8730642777447974,62.852361544107225
5.491124722397823,0.011851280493643038,89.09452548837562,0.8271882220979769,56.38913647520617
4.765956835583668,0.0408835688803242,115.84276852724322,0.9849742683307738,67.94008331686261
5.2205807929924966,0.05476346135443737,96.8485479755392,0.9447698877391104,67.7611761745129
4.832250849482238,0.03820850315712054,95.56653055749798,0.8092712532665296,70.83254750494697
4.861907971227691,0.02995934514808291,95.02173765134131,0.9098774900195834,75.91595253670654
5.30907490819087,0.04264998785841968,51.43763886095201,0.8686147469475919,67.2865383826415
4.885988946113194,0.010625925625435888,89.46601334130797,0.9630575754122819,81.87999809709112
4.878561386173912,0.040204347508559835,114.26346484251202,0.8687600175667026,72.63188491123358
5.339841409152442,0.03307364864618138,99.55177514192474,0.928830024920179,63.26989113813736
5.479219187966487,0.025781039521071678,74.29627140288501,0.8331480666913146,56.613026987387805
5.19340694098527,0.028293581712754836,119.29262510384075,0.9117510979298118,70.45730573218276
4.803569067312815,0.04132696450132715,94.02799680913209,0.8587771465107099,69.78784261287083
4.846817450210726,0.09450717979417385,75.56849018676954,0.8329776844725026,65.7356747142906
5.023974579122012,0.012572229254970882,144.1202492334203,0.9238518293872913,80.74070252883747
5.096279018577698,0.02650755309927923,78.93654811024489,0.9277282400030752,80.90803590948326
4.703640226958068,0.12090483664177436,117.5898302257142,0.9966707562267574,52.25712022318167
5.216911381873959,0.03938005586886735,84.61371798290791,0.9338212119322231,71.29336114758604
5.02565399889188,0.07956175975903709,102.71653669147643,0.9031419877054256,74.31768218759252
4.485287504408561,0.07354287989562411,81.95638073263649,0.9825241686169499,49.54066357924538
4.721322055261781,0.06271586695868916,75.21391637452683,0.9656561637376911,65.66367490920462
4.848761397904501,0.08458739253663157,110.44405089342818,0.9097492556880358,65.38815501819323
4.978142693347683,0.03402874829793095,108.105810902688,0.9022698155481614,80.81906457686578
5.566783638651199,0.009146474779963373,122.89298888438128,0.9883938371431753,52.09958831835896
5.071451391841888,0.07472866456102838,99.31236139408274,0.9234254087917861,73.04088884175988
4.747768433030412,0.07664211058564475,144.40703588252984,0.9427558338339014,57.78420248240307
5.0661892412921485,0.0752656950746644,105.36693334874072,0.8173358084294406,70.54881409498617
4.894373675763836,0.022225104115961826,111.33549362474425,0.9436611242498518,78.06832805095848
5.097427471860063,0.01580972568066633,72.83141509785543,0.8529363684413367,81.55847869533747
5.1741703061106845,0.02956811270558056,87.71831369754939,0.8231075846412584,72.80488505059208
5.362769194167181,0.0671115008783918,110.39359401031955,0.969933221761062,56.52642825239964
4.992714051298992,0.07121758949299828,98.31544475172834,0.9382382173305492,77.81342452542793
5.49168815827995,0.0014838063537297476,103.75366270069271,0.881512862447626,57.53103052902679
5.272406798760858,0.0357686448063695,83.67012488571612,0.8862833452416133,67.64894976965378
4.787768136556344,0.0454389152242978,102.43893946943243,0.8394235444419633,66.99482785163198
5.662956699724539,0.06924750515029256,102.37091783183472,0.8019101990932551,35.63658444266541
5.09809835398103,0.019165437836253175,76.39129960229522,0.8698718279138754,80.99758968374825
4.749462648808329,0.059262767978577366,112.8509968936118,0.8296828719365171,61.38690148108231
5.495873915369127,0.037465228869508094,65.99870106164062,0.884345359137463,55.71481782401138
5.623333275559533,0.0715707953217004,103.68476161195368,0.9667650175859916,40.831208358697424
4.990092420884132,0.03609175950113852,135.31185387651,0.822950872680544,76.919613393837
4.848904921887321,0.019067884780847314,113.61101075638165,0.8183507204272293,73.0800259290186
4.948287512763901,0.05456781905402627,113.48598492074208,0.9804204439931123,76.97188829551817
5.21441951825531,0.009518084590266537,82.0514665010263,0.9490279124876646,76.48252781579208
5.383356996509154,0.05747775187225641,135.38124106305722,0.810613973123518,51.05107278477692
5.171146199259072,0.006294426230963927,127.53436189204578,0.8159140970515169,72.35190986163687
5.030516962541531,0.06605235628148315,83.12819954208865,0.9369848456297856,78.68800576367249
5.4494035310913285,0.029120812024046854,90.50473516370246,0.8740688404295373,57.09856962313376
4.9061490580845435,0.0015207354343642204,125.09312089853375,0.9448346591088884,80.52821426224237
5.309275801510072,0.0884094511874289,135.92294756633515,0.8808908138600956,52.207555751849746
4.9135811604946165,0.06505718152646124,74.70627929819423,0.9935573374642335,77.45681122017305
5.129306887403268,0.1011930706161071,79.92578460550847,0.9388833224521302,67.84771415187963
4.965931230562864,0.10268176080149292,97.12426487155662,0.809323152969135,69.02764628577496
4.983244345204157,0.006737540229545747,56.5781194111497,0.8661003549754733,89.64822483621204
4.886784044761337,0.010575657012058528,100.38090320418847,0.9127212372272059,79.83702855799673
5.403456209354208,0.000563996216526922,123.71487028059968,0.8283747276400715,59.90403553100994
4.780122188567439,0.013575530265053825,71.22725967528501,0.8005040600150591,73.65835700706097
4.777930324235387,0.07207473546682293,102.54213929950174,0.8158616264643433,61.927627733436495
5.636298069753533,0.01926261409915788,88.36458590009374,0.9048526955392336,48.19331902068965
5.2933542693963,0.04427827968555553,132.79891897507835,0.9264510181771142,61.006130349423124
4.284465890392089,0.01829140592328363,88.60416275733898,0.8185806751388426,41.835439762075744
4.830422378236879,0.12578854047814922,130.37986175497167,0.9330313047811226,56.579701542615624
4.456403198731384,0.005467254816535431,88.05089858377545,0.9234248314509352,56.22751047204388
4.714792791975423,0.029738700281403362,115.4235161066826,0.9879793964022525,66.64399879369168
4.058445600129788,0.06533241929046416,105.03891236725399,0.968135098312454,22.565683843741365
4.958903126691817,0.03401456459829535,97.23454666971396,0.988648372747793,82.4815156997492
4.657417454251607,0.034624209397114795,84.18942861892049,0.9932215246313532,65.6969034762642
5.0179715770389315,0.0018798783155959987,106.46190842635787,0.8881617071959245,85.75676693160742
4.512463622335242,0.008406101246938368,91.18929475030177,0.8975821362556021,58.319615403155645
5.024873555951612,0.028000526109391414,86.20467550383724,0.8563243936578202,82.81352804926723
4.875525116563902,0.06230225044447038,129.4544548275144,0.9016864805189674,68.27445355479148
5.450585889556579,0.06707458283070479,110.95060454986455,0.8301429396398424,48.411457539809945
5.423407058523687,0.06855441691911011,112.87277903814406,0.9342861921516397,51.710859889930624
5.235603680903085,0.05018491923726212,92.16802962775475,0.804986506933006,65.21896843611022
4.902015865801636,0.06813036370383262,96.28043305833391,0.84712555125711,71.21586511183209
5.595614118578088,0.0023091236893909434,95.02846665297777,0.841614339638263,51.24622445937356
4.534089416648054,0.041593434406654015,106.74477825001955,0.9875778142844108,54.88342829857138
4.578932411130901,0.048964932253981824,112.83606903685012,0.8289803503415699,52.687204932903164
4.974865070033281,0.06643837675378875,99.39497259376857,0.9781550901566188,78.14975223268405
5.676211432676336,0.001903932405176844,84.14710011638718,0.8248716442736328,47.22444705247725
4.939298327938974,0.05603052743394665,115.21140914053098,0.9301395972560925,75.03497159231517
4.945026427037216,0.09425422473346752,100.66807736416672,0.8639771936346676,69.77618804848949
4.5674268931664574,0.04602981448733001,71.18327242458038,0.8632004737093983,57.28682364861788
5.283778875581113,0.08462044652343645,57.29410499840624,0.999654220024293,64.54387438726297
5.285952876298806,0.008816536290104192,105.95794350920947,0.8452085715585849,67.82872405880677
5.236722560419973,0.07311066632244238,83.41052402244593,0.8405120135868885,63.29923429592844
4.811233798145791,0.014943309022099682,108.62124258792906,0.9178669498195927,73.92774627303145
4.787987969488098,0.02617002362625404,84.4876338227213,0.9481504794057146,73.86802083118992
4.612063324878509,0.011701913426353764,102.66371544990014,0.9965009047046895,64.63215902786126
5.02516175052828,0.0014624508096176304,92.43196944075817,0.9402827548474921,87.83338549973458
4.6758778012164495,0.02894658644690804,135.0384162054661,0.912374213250082,60.9543227504058
4.646775048425213,0.016526697419371267,119.00631315637288,0.8818263435516176,62.06339384800216
4.872892784926798,0.08798696275185094,126.9459380037566,0.9190225617945333,64.86138011834522
4.853253147444735,0.04122742998598346,100.48095538238132,0.9201669993505384,73.36631879755923
4.838606441353414,0.04288358055967931,116.44721878229763,0.8435422987728648,69.10997349448046
5.139933379052079,0.0782578561947261,101.83300155202284,0.9342417123067607,68.36685291859929
5.023714340645084,0.000561562478520912,129.39182734867452,0.8408847581328809,82.371417617307
4.913553190846665,0.04309387216792426,98.54875869487452,0.8979909646790718,76.45405404970525
5.054903878493445,0.08034851623161246,72.05021319278413,0.8519739025259825,74.48794658689269
4.702541887668611,0.026792087405405625,60.027569494921224,0.8625602047459502,69.38214729473268
5.0315835871729035,0.026967560394946424,133.3662223912903,0.922775403999206,79.1787365512389
5.04518074785339,0.01166649607651182,109.57008948301718,0.81289702294756,80.84011222796931
4.549085942192756,0.010842766655178873,110.88513700083483,0.8024069630648455,56.27836709450194
5.298708126311109,0.062336116938542185,129.79295684583164,0.8261240019095287,56.270279234159574
4.735569888431901,0.06923278990688052,66.96530112548089,0.8337413956148996,63.727572619631914
5.02709293976193,0.05919117028733292,92.82797569536385,0.8395745936091268,77.0044423738304
5.3493235221605815,0.05964808027227375,95.27860340769934,0.954786214042896,59.66124056961204
5.2777030273141605,0.04845147686298795,114.8455046641403,0.8893715934075758,62.37297823343966
5.010300016570651,0.02657613650390783,86.14719549798235,0.8939872267688544,84.66060351575364
4.891250299135379,0.01123101578395097,75.9725251297042,0.9288668325711087,82.77044971898185
5.28425357257267,0.08051619249707766,75.79302698005786,0.9458217536825695,62.20448914672377
5.202408493342586,0.001313956475478318,122.98836152544041,0.8007016699106873,71.37359417379282
4.814490493986761,0.03849896069403735,85.14935812393765,0.971345067161034,74.00655106592697
4.761531905899493,0.020200649897712326,88.95965031356377,0.9976869694548216,73.71959122705279
4.378293445491201,0.012964951842522523,112.68996301455809,0.8243614864476844,45.971097380591544
5.0462095525050765,0.008192271607138675,86.021091835302,0.9302161167313807,86.00079925972202
4.97519067649448,0.020196918836358182,65.90103154488716,0.8004827508801954,84.90145462733028
5.340857412392762,0.059892591273915025,68.36597652550202,0.8098058972349165,59.92418685749513
5.10771652804411,0.04740171257725147,98.86385206569084,0.8570002040172111,73.68037030454084
5.400268758251807,0.024961481169053647,109.94656860730443,0.9692808168839269,60.63061180648164
4.790790731625148,0.02662540484210906,95.9550951229916,0.9305001802875474,72.46812726464434
5.3414450992902855,0.07053997891598404,108.60885407618139,0.8891641863944654,55.854695525456435
4.841325086268603,0.002051191026180437,67.7432494798473,0.8877196947204786,81.15189546861397
5.2332788185376815,0.032784976902407136,69.09392918063784,0.8932107148706253,72.04034573172676
4.562372482240792,0.04143639966470341,145.07871832588484,0.8622066215602008,50.263149583357546
5.070540589809856,0.009784639569991708,124.6556854427336,0.9755429035251029,81.34515820213856
4.404593617566227,0.05384441022403577,115.37943783797036,0.9135738262399595,42.9324882613704
4.919858754217474,0.01453418713819796,86.80550658531122,0.8967899927051706,82.26664637789102
5.132106198163374,0.020682645603752835,95.23987618539098,0.8930153206314208,77.30755006372394
4.8437094346306715,0.03258269344932768,99.966453657328,0.9871652933795885,75.48182256230011
4.68486871137321,0.06634998143670844,126.28692227433048,0.9447323856439364,57.405580952332016
5.2538355407887805,0.013785900120776597,108.05565532890184,0.8289629109433172,68.47567522053284
4.968961163045923,0.004341093625914876,110.51827602575602,0.887394033988653,84.1825588160656
4.853128805890798,0.013444824586460739,96.64690129765,0.8576744420829047,76.65980337737189
5.012568776346283,0.003390114192903332,115.85330133680169,0.9973737315460325,87.099500787528
5.791000742583677,0.09131171290398823,106.04645494862547,0.8830791412626362,25.900135839771345
5.346050854934463,0.04863626596649111,100.8804546549136,0.8135740206059565,58.124943755586344
5.348772100456352,0.0365544872584421,85.13831655627457,0.8822424002925608,62.72151723407633
5.130663895697709,0.01002234827943373,97.72856515796735,0.8642700561211871,78.16935862284939
5.0499455817731445,0.03863836121382011,78.4093459244009,0.9199165294156496,81.76490690741122
4.281175313500875,0.02532538904663852,99.1972198802609,0.845215635045806,40.05630116594676
4.79630589606106,0.016267002040737843,101.77822715929798,0.8071947299398764,71.30437534042066
4.855827676039258,0.08724798330870745,51.90963230787372,0.8191760750317784,69.45502133589756
4.43753238078574,0.010668781423659335,95.39320921798992,0.8566295179068731,52.244895069933975
4.65277526293537,0.06773334080146934,76.48239590790814,0.8696645263066216,58.75156559124339
4.4057490587232095,0.08276615947654693,109.97278651033389,0.9668901080089466,40.27054311105608
4.988502849290788,0.016673104558448216,112.7431948710199,0.854013936802877,82.61516452263564
5.245629791254645,0.024498127827857073,91.47320364669365,0.8062986106952093,68.56614519977757
5.332032355587298,0.006193395675941744,110.98044174243832,0.9561466966405708,67.17393907193842
5.124435338623773,0.03443138603368125,111.82133872670121,0.9737835140177925,75.66270818520718
4.710981097640429,0.02605169392513712,95.40568321176464,0.8984612474801056,67.17976839808084
4.420380452444012,0.009717404407330677,130.68573950607316,0.8569854461512942,47.83635145795967
4.472939390179549,0.03802900079431508,85.49850125986997,0.9544279760236832,53.21072268611237
4.61930522682365,0.08984717281164106,129.42731406506334,0.8017796813363981,46.77409990789449
4.733342090589297,0.06087424903851596,95.49601141633589,0.9848056458215789,65.01589985437843
4.952075450602524,0.044461988770617814,83.13347293548065,0.9731063289754622,81.60400800651995
4.695750734561909,0.0783024206483959,92.96903048391235,0.9089666419909672,58.88211076788329
5.101692768100478,0.04216879910511876,78.01221544541353,0.8555162375819577,76.88221725530128
4.930317949160158,0.10613138303522747,115.69115734778406,0.8065689765497995,64.46163329054295
5.003163713522308,0.13052612581567585,67.94462043849447,0.9999647500393725,73.43609127324817
5.342075165801361,0.05446912714878127,127.79217107537653,0.9524147446077368,57.57419876421821
4.645930479739889,0.012032071262176786,81.2826559650708,0.8677419751616318,66.17759200179235
5.12561137348771,0.022489750151147233,116.73306743691909,0.803854394327757,73.49363621092854
4.9958080314571784,0.060056429195597685,100.48451722120936,0.9278583456921542,79.24873269981319
4.899954115709091,0.10548529503036654,105.41630566099192,0.9973808011503391,67.5804381448981
5.265576896259788,0.05876153644188768,88.19913257445272,0.9414145417265335,65.25953333521494
5.263704246367102,0.0014404024369236816,107.05616000666265,0.8167428817139611,69.59092648604826
4.716052761203471,0.027173491220407815,102.69948577101728,0.8804556744347113,66.2263069007396
4.945351824842623,0.02723138168947719,70.84177863661344,0.8218366925455116,81.98895822438472
5.08436350477522,0.06365846461907941,80.74999994133483,0.9824321099201896,76.96306222489522
4.918097975593224,0.0006473486883136169,89.18175777980387,0.8660828941905162,83.39225833817635
5.1755063996863395,0.005480850417460166,84.900069637471,0.9466753058681342,79.09098760981618
5.084357605373083,0.1611000124919199,125.05621890767303,0.8169380716018214,54.60668134509616
5.549768372106803,0.0739325972979863,100.14028367694999,0.825682939159088,42.42363849438061
4.5409162592210635,0.07750643391968161,84.42657304720237,0.935897532410137,51.10430380879407
4.963269203075781,0.053014295302940606,90.1846035199392,0.9686959896724339,80.19946733056051
4.7274492465463425,0.015359433964673024,89.91073832905866,0.8402899912662558,69.15776569049883
5.181232236631713,0.023734081972711953,94.23901055989869,0.8836674491994128,73.81540143418881
4.514848432986336,0.03005687789425748,78.49341190560801,0.9238834069406253,57.01070124329326
5.103893813067466,0.10001986494446473,83.72137778805362,0.9592552678520545,69.57635905251806
4.810985470595497,0.09051561532953227,115.3321382232842,0.9256393220758562,62.06135855548871
4.779751440163696,0.006677266869202687,103.70686206733826,0.8190851841285154,71.79451385527781
4.566050538937794,0.10919593033037425,96.95324906919599,0.9085638656668168,46.05959519312822
4.8604772161396985,0.019787395164002894,100.052456346302,0.976921336295314,78.19370478505755
5.325350159087278,0.14946948586945244,99.08878486849179,0.9736047442047968,47.62178397159222
4.992443394941156,0.027234306526251823,95.81737790536712,0.9170031215501923,84.21978235799872
5.188304125362342,0.0488096375164211,110.34209677414958,0.9991392413541678,70.3288820004647
5.499392546589883,0.08999517205847793,108.86319971695852,0.8210247444768711,42.071346313676905
5.079126675446773,0.08388166749039047,68.56474053545568,0.8957190714783306,73.72805672565612
4.832360128381298,0.04553660330679468,97.36875628181514,0.9550247278705482,72.47473613608813
5.140175664554837,0.012942984027808208,69.88361201318469,0.8282076236228318,79.22380379367672
4.836711156105713,0.045706634999655965,112.71154406911413,0.994549952296571,71.96651875541437
4.848673195010849,0.020809208593805754,115.35333113700567,0.870809309036729,73.6798634786141
4.5440321601143046,0.027606685943205794,87.78442204716607,0.8700279507957183,57.12304352657517
5.277877247325318,0.03546537662489975,97.66482089330569,0.8426388602282413,65.09385378198023
4.884199227305168,0.06904408200401507,57.77119405755508,0.8576034928133189,74.07029178821871
5.054629473744758,0.022521338206972153,119.45579628184053,0.9155177800146195,79.70880681637702
4.689211421418008,0.08311389453358362,114.19347480502805,0.8858708578101909,55.183670780743974
5.130784288914642,0.06629023207980296,123.00170523475052,0.8386756356653461,66.68275004298292
4.771417628559475,0.015904385213719587,129.730882806742,0.9618279880632938,70.16287141210226
4.957487383489453,0.10734948490877483,75.5178141404645,0.812447861424812,70.04399608750074
5.263347809371738,0.008453069542328686,117.76088403276883,0.9669305489000544,70.49369358107063
5.237227793669759,0.07589163308990117,129.5860888883692,0.8549877449295825,58.523733426084014
4.993390978244918,0.0891050647100481,70.10844257941528,0.8991806666191944,77.2104680626302
4.4695606901879845,0.039059547029785854,96.57577576308573,0.8762129077176783,50.18138993485619
5.897843171018192,0.06083123716311144,92.73196033541151,0.9141204226779428,26.013936584459447
5.523757691081941,0.011740134173369315,117.10923728382997,0.959197999028035,54.286554661255856
5.216802447466489,0.0430479320928651,52.1211786731184,0.9978639586949389,75.27982464466783
4.774038865522709,0.10231416917919887,136.3191539246439,0.8612118291307803,54.687527744633904
4.965922351489411,0.035004848128890306,97.74925871610813,0.9107608824727068,81.14490564787444
4.836973871067045,0.04392498658979449,118.32188804034291,0.8932015097549995,69.66152566661921
5.379156781728916,0.04694815363278611,98.79525524616818,0.9997856318626241,60.324557163982774
5.07875086725555,0.023036899423655163,109.84250101959347,0.9617827260998898,80.07081747115717
4.764750842492051,0.08771054626225416,53.571634827677,0.8794167717160386,64.959640561738
4.858773470262565,0.0056146472225261715,92.3023525439858,0.8953758111215293,79.36149210040698
5.336356442770971,0.0008123509543495333,116.95522422687357,0.8491913188853187,64.98506474560831
5.4800293540461436,0.12558066092089865,105.77464693427389,0.9510494639497653,40.80466420466451
5.458499469045874,0.04613833711833591,67.26317814546485,0.9690423572756884,58.22381062046447
5.2271096195161935,0.0662645274842749,101.22849787753226,0.992997364724584,66.17084121312561
4.924212539359209,0.08774464657609195,83.6251534827699,0.9131657793635595,72.19185561413293
4.027545852401264,0.012523699972960847,81.89161497653124,0.9341366004474879,30.267766659428357
5.089148007142467,0.08249105485268396,69.58611453366565,0.8892117663338919,73.10308521686066
4.99945137234677,0.0050947057498835005,112.3740524381426,0.9218257020675288,86.40198527585999
5.041994628896406,0.007231169466914867,122.2602888787127,0.8697498060480262,81.56461407926767
5.0161692041099615,0.006400001384593191,142.4028626832569,0.9475378233041278,82.78031774347019
4.602121351415253,0.01110324174724774,70.51903216514143,0.8045400731508755,63.50069306933137
5.167222567055355,0.06110782163285815,115.34744322452951,0.8056913699383967,65.37955580806494
5.189664894209555,0.03336053275725279,116.66342740841816,0.9432241780373196,70.81416725374336
5.204701634617898,0.004561220730855645,88.38990645563983,0.9861365606250332,77.91745938023446
5.283973101072016,0.053725251657741085,81.64843229181338,0.9264497868872893,65.26697869558232
5.181215493476487,0.006240878130682699,78.28515358066139,0.9453056598007394,79.26853650975703
4.8769911765383265,0.0035964814817661672,89.4529351307957,0.9647868582436335,82.43044202182776
4.978748945625173,0.022434194245077182,104.052431917119,0.872334852892716,82.40126146689123
5.027337460176013,0.04317301778331086,127.20224021013625,0.8216227315118817,75.5960303311666
5.0323098347319855,0.03949238246887098,122.10676676020233,0.9866184574500193,79.65924501873037
5.299465296791519,0.001837540887358477,67.69166111462675,0.9877141130004881,74.74156720795216
5.193100625906747,0.06235556037197011,84.22313502798977,0.8883681111144158,68.405677109289
5.623203031870986,0.008880292446017197,125.9928074861894,0.8434339313989228,45.545172100197775
5.661940693965402,0.01274922443043595,85.37814334809863,0.9784708765539978,49.40277789378058
5.023894874784178,0.05340108243836757,98.86171673179648,0.9416853394170507,79.50368026235557
3.8490033354621893,0.06915892404995107,65.89422130771828,0.8016456701093924,10.009852791654723
5.37104973983818,0.020619503809700377,123.06066831025896,0.8215439402918165,58.76890201306456
4.8378870983038835,0.03054361792552574,61.74503588297224,0.9966399285543489,79.44997819219391
4.759554823450698,0.07229014578497578,67.14378838426762,0.8076256357616289,64.16790141610134
4.8804664175031895,0.0038703115798908033,121.01634121673406,0.8565110020727245,77.27602423298883
4.866007085955618,0.04871996242370642,138.40123359133113,0.9096992689412273,69.00629281347258
5.183680943031618,0.023489035110760927,94.18777830550171,0.8368711232411091,72.7744327857608
4.532169266262132,0.03539807760401477,99.06274376274351,0.8464108172725918,53.642386304303194
4.67668377626252,0.00685754669198136,118.16559119565977,0.8705934973124004,65.16770539863602
5.102947566259225,0.09368687890380846,105.78895629394765,0.8539108536645907,66.2694356327723
5.186883209123993,0.10430832838606782,92.53563641246672,0.9606712455840014,63.10061946508363
5.192462493480804,0.07600283189498915,90.29092757228614,0.900054894678521,66.02383074324521
4.76388911632001,0.059557682518211294,68.66404085030032,0.8557240295155222,67.14777110674935
4.706520305220128,0.04283853888502297,104.6588354424044,0.8626192066989398,62.75193807019257
4.848009549863624,0.14679507747345483,98.16166355861048,0.8079729919176063,55.204604853290306
5.071961825685418,0.08419443916351342,91.24307641774638,0.8098784152361752,70.1263852472968
5.445643210781765,0.03132170553179427,79.96370408875222,0.9435815132717769,59.43841137988528
4.385768844268775,0.005384598919169339,81.98938293413138,0.8225821674142229,50.591145873122386
4.93378137291249,0.011470366760496559,112.36753841013399,0.8951593549363563,80.97276061838863
4.600196467692439,0.040370901732598774,117.63327296818095,0.9684731285711594,57.562288076261616
4.5043271967939535,0.0519714021096275,93.45767687418767,0.8736907011454402,50.591967826683124
5.290086993603445,0.06464202771596482,91.35040853507242,0.8691504454021413,61.14644428093414
5.163387372349802,0.06079267550392581,82.92703906771592,0.9746096551573944,72.27734552979932
5.134830054784179,0.0326463602106563,118.73640087148516,0.9729700793299345,74.599004180801
5.276307751919298,0.04079613295287954,100.61991539311813,0.9760273602920567,66.76067060843953
4.856084330970159,0.03453768579111233,107.3580195865453,0.9143827920263518,73.7362608714152
4.870208745099942,0.017551340340951117,107.16940260186925,0.9904608547146521,78.67210048895994
5.655719185016772,0.06477301118374161,93.84596758932126,0.9637927895634755,40.832156253769824
4.926028683722127,0.06186047433643406,76.69279800313157,0.8831268853904738,76.27590778035886
5.2205396339162276,0.05618997082222105,80.07733688628161,0.9259110283880077,68.84961322082518
5.001914462288995,0.005720838082826377,122.55771065294903,0.824357816551662,83.25839181597469
4.445522440976475,0.0655246065971848,85.48631370298857,0.9102664371901703,46.55935284251535
4.38661129885962,0.0380622226240179,91.79275360503298,0.8526298167108538,45.36066551168829
4.826304734018029,0.07386799049311366,77.3121892925758,0.8567094453022738,67.90105544390258
5.316830375500997,0.006956459937705491,75.67866962147187,0.825143646585585,68.88171444884887
5.236487496990801,0.10420852031703164,84.61670005942554,0.8716398447147853,59.15059902135036
5.27422314926721,0.05607210460327425,133.76814368488917,0.8962780660598315,59.684542306183964
4.703886146319105,0.1081702022959261,113.16074782384858,0.9200708882373726,53.09298141711998
5.4847617470366945,0.0019267835418269076,89.46422257152754,0.8609738672538619,58.89833273444878
4.710532009944084,0.0010260371994127888,121.65753589103991,0.9584496468620183,69.48125436486953
5.063847319600991,0.029741940949279847,96.95402253407107,0.9041919923207437,80.09630727455634
4.996894313027679,0.014853945640034841,127.08680093983676,0.9276104217911462,83.42909527749474
4.947837853905624,0.016383549934884657,144.23460700792427,0.8556287217957066,77.10185247922647
5.401577641488682,0.016881313263542728,120.56323478532383,0.9628271758024529,60.57336455866433
4.788466843950212,0.015053176548959355,101.89101910445154,0.9248548901131874,73.35803004648739
4.595118423286421,0.044344297515028594,113.9861974703272,0.9724697498898314,57.1062360206949
5.005998645861926,0.025078274765175806,100.30142438564424,0.8319903157876589,82.48800391069685
4.880051979714042,0.018409711750274112,63.28003272049915,0.8761326533861997,81.2363118159755
6.013214875724794,0.048639562487320445,86.90749171575911,0.822603236811452,19.672488648067446
5.2029522429319925,0.0051965339980669725,80.96816808693566,0.8431054621808786,75.80867775929441
4.877197827434412,0.0855801014861961,86.46417916338254,0.8789095008969741,68.72662652473656
4.683166529243874,0.022296682005148425,135.87342865278887,0.9789163815318749,63.63647421921881
4.435913476829365,0.016581663259362067,122.44299485709317,0.9114081338143808,49.65142231143587
4.69243427427877,0.029696097324076777,108.81769602883294,0.8660756661428517,63.53138557808842
5.03448253152774,0.0014601783100236763,116.24685900902716,0.9493798325759185,85.07493211244773
5.428198595478431,0.1314077216674825,62.157730281882884,0.8039365412388604,44.459883817760684
5.3365067427163755,0.011873601766187165,114.5636742617906,0.8740184422485336,64.05255659088101
5.068728449493914,0.036760917310868585,118.79248632404335,0.9201663393186756,76.88623358770403
4.903049700289254,0.0671884392399661,55.205056246254344,0.9166474607724404,76.91715972218373
5.080643706923646,0.06622889329314254,115.30473507558798,0.9215115764884989,72.12680161282104
4.844408600754627,0.03166437907786897,71.5185271466583,0.8423001529628933,75.6090095281893
5.515509198729163,0.011943625665699939,60.59989287107936,0.8674158305986958,58.566231551261225
4.943242945617476,0.12120142681896286,126.52636433719157,0.9863130904229254,65.48798808894347
4.974098642525982,0.015011986234286668,79.85901904775315,0.9947951062573395,88.10412083678743
4.3352532724938,0.0020845052214240323,85.68106521231246,0.862407670266379,48.482567450510714
4.941369546043171,0.012292449414700927,119.79209085514691,0.9289007406817509,81.23711107850542
5.250945241389482,0.06634016013533779,93.89523455495197,0.8482593558273812,62.56792515738282
4.679683226888437,0.06108078761185816,96.39669252541836,0.8737057333947429,59.4533208868805
4.7747838996521565,0.09740341985504132,95.95826187124142,0.9584669393631928,61.45003360101291
5.237813305320099,0.019713857954753965,106.95197541949571,0.9002357460012832,70.08364036565706
4.557002832944584,0.009756968286430748,95.47331167218648,0.969917991968308,61.807653405857955
5.317340302262576,0.13199825961157238,102.28252148718201,0.9257480491318114,49.44655175642764
4.8403568329480695,0.07158256143568133,89.92883749174588,0.9257842370292297,69.20682675294198
4.883429533852639,0.025055164349217857,107.03639179758724,0.8067760056295651,74.67937831160823
4.662836478462322,0.013195177065917532,106.27686063809135,0.949934071848382,66.16190752101019
5.113413878128365,0.010123533126541585,137.95771675368366,0.9955733055900995,77.79233177975047
5.737961595508814,0.007477229540502242,92.37498100652596,0.894605712050677,43.255335978756754
5.23444917183819,0.01595060452989163,96.3166896439004,0.8317160029918345,70.54311010567153
4.740714421417839,0.04297813644348707,104.77648651874082,0.9953955342761078,67.42640685219534
5.340686175647443,0.03785964394974695,119.2887128862944,0.8580251749635733,59.11151507933339
4.904996136219725,0.09607426710387891,78.16829693645597,0.8818395911474342,69.70859023690474
5.412345494428267,0.018711532206137145,102.07153043550136,0.8154732828203064,58.55485311623938
5.242002920649309,0.010017834713178665,49.843479278898656,0.8221673731384838,75.43614908894448
4.11705753035848,0.07081439713783179,94.5693616655521,0.8433131341118814,23.810618766516438
4.698776110113492,0.10776555353166524,121.45454060198722,0.9096932130180402,51.81014377722182
5.283315566850617,0.003447391562482114,85.47715127305364,0.9115578403728817,72.16739893474293
5.045497181643506,0.08953629645707155,103.53675230570624,0.9212487645685764,71.91102469362983
4.692873215687645,0.004194185968479463,89.42188851232795,0.9167633914015193,70.33634402278437
4.809923145351856,0.028306326156454505,82.81195604532634,0.8990473966166829,74.04919212544422
4.4281290139731855,0.10729518160928099,119.42971996536204,0.9604197309204219,36.85888621887121
4.973488013742081,0.04603882223670034,79.09482620308692,0.9867799394747745,83.32957365820661
5.663206917804729,0.020221926130490717,105.85930587726186,0.8539522666558459,43.667410757533396
5.241480017219698,0.054358873754932424,106.16703241532318,0.826038736461287,63.26143939127169
5.657125100356527,0.03371075175650837,82.96400965922753,0.8850174587811916,44.91982942483318
5.264719126936994,0.0165390296029241,103.11370513915257,0.8052844750187952,67.4303169298024
5.308243803005808,0.04632174136539982,81.30104325064046,0.9766637747423353,65.96028178462423
5.592223606323508,0.006473163141936664,110.43583749818316,0.8479412520492648,49.41085044046603
5.113178977802668,0.05116277117292364,73.70108570714213,0.909859325949659,76.36192360418036
4.943831803547936,0.013861428715659471,93.20788993616318,0.8230189979792952,81.69028487149683
5.309797254986604,0.0651162880565193,94.944566806842,0.9106514678486569,60.363294168614814
5.436152071136566,0.03918275119333945,122.2591067642134,0.8077986905803729,51.883526187991244
4.856010607186337,0.023906815904270348,102.80086143423785,0.9537613391178117,76.56975468447213
4.783529275297991,0.04595859789160618,119.10026980224119,0.9910842925287829,68.02962570449009
5.041656809729264,0.012141075003491597,111.09382096979758,0.8613952129887191,81.79795232851505
5.249449660079499,0.006211422405229379,110.96606001791517,0.8516429220908586,70.03755947447132
5.239427314598468,0.03681609048108431,93.36133619539865,0.8895989943173681,68.56779381873676
4.572749719943721,0.015906882938136493,120.41811767049774,0.9239947320500752,58.41703362985449
5.573481820118997,0.010769616287743856,92.87659181395995,0.8377924923983616,51.443839016269855
4.807650521180945,0.07265348587974563,65.40349040139785,0.9606615994525756,70.2338913378066
4.920480500933426,0.027410148431394894,95.70425663066214,0.8397069626700822,78.34102138163173
4.729203692003654,0.015136353271364648,109.06952809288137,0.8010948439967417,66.59671260016127
5.809498650781126,0.020882090436750985,67.86748562574374,0.9048501167171149,39.6080211593877
5.07262120108639,0.08894556215008413,82.29795282559229,0.8230299422331824,70.5316971744084
4.744707475795531,0.03468933441373613,75.38823119645289,0.9396477450774128,70.7331801675744
5.259177064988734,0.04964754047125648,115.73434209417927,0.833493999173701,62.0986908040436
5.23074073379301,0.017611726826372128,133.4572527402499,0.9634760791040071,69.43759325651871
4.943681892926035,0.07132096885673002,95.80601691573567,0.8940736265751996,74.22363908698303
5.252182013835015,0.13590511302319008,110.63060726136518,0.9132555809233325,51.68536310875071
4.752412411750741,0.01957338212564268,110.11038731799447,0.8373170330605424,67.94403931560944
4.852124517515224,0.03909469871859947,131.07593892879922,0.8293376155060926,68.74242466036546
4.3969350036301815,0.02877711219175741,86.94894192094786,0.9262584933040424,49.32980906303334
4.602814674734131,0.06377525249222052,95.60242070483352,0.851092123068337,54.06419300109818
5.542289241701206,0.015430516397486932,93.18462701151883,0.8771851136635516,53.37330761042376
5.492428588316694,0.032660319802133145,101.50734480080526,0.8958898307873973,53.3222988663458
5.019736594594689,0.0145707919109805,150.08633604233617,0.8459267211161879,78.54008635576173
5.498879434156951,0.04990461363887273,100.61622230394626,0.9590847621119407,51.70161491659621
4.951977654017509,0.00035159134730296596,82.9057869478588,0.9878848817817811,88.53303947980481
4.926976909229627,0.05036275088774608,76.91005546213762,0.8863786324120456,78.10076902264287
5.016953194539667,0.07823553926199552,125.05290014626094,0.9835096768977527,74.41238096164962
4.962523521402931,0.03201153128852238,82.81490992043842,0.9765365634684717,84.19892186822308
4.935441102931946,0.018602611436085367,113.27173918398191,0.8332094457440252,78.67308945698625
5.343019432144866,0.0614671962613141,86.40617341482744,0.8346763891645826,58.25166507391985
5.045040696186861,0.02280504137186153,74.66614526833656,0.8954810122940767,84.31980774205698
5.213744529330142,0.027735491684646136,112.10399200603642,0.9051714358463907,69.90803400381876
5.309414157583199,0.006671385753550734,87.38510266472937,0.8682259451304783,69.06045131811207
5.11645573869642,0.004593972740723363,108.50851278477788,0.8625841959677235,78.72439240798299
4.708918602227528,0.02016709876452377,109.98565881692087,0.8862734579603091,66.23695459648721
4.594140233310789,0.11152342374993872,110.92530490024937,0.9380958562798402,46.58928707172839
5.044634190442191,0.12859966047471458,94.63702632113628,0.8168787266023763,64.90587140219523
4.948623108552519,0.002314747887220886,113.72367113009415,0.942116400702468,84.04013523110798
5.026217428676037,0.024585947487418273,81.54907343103835,0.985248052326427,86.28911585974974
4.995183788225424,0.010607858996810451,50.918194978717324,0.952701341768206,92.08205578149628
5.77507209804997,0.07537496200590782,114.13784346240216,0.8383353712692319,27.54235289526007
4.600932123307599,0.08528227809200237,103.3118100967494,0.8174962377554285,49.28232943008922
4.403016119053663,0.06886318993448233,87.79843511972058,0.8980760817979078,43.03316677703353
5.0997130500558825,0.043800540003281284,70.5769447604991,0.9912812178357975,80.2150658768209
4.887073233623542,0.04534106705805742,59.26843402329314,0.9638118574777642,79.77262770592986
5.094820360918986,0.10791360789376392,101.03486696417944,0.9125467278025986,66.2711850204303
5.1751649066852,0.04201240151051991,132.97571931459905,0.8285962846835186,66.46259913452046
5.385231408553669,0.021167476918131808,97.2288516713804,0.9427673564223191,62.84345591036842
4.547832253884819,0.00793393060310734,92.7732922661691,0.962599647721513,61.65450937043636
4.832984630642851,0.00555113708669208,99.51264315008314,0.9870138272851686,78.93541950626232
5.128628377664229,0.046255647144290785,143.5841022381754,0.9224232468319831,69.43400498132478
5.231139078706168,0.07209563020887391,115.03808453306266,0.9028931629290817,61.87136555157422
5.658034865086516,0.0374103645985855,81.32849496599222,0.9238364087135359,45.25023208269271
5.2867111913341605,0.1119377250456057,100.56207807804206,0.9886505009317089,55.723471973939496
4.982963421234117,0.10028450539104218,106.64873822309882,0.9256254172346569,71.78276398777393
4.732869274117202,0.023766178379552267,78.8732226684231,0.8515183698787415,69.55027482083179
4.830713044184294,0.023640089718115466,115.18273244685119,0.9272302815884692,73.32310158042458
4.822189153112868,0.10554042720571581,83.64382405711292,0.975948914560311,64.65488099140964
5.196570088554128,0.08164592933387416,69.78108465319858,0.9134004057192034,67.24880493573541
5.0770992336757494,0.003162848497605217,101.52267107679556,0.9005397656019415,82.75814690917353
4.602905128747346,0.06071699072839366,98.3568828101929,0.946673849900503,56.164547832572474
4.8692295592728705,0.16985991458595692,99.97956195594611,0.9321977390289624,55.32078495346333
5.263264266035426,0.025257999092560605,84.70710764674425,0.8113375197907379,68.17148380513068
5.1054987064922175,0.011632412572000966,87.49774764257918,0.9450622281794862,82.07668552399862
5.170593384803831,0.02862099260456996,122.56893320738222,0.8815098860172169,70.84455242069077
5.114876513017179,0.0323276047748659,108.82171230001497,0.9881796560061474,77.13969039286084
5.487929220382658,0.0062268369500049076,80.8650784684543,0.9941605976837082,61.58692534136851
5.070812919147311,0.04208125339071085,60.986062111597846,0.88974776362491,81.13538590389312
4.884193160638791,0.04272005298637506,81.7116719577558,0.9937589693315845,78.34759388122731
4.725273487659932,0.013276693350433962,103.14598144320381,0.8621641029911993,68.45358917253441
5.074882837462914,0.057912238807739894,87.36136563291117,0.9365288842903956,76.81463505358099
4.2677887955674745,0.06774354257711257,85.80699589646359,0.8150109422218835,33.6253156022729
4.944713299450187,0.06515837959973883,88.21679122138674,0.8289978697030895,74.6673192989735
4.938248042023597,0.08059906828528515,98.54584874527424,0.9729051804755637,73.80854101360688
4.590658743914815,0.06656622894381575,115.69255825916697,0.9787568078593927,53.46047062458772
4.721520248403201,0.004948937152794271,99.99161592108614,0.906522238393949,70.68015750704329
5.242897259044472,0.034343192140967524,101.23874043035302,0.8679546853893831,67.5099053009389
5.069213524722489,0.08626318015636944,95.50279272234359,0.8902047863527901,71.16152794801668
5.030536500112198,0.022881138157979777,90.01286335690521,0.9739248978289312,85.21285089045922
5.091904260179607,0.007672319621200506,117.8848174263986,0.8421986845241836,78.3903883938873
5.027788276384677,0.048979062399240214,114.84804135688393,0.8589740462603193,76.68052084655135
5.372858768857494,0.02354494102339672,140.905598353321,0.9570885868505535,59.14794461671982
5.037028754511095,0.026970757967320316,112.21128596778506,0.9870538891832832,82.25261022112342
4.562536065854375,0.039972312897767995,90.03171356385073,0.818585468003101,55.124855020274246
5.489038989462323,0.024129525843770656,81.9069738177962,0.9607544602704592,58.062623579324615
5.111102080198654,0.013508183707529833,119.05890521423233,0.9290136613863649,77.98203033825536
4.823223880761479,0.020213396072470868,83.7002623137978,0.8461543088928098,74.91448338129454
4.623979484511494,0.02825203182688696,116.19473373044141,0.9511634393329536,60.60475971027155
5.118774266287414,0.02792748265798214,84.80172012214771,0.9455832129998656,79.1159138718404
4.964848398507687,0.07877270061695675,106.9831676757456,0.8284059623098823,71.9448012965408
5.472244035809723,0.060281670153139386,78.80497570267275,0.9004502114822778,52.75161398782399
4.896227815799952,0.01619755461514787,115.59770708664162,0.9516582165701332,78.81742937846343
4.74878576309526,0.018013119985173968,75.32656688981501,0.8383088253615625,71.45869760618923
5.2687388654707785,0.0634881029088146,105.45914659013404,0.892553204478234,61.657602065982374
5.277584567815049,0.057695603259606654,96.04320131545977,0.8241482249390624,61.56922980939131
5.050595410283059,0.045393992253431055,102.0361287445252,0.8613669848081787,77.17890336671289
5.202907114302472,0.015191662903473156,92.08392331676733,0.8435889801803069,73.21021097826011
4.988693863777328,0.06427352914700478,91.61480105258018,0.9010142253449712,78.5394068562304
5.070159530302774,0.056506546437166585,103.09562408019544,0.8282430669641505,73.56974514752201
5.349497264769177,0.06676553517963858,79.95723243820296,0.8766301510785026,58.55221361465337
5.187595500206451,0.0437935499950962,79.83955876666647,0.855032580997132,71.29193323162448
4.9492176685002125,0.018326259483654704,92.82901000723176,0.9492097828413953,83.90541584356926
5.405708763777845,0.05375822004941469,92.05059720561985,0.9399339546270687,57.18736053789648
4.290543388162546,0.12880162370047624,79.89207072391251,0.8189861059331246,26.502874780952574
5.61562199342658,0.08613714159398933,118.4842938582933,0.9906967775755837,38.10761532098914
4.488212271532779,0.02655560980892171,93.31053163136791,0.9489365836160177,54.957073329812054
4.811872152568311,0.058388617379488764,95.46675594007777,0.9231917391495537,68.87119573615864
4.98772473944148,0.025047348514479054,73.44943348060907,0.895540298956937,86.07224472039476
4.956055798781551,0.07462627073392099,141.4327170922424,0.8355844841530878,68.73782529064243
5.3019233120079665,0.04997205076531295,148.54134791109826,0.9924031953973588,59.38272278156242
4.6826490144169295,0.0749536531276983,84.39202843191303,0.8015716753404817,57.30812355947936
5.078230045244919,0.04831233146985554,124.52172762338195,0.9384962268459756,74.37709933940782
4.826536370534074,0.000700261756920232,98.16373232524819,0.9014888649076597,77.70054703413474
5.088542293801225,0.02623461152617661,132.07539185626212,0.9805163780049149,77.15505901747211
4.980568322060637,0.10587901025221591,106.72466172800773,0.8761394558709552,69.80257073042414
5.027880695804893,0.0519681421743315,101.99524337534798,0.9037288837935902,78.40699026389369
4.835022550260696,0.16235047944788203,50.01460920762837,0.9484678783826772,59.71667774535017
4.846980814971175,0.0033804766708613737,82.42788053146634,0.8095133086645045,78.25925551778477
5.086181754208228,0.016233710584115237,100.41041339149885,0.8108950482050044,78.57089778483922
5.283114651726813,0.012858668070242472,103.97332505407958,0.8423345497675858,67.5336791757986
4.820516199740646,0.08891786107112745,75.70332572125231,0.8292849167058458,64.90865858576132
4.739369736628127,0.0016940155312326344,85.42456942647442,0.8012886936667786,71.59139879869088
5.1840380497015515,0.026221879895347213,111.06894034501639,0.9245979644212421,72.40950028752803
4.990248832082693,0.024834535144340978,72.33578540533284,0.9591875934912015,87.63992298260116
5.249149440195786,0.021974838060109473,102.67459447447078,0.9914229952671182,71.31580833713173
4.728260835988656,0.0126199230231239,124.7590706297811,0.8881800635343837,67.09035591356033
4.466168322372971,0.013135446604481672,107.70939258223642,0.8559441316483137,52.34772572644862
4.8400987754521,0.010994869932432106,106.70973486331954,0.9727804897556995,77.54133234604322
4.770094217220495,0.019621767016267545,59.596971016444726,0.9688791225678784,76.68027333050267
4.97636347997591,0.06717584090763541,83.56174447164207,0.9249686421867407,78.64863105897989
4.808946435718883,0.10803140173122464,141.0840366718208,0.8546298077283869,55.31626837083494
5.222305085400935,0.022021738133485343,88.01676164908136,0.9817035189811869,74.19082837063671
4.913554921273245,0.0004003187606142454,125.28952419094136,0.8356802673383559,78.93790038997552
5.045142349632171,0.02125059492030933,87.78318221287435,0.8087293007287372,81.50013757731068
5.047290367532283,0.029355076861113633,94.44358996981073,0.9593236569454728,82.50143056082435
5.058486527723656,0.006917472875548843,110.31173690707037,0.9127318120868917,82.67664995627909
4.992761266863508,0.03198984168709944,102.0138603198802,0.8492935634237051,81.55168499523164
5.153180207123094,0.07518134552223935,107.6302490200216,0.9341791324640425,67.45254349155717
4.7613034598522574,0.10629158429023043,83.63219490546025,0.953343304762553,60.43811655230592
5.419825377996165,0.04458899448003455,77.27459621062486,0.9689091902684588,59.77285233253158
4.929038784989439,0.003009352444893948,82.28256771218997,0.8564252031937263,84.19117152528777
4.606535258630395,0.04302111339921945,89.35363717075266,0.8051174902503899,57.10593459587334
5.056422007097532,0.02482347188751002,95.41437235885178,0.9020077640053705,81.38987683524381
4.744645855265754,0.07981304941534376,120.74550761279642,0.9712157196260787,60.056557534885634
5.199600360352663,0.06566403090201421,101.74682912050096,0.8415642674523877,64.83097618053577
5.662881672812714,0.04841760742713215,109.6919420501717,0.8842250946237077,39.67976620462434
4.764028372532645,0.05966128589050493,102.83202025160264,0.8512841470169777,63.634990383562275
5.099711699967195,0.01728102335860868,77.69131492942448,0.802672530284782,79.70946361093016
4.4733483233886115,0.010981187734464496,100.34539052011299,0.9797048192886694,56.31327857690911
5.136171568832404,0.057621810040873966,102.61564220383072,0.8270106453417984,69.46508305037754
4.734285860060093,0.018386457138430606,115.19846442682615,0.9533534231507014,68.8464050531724
4.812549614469655,0.09228175233290435,78.6282386071307,0.8693206463583322,64.43430308469725
4.669614053048051,0.0038204464359484214,59.19178269703279,0.8555363817813331,70.79532558341421
5.219645367816421,0.0450947194930311,103.52527630340995,0.9882057773010737,69.46865792274058
5.302191307241979,0.1249624759627545,107.07700003176761,0.9314398973481285,51.04524811485389
5.007015564397553,0.015311167703403832,96.41230387365904,0.9373845323842952,86.38885124095626
4.740671988399284,0.02343808754223914,100.56041801453583,0.951930583690769,69.90717604498298
5.476856910831159,0.07270915823186537,117.5754475716561,0.8681866672045329,46.08840020227573
4.774876961673603,0.06756386944382657,90.82388846944983,0.9127328961391546,65.5303063596803
4.351390310021769,0.0036092344880320933,94.42718315682842,0.8540446688093771,48.180208488606
5.137516702987121,0.005836521876092699,101.58072889227664,0.9669083030953738,80.05361271203867
4.668567597907545,0.008343203372747413,75.60370641661315,0.919861475859732,69.69943424407393
5.2965826380497525,0.0923928883075682,96.96205549904491,0.8486813652082236,55.623530225139596
4.885658690997975,0.0060447071820026715,98.72513365331588,0.9799516812643556,81.9593356425336
5.181113972163259,0.02390578462417325,132.7408442864055,0.9161680000967704,70.59656954987332
5.420450103965647,0.001339323546171254,94.03768684743079,0.8990061006514827,63.14844855842205
4.637342340613784,0.05527742823979934,104.00022479888935,0.8068975172863935,55.68685406669606
4.830218860732279,0.02777625187918282,118.37235210779485,0.9819604010321226,73.44866667192227
4.977298678202881,0.030171690537911456,83.25030549379144,0.9904547832062756,85.59623222623249
5.461265395710303,0.02844120570174972,127.51480773752333,0.9125197255675608,53.55680913971826
4.802485184617867,0.07993027832777534,135.27740464114555,0.8885026707229114,60.401882278249374
4.821648891215298,0.021566070456280808,99.4220742470265,0.8719130132009381,73.56007574379184
5.1434421726667425,0.05969729018160862,89.21147877081239,0.8536095965072071,70.58992016581705
4.826831382286828,0.0861880269006134,132.54238848780776,0.9149058675608412,61.72555740455374
5.045757764869285,0.054277918160859195,115.91261745536296,0.8256190106029131,74.03396485023598
4.534538773709562,0.047731610032034064,101.63938409327672,0.9838347216490281,54.42534094142148
5.664298982766979,0.013673697523567521,128.53687639231404,0.8351917476115642,41.94115371844599
4.5956872309071795,0.05874572774569935,126.41984377098639,0.9491026524687035,53.2694433648513
4.903474188802938,0.03431391115409421,93.27486092083555,0.8613775544737303,76.96142965245318
4.9902556892473715,0.11022244859935625,104.974597065983,0.8452142155357357,69.28879866905527
5.573806440307038,0.015077734291162577,111.53584975851912,0.911573835870956,50.387845179470524
4.602546265720178,0.08715040418680656,100.57460059775703,0.9530249962319011,52.08325518005199
5.595111240643625,0.063705704090893,72.18258818191438,0.9453473337880629,46.426157805318354
5.227153046330606,0.05677216431020794,81.23480992603507,0.8467512701794415,66.66653698461775
5.125128597326974,0.08057456627309101,72.83474429079546,0.8661004700539202,70.44463419141678
4.704609893894613,0.06645947807738554,109.85848606048008,0.9737664366000752,60.797152048022454
5.171342372611422,0.013624601054542333,76.31295365752511,0.9446487489032817,78.93744709744645
4.78295401327406,0.002196324721744587,103.84836141634861,0.9425387810705124,75.1137315679573
5.379998375959524,0.054145652058895655,136.63807652550315,0.8537810152663783,52.49006228637148
4.70868139126768,0.019720643301590846,128.5554036982429,0.9584008615348871,65.87526384169561
4.966052451663175,0.02167757984091213,63.251667061320425,0.8716835590864875,85.82001459925138
4.833418073596048,0.04515009609074022,74.42597058457987,0.880278104031862,73.39553502433111
4.703743111271901,0.053664008644684597,84.46967151640283,0.8575122178001453,62.87826258397402
5.222395945072375,0.044330974006405566,76.61952621561264,0.8242780494078484,68.83020556129237
5.16063762422289,0.06358525655306886,66.92371245356533,0.8840787125991596,71.81315707029296
5.362703059670299,0.029514145496121087,99.7831932054952,0.8033879003844737,59.90013328250387
4.46603746753755,0.07754173248421815,114.10201098833127,0.891182047885452,42.744428038496196
5.319251210702313,0.01568075078242507,119.08068077445775,0.9450012876206306,65.4847724154643
5.751634671607068,0.017282436279989884,90.51047658512381,0.9921490065528951,43.101486734122965
4.864507673246916,0.025851401437039522,94.56192599368816,0.8157226289132067,74.85101015815434
5.568544583632691,0.058012098877685866,107.11354490249511,0.8562581408350991,43.59931847683814
4.921051618382052,0.11273310669297924,97.83028876321701,0.8988262103223401,66.54662642910132
4.588277078731608,0.07656495251248732,116.21213552191604,0.8340775897403833,48.87222008963942
4.908310267277962,0.04962562835692391,108.60729725669027,0.823365704415261,72.66135614577531
5.314461190302583,0.027787595391564023,92.47391152971942,0.8904636210901101,65.52607054194067
4.74854705530054,0.014997684444816667,62.867273766931135,0.9161461057784414,74.69936539018565
4.819898402298054,0.00630037634184784,129.98063210963988,0.9640415453092724,74.5316153818275
5.178061829687957,0.0004508923907469743,86.27835421111357,0.9995606843588357,80.61203462617588
5.000918035021572,0.039063457348398944,107.15117291460521,0.954854155997437,82.46736512493406
5.175386885746022,0.06090877627357373,61.66816662561805,0.8442680903932641,71.0590155595061
5.0713488622275005,0.04011955845141027,99.7736683322839,0.9495956137522495,78.71567994045503
5.143887595865472,0.013974081281040315,102.00523921724398,0.9074307248638165,77.21872263146756
4.870309644257138,0.012138664155444,102.97204145095324,0.8901619151406878,77.90381318983013
5.069519282609118,0.06684071584613334,160.27586565435993,0.987145698781454,69.51806307672601
4.72178809829122,0.04317224690580312,87.37763252413134,0.9404185173839323,66.90205595686822
5.386530086751017,0.02363447315177166,116.41328453913385,0.9363386147087915,60.3484676624357
4.8097175849548055,0.01820493511999461,110.46464904418754,0.80235119294552,70.85287378378078
5.3386542462648165,0.03726352548061444,86.42722014664828,0.9730142982759566,64.90878035287315
4.92991791170514,0.003417434427972474,116.1133880636186,0.9586600954820622,82.84432264139194
5.060599703227196,0.06107694086541053,96.71358126138395,0.8597883755860886,74.72688606214001
4.85151063473279,0.03379292809189334,117.50486435153438,0.8584226825013218,71.4396660850564
4.695201370649591,0.000572825488324092,139.2192524684343,0.81069569201038,63.91814700909102
4.476571883718409,0.050555304772301204,103.015977812682,0.8101712847457355,46.91284522090589
4.683402752422262,0.03664414066771367,94.37749541863097,0.9337189026923363,64.74417255716232
4.902827344035224,0.05865042713247502,121.03112367620827,0.8372475225815559,70.01391465625247
5.0635637536486655,0.023153883771462005,127.93306331868683,0.9847095699677101,79.61397728284626
5.303113793984979,0.06482290772232353,82.33484921215901,0.9684808856049905,63.22586899343665
4.866272762060945,0.044940177702593065,90.9408582092385,0.8697770320064367,73.53679388747265
4.735411770719848,0.057829705925321606,113.50846543682523,0.8760137103624871,61.619678017959856
4.567185564199186,0.009760737119713212,97.35935979170561,0.8654553121709562,60.14019354824276
5.144019085371231,0.08427434748544928,80.91335974026427,0.818478982638352,66.99594643364937
5.414958354598803,0.04024071704687275,110.8138965579079,0.8062860315300436,54.110722141850985
5.3798990803868865,0.01530238171838578,113.42979431413545,0.8904266316679795,61.37625112097499
5.212979824444171,0.03997922766038797,93.3122848820605,0.9886080228982989,71.66525835405146
5.19156299518028,0.03852574650644544,101.22697530662474,0.9834498641638271,72.27365806583047
5.509287133912802,0.07158809522498123,88.46853862107761,0.9619677482242729,49.09705878386238
5.099624438425043,0.04553394415830195,78.09525148176056,0.925718985488601,77.89729663234807
5.193838902807252,0.06046435433437171,90.05870786743627,0.9712444813382898,69.71903152143132
4.9037648414444,0.018112910189569974,101.47864700351813,0.9030137035463128,79.42136332880297
4.591386988743572,0.03929783681293164,70.49821557061406,0.8360320266041263,59.25936277769572
4.794845329850127,0.009502833676402873,91.51974137495682,0.9368340695578463,75.85000199320845
4.997252288439603,0.05399324527544069,101.75660261185477,0.9841292070356991,81.2430743945886
5.018235611750391,0.03392293947237052,123.89319820249735,0.8039210194811494,77.50652294349425
5.5778857564566175,0.13056214751412806,93.74815290398938,0.8502888104415862,33.37349340391653
5.024383150277321,0.0006507950421154769,75.08195299781556,0.8530876382542543,87.99294919234697
5.353653033207693,0.09846205906423544,95.80679974604541,0.8198079077232522,50.826987327763604
4.869476827527105,0.017614441088073415,88.66861391819819,0.8450988442797099,77.56155898218968
4.90649723427043,0.030777281750497588,111.04357110114726,0.8767964155822838,76.2048129951821
4.601297708832965,0.058576126543805965,93.24189347275542,0.9879670849696648,57.72659590052478
4.777301596137028,0.01957931670143175,45.78866756841458,0.9720531538253593,78.56339458267266
5.158094417409126,0.005113217555938441,173.8324900239561,0.9892012448525234,72.14812821671653
5.00226805411824,0.05630637606751869,102.84726583181859,0.8241143553444679,77.61552086648533
5.28288158596917,0.11457275576346104,101.78383020617159,0.8056096923238514,51.77500230319052
5.054376184503515,0.03502934623195657,69.17180056005935,0.821976632882221,81.00537959663409
4.894263880508677,0.00580300882651737,70.70861468076777,0.9828591269705255,85.37170257787675
5.644489059136088,0.010512422137015849,98.16102084653936,0.8314977277071102,46.567645600770604
4.971828929386086,0.1459853822822687,106.7234266462328,0.914527341314505,64.03013258249166
5.348900290911591,0.02674535581690639,114.04228278353504,0.8455164739721525,60.56028037385811
4.879637238036596,0.009720684928898639,104.7487531463652,0.8041270849833599,76.92779792789167
5.21287984381507,0.037253395824127,76.2811559366373,0.8169242684285156,70.34956977238332
5.278404697745506,0.07129505470563029,49.91066781839902,0.9419594045932826,66.44958123945086
5.062547591172674,0.038179213692309505,97.99555301243589,0.8364732904026678,77.45017298260292
4.293655123191019,0.05273209964122519,89.32050658781745,0.845827841086696,37.69399860822956
5.005475738256834,0.0001651910017396556,74.7485655177543,0.8754513001647372,89.68084650584834
5.3691380143279925,0.019251479098452297,116.56116448211252,0.9314483120272347,61.93684706788605
5.158244249908319,0.03852308546443119,68.48846501640023,0.8938744785919333,75.75552525603484
5.133751662568774,0.026646423241375054,112.33937678913165,0.988922043198754,76.52243994472919
4.4833229198127444,0.04407476602835623,71.79724049965037,0.8868364381479327,52.94516499750485
4.783863478797483,0.006758213358381889,102.68177371166662,0.8398261840394944,72.54642303371492
5.123407289345431,0.10452263347929198,118.67948644037244,0.9072285678818016,63.193790330979105
5.123114983036068,0.021855316337345585,93.24133368795452,0.8901779230189735,77.81422865881811
5.364400034039871,0.03417383020094912,133.79839669013643,0.9574276677070059,58.77863711259184
4.956539973456172,0.062415860985230276,138.35772651187008,0.9870242461078965,73.93473153055669
5.121747226002144,0.016135524992530872,104.74350000039311,0.9672590456073015,79.14566860309844
5.004912272579388,0.010576159055275428,110.82770741180546,0.8778079449851884,84.59222794546861
4.703917179049533,0.051443307522483106,121.21417732633039,0.843223224458272,59.261581371131925
4.323262600671576,0.08786707478581418,110.88852744970978,0.9828977874027855,34.78479782550718
5.129302907639023,0.011505339916620205,108.74486435197088,0.8771879302874337,77.18529672471719
5.052184162523844,0.04686827124674124,89.51861194447824,0.954041324689742,79.9676748609052
4.814547487369949,0.05363602439300705,66.25287649644577,0.9979054682425781,74.16026729845287
4.51424808304524,0.011414924600887656,72.19809173501046,0.9154885363030553,60.23260784514133
5.188921854322621,0.010123569785439254,147.64734717523038,0.8959760936737772,70.30094042877934
4.920223977741334,0.0867241175371752,106.44917915610002,0.939974156496243,70.35938624821864
5.1670624167104435,0.03585988328702225,95.08633037217336,0.8387861961581282,71.86436339026528
5.559214559123528,0.12639590373786283,125.26654518235819,0.89764794775973,32.914045328867694
4.357570735904089,0.0172436392638137,85.0108405427634,0.8624661514220652,47.61593723883823
4.790119757389291,0.038975872832025596,111.66216534826376,0.832845574135136,67.05149946642995
4.937187316006426,0.02661545103442673,101.54384067120075,0.9220273098061906,80.52508343422531
5.436447852243996,0.13041741321699354,109.20055002207205,0.9151412170916293,41.63328622243662
4.5090790942380545,0.07554829677961025,93.27180261412286,0.952240719948508,48.930135274899605
5.580758307704182,0.012949214075515393,80.7061138541924,0.9745940248482723,54.633388537967996
5.040756770469887,0.043813250862827786,83.54257853720716,0.8440751972041779,79.50985223274544
4.971199801479843,0.021682497926776567,84.32231595479405,0.95594053041076,85.70619241250988
4.940582071034328,0.03909608350015048,99.94059375355688,0.8734770321505858,78.04599300469313
4.869121090345991,0.015901654108613706,68.87729639052114,0.925761120358685,81.38951007258899
5.314435027780746,0.009986092296569053,75.05142769955815,0.9700480055191623,71.53180182909729
4.679443773775269,0.012578867642040012,102.71048595058404,0.8512370230571638,65.633488146295
5.103624254493156,0.036494404395137556,97.44649911172169,0.9201922567931674,76.96757929583117
4.884745500287908,0.017765679927990524,103.80463068513397,0.8960637754400362,77.96069046836321
4.771359965445771,0.0005627353164249296,99.09912931333783,0.9581154586901438,75.4495838717516
5.775792552705169,0.0035022592577434314,150.37900413776427,0.939448259788221,36.67817273101635
5.125715220426038,0.03602532062993189,102.53476867981746,0.9539263671806484,75.87833915557917
5.183979663398343,0.07103297465996519,92.41840701025448,0.8575886259206417,66.21620581449201
5.3413330342005985,0.008545494830842318,102.0226357072302,0.9408712588178192,66.8533553289711
4.573595016404436,0.13586768828074305,120.3991008502066,0.9211611748519237,40.418861154172525
5.52568757273661,0.03430548431628125,99.0074322124507,0.8913360912091514,51.23890159129919
4.247312846451477,0.08427502482422068,113.69456717272492,0.8756687380736301,28.34143510765562
4.7693700769884435,0.022732806045634938,107.92091928804433,0.8663200061590862,69.28659190683867
4.86229049804633,0.010147890444070908,94.19168846314712,0.801934872260566,76.83477491506578
5.174517009491152,0.04603208297649032,102.21751597763904,0.8339117102613576,69.0806495915206
5.065615479842446,0.026984098264261607,131.97844228384153,0.8117956424446814,75.05352509032348
4.949955577790482,0.09266985529073382,104.86156590075929,0.9696715085259339,72.00412995426161
4.996400796611683,0.0005394427401618079,80.2795795165786,0.9720177740830165,91.11552891567918
4.70659309294323,0.015951928763161323,93.6097914573425,0.9692386673378536,70.02659046314241
4.550830281654748,0.0705185425095166,57.71505500534389,0.9635839528707565,55.97220907973812
5.217953486700818,0.03704353956731404,102.7479741350576,0.8442660907055954,67.97678426345996
5.208111833760856,0.05861378898622893,126.24124687565627,0.8983572349021348,64.0642416368914
5.475348312547117,0.024944360792759183,73.17188463732292,0.9815687543936794,60.05163375240038
4.7629948709554375,0.09561174553327993,102.99465469016098,0.9519563588094129,60.17759213450642
5.207844563090277,0.018152940676625085,119.70863611738574,0.8003640571908722,68.84280264516848
4.914887981490581,0.11707447147386883,121.82277266392968,0.8918853152807588,62.987537207576715
5.357142495558045,0.03941074957955365,125.59602344551662,0.802134039851931,56.14291628207122
5.306588833003443,0.010077178022798202,62.63492337308993,0.856132209396135,70.95224516698741
5.063362819767337,0.07145472069606085,110.0986190922362,0.8871524882453771,72.21321056523455
4.898140953000204,0.06396040450268921,69.8886962981079,0.9785798585300558,76.87712404539919
5.288279653582478,0.06875535716444044,80.03335726855057,0.9308768568294653,63.0041186201195
5.19407135697697,0.016619137279754,116.42244519217013,0.8724969130979816,71.67054173216133
4.7946678793741455,0.0253748190367996,103.16094243703233,0.8981309804905843,71.52037527303725
4.601660397956171,0.018218071953416563,114.52672148478747,0.9634778977193948,61.18379889026693
4.913440129795461,0.012210149915996938,81.41766790396603,0.8599311198227426,82.03174090638637
5.4546241446044625,0.025002431388887258,129.47206220325754,0.9230069550937333,54.48511949694807
5.343946147619912,0.009863998528166482,113.76667867682102,0.8524493767775702,63.55595103144963
4.666301759098825,0.03999977900468216,117.7859623858692,0.8959926874447325,60.119396205534926
4.649672775230024,0.0055598899280692345,78.39666447769729,0.8049317007124127,66.40535059106958
5.382405154903846,0.04213766606545523,123.42802480425237,0.9704550638983384,57.80133959349251
4.659309228572651,0.022095902011931276,93.67676846719195,0.809669766302436,63.069886891898896
5.152788597092602,0.01590287588040843,87.77547459709218,0.8448720999676864,76.56714733202712
4.815178635399103,0.11686921205896923,112.50927080091323,0.8667023757917621,57.4634567508447
5.485113477356505,0.05655187626927678,111.66423549575877,0.9250322233534363,49.74463083571106
4.768872560258636,0.06262206324106713,83.06362304485324,0.9440066931150112,67.31281568717297
5.343008459061749,0.011701579610253759,141.1260202038504,0.8160902084570887,59.87345766351374
5.055457596218109,0.03100725951756375,136.2870115277955,0.8086930971769581,74.5666160900385
5.075658456270286,0.0015549994762846416,112.10070281623538,0.9597979773258698,83.21313196723399
4.408907425594579,0.05887748827620641,108.60806845463377,0.9424333067808253,43.69068158439693
4.339125994038285,0.014480004795047827,106.59572452520592,0.9663100708509313,46.842187887537946
4.933830217919806,0.031118887446527826,69.00006747962657,0.9353076530367033,83.16812627098061
5.074071819024984,0.028030565107758407,102.25614775842925,0.9502024540713305,80.12954039792089
4.662440651678683,0.019091655929727273,101.99083163791497,0.8758076766094289,64.19976107965896
4.673391976857097,0.1669094033577885,88.47976627523238,0.918036864078994,44.879868761814194
5.16844178894784,0.013330963874736129,93.81301655996832,0.9610784685740286,77.73411579740291
5.168856344137139,0.013785576507934615,52.37415210569054,0.8344235068813035,79.25183780263848
4.958677681883622,0.05470483734058784,78.05454139750017,0.8845645921652383,79.2007730154839
5.2340605163558225,0.00975844995375896,118.4365258301458,0.9480979536959723,71.61090801649166
4.6477393112839565,0.005429681932555341,134.6239380327872,0.9065273143530371,62.71805887093611
4.893219524873909,0.03432054766778091,81.13238629408458,0.9363314905852343,79.05848052456363
5.494363281735102,0.044577895970129344,103.65697309951878,0.8585738391751628,50.45729817392588
5.020496638981945,0.045212862224207576,121.96764658794635,0.806468490263537,75.92087747392827
5.0378937543761,0.004240397003827775,89.59569948210492,0.8058291559508752,84.24732835766686
5.691783975790322,0.05574083442400363,113.52496354469231,0.9885562353060695,38.55046464063228
4.580197350245369,0.07290625068667958,99.32420608839679,0.9889080087990083,53.72164297886067
5.238929109992633,0.015342670075717182,123.80803976850697,0.8422564679909239,67.82717827205221
5.49919588394243,0.011501040689453469,74.35098520662754,0.8294931315941888,57.477854971257216
4.9025426220504364,0.038614124845147646,77.90846742464694,0.8036279667786043,76.64215118936143
5.257889236056454,0.0674356518709361,105.59078337885622,0.8462513712630517,60.77724714334776
4.705394150836729,0.0046052017480776464,101.92412199800873,0.8668702882309147,68.77786235280952
4.7939802813297945,0.0547010043530371,98.87352207013339,0.8482485267275762,66.51128455437029
5.11548992481429,0.08410541957132561,111.51668320408966,0.9594768280612402,68.49265981625959
5.239570001933177,0.007364394160268645,81.38700870884527,0.9498860998550871,75.38016188618631
5.336280953721873,0.05666079188107968,72.61128776757143,0.8162028289371749,60.386951796512
5.4708885760818475,0.05182710190378338,89.99783783942549,0.9394643216204186,53.762122797987466
4.979766032433445,0.08093040871672483,92.23442882603803,0.9041170239775833,75.50529823544585
5.358083526551776,0.002490448482299918,94.32505637884178,0.826433221274972,65.2375799221637
4.897308546965255,0.0699250247592337,125.38091422707754,0.9479070860985965,69.76980940329443
5.27062739347648,0.023509292621137233,115.40834493598419,0.8172091130348406,65.039310265339
5.062246639355655,0.030689687048486156,110.66479738310858,0.835430133160274,77.30387150628242
5.133703372124577,0.01617525545310038,104.43999189258622,0.8298452963106326,75.70441609151436
5.127052362206611,0.00493904279734088,91.3162308856889,0.9878066808332968,82.26051237609924
4.518588497060656,0.0030536184325428567,82.9210968643311,0.9396312006409298,61.157781385143416
4.662763442341768,0.02707796334478972,76.05685158615958,0.882257185832952,65.7435705968307
5.030762431945257,0.05515781582098088,86.10986299058649,0.9644408301697605,80.55841201447403
4.493816276107649,0.0016132208362016794,99.14156023278024,0.8431918819044529,56.336675055839756
5.249363330959927,0.03978487533040023,76.90031599634668,0.9862186558090198,71.10481035939009
5.261466789886443,0.02074080049652527,103.39039515473218,0.9393994641758205,69.64982230037783
5.098151165863337,0.06677471979392227,96.1112374552871,0.9119161282016265,72.72192089761526
4.663659796172624,0.010570407444684168,92.05403176913595,0.9589296897406656,68.20721727155453
5.414041681660555,0.016053666211272216,123.23065802423274,0.9289561962850317,59.00550729195324
5.611163191915507,0.0012799776000546603,50.78762755554537,0.9774218550020964,57.60788618954877
5.044123048233792,0.011887573002075227,92.3254090943014,0.9658305320148844,85.65355088652875
5.153160613535371,0.019174406417293715,52.95125108741044,0.8395661010081558,79.43039913670577
5.0605215964388135,0.02412986430717567,104.77125345858884,0.8479327601088738,79.23075442391342
5.15911075669964,0.05878826926413626,115.24363166397852,0.8130194827551287,66.37114069710589
4.964132373012081,0.03416008415923007,72.97787591572397,0.8440397834345605,82.30693783395917
4.989630728046859,0.004044095515104831,75.53884832217219,0.868697772987627,88.59129998308116
5.27171528014921,0.07076713931354982,66.03400336579088,0.8057654710344987,62.59392137812581
5.703687248568932,0.0023649602498196434,101.27283985426335,0.8629925092421228,44.55658724780725
4.579978629679478,0.06143702268427875,93.18423447591945,0.9543091683254601,55.35092429704412
4.9688562546791095,0.009552286036342086,94.42690539216814,0.968065519602723,86.61715222813291
4.645861854430375,0.03255818031750969,92.64056721028237,0.8017746579974847,60.639420657117526
5.477607469572825,0.059741292745041044,80.52801871264123,0.8014294076538466,50.35814419568716
4.8236786092040305,0.08563620346363307,122.63748047792073,0.8292614216502002,60.8967664179088
4.567039761864262,0.03684355908172078,105.44681360263255,0.974515412146758,57.44147873226949
5.191456099654572,0.057359329506254664,76.30672926444791,0.8938556102264708,70.15517387287208
5.523293334422934,0.02999735133966912,85.98906368334997,0.9965804152335962,55.43549917001055
5.199079360568229,0.08586919589699107,82.55862451065049,0.9774662931533603,66.46832239335977
5.061439363184575,0.13033913623075502,128.11855806946124,0.978025622694608,63.51142442125829
5.122742276832798,0.06432650298451684,114.2243854536573,0.8256952863857541,68.07795512470393
5.424452198847667,0.034237821707940694,97.47021086154895,0.8950458698425418,57.551091123644824
4.737740218995755,0.05865659319016124,134.14442369907718,0.9987181194636038,62.0258441805855
4.966445868774106,0.04565214616829075,129.04087190398369,0.8298088460520839,74.83101993184607
4.86419295544714,0.05884609273800959,95.3857821171646,0.9148466907236389,71.7830190188833
4.649640407812487,0.008687777520218806,91.78869355752381,0.868855998390617,65.87350845277633
4.901487422174959,0.11937670805116839,92.75272088205303,0.8775716280040711,64.45889959469842
5.332316328794734,0.02590247333448872,80.94506808062138,0.9781585008081002,67.6443124802425
5.169980644517818,0.04084812884217599,134.67948896934325,0.9175805138384566,68.55760338243935
5.19329315003246,0.007342574997852753,79.87174993882246,0.951755277877761,78.34895531204747
5.043942683495995,0.04017834481144163,117.3660863085488,0.9346468794990482,78.29301622765011
5.156997134818576,0.09954706792770528,113.81086261817659,0.9058031381139939,62.38308822219185
4.759822897295568,0.013016563140005825,93.90268043552868,0.9583422397540752,73.41346611826187
4.907147034221831,0.04462417423723111,136.200902073289,0.9941465811820768,73.99803733403783
5.057601271090603,0.0035336572491090103,68.81807357836944,0.9933639107911573,88.99934600518364
5.083254757664567,0.010769365488125661,98.4061739804222,0.9578904001986741,82.70650032283841
5.096056356476562,0.07551270906405254,90.21919670118992,0.8974659511498458,71.83711160467634
4.958499415395087,0.04990873014952836,119.21186300541706,0.8326317918382403,74.75510493749906
4.886772979660901,0.0849590626314592,107.07131728750336,0.8088941017943789,65.93326969207244
5.947331384913289,0.025798379068257587,65.45409642667015,0.8462889936731889,29.670730275760793
5.272036181879719,0.05726145574993356,124.78958887492905,0.8680515999195088,59.97068383562407
5.123944242785787,0.06016580213689146,109.70923445849135,0.8259699231836106,69.08695013014214
4.930037450538082,0.06231206745531255,79.29016276074138,0.8449530659224904,75.42548195636371
4.864634351916837,0.08097664679741294,93.00641790427215,0.8167090929121769,66.76510416321457
4.960759821881913,0.02521975614773102,74.00230170055835,0.9047353944125958,84.55710360895121
5.087848653076005,0.03516463714123132,96.5832394876704,0.8252636382347095,76.30133406018216
4.435869336781075,0.03242312105656458,103.00235934719646,0.948553725984591,49.959530633352
4.529183121387595,0.03190696425057188,93.30705682732103,0.8665299556288166,54.96483607551414
4.808935283318313,0.015355554064660468,90.99071000254291,0.9344125428422463,75.82196374599033
5.06214183103357,0.03769909663355033,67.74519261897643,0.9765038870160769,83.37218412137713
4.928218055854445,0.1014556168583323,106.74482923006416,0.8172033085074021,66.14432406965847
5.443436367829845,0.10212096229641612,61.510908062740945,0.9978001574825421,51.88058592912363
4.55528096390127,0.0221820066232869,100.62159036474524,0.9290486684733471,58.508371173575554
4.774596359118989,0.0446483006201764,64.01688351935078,0.8106731870873313,69.5903118439244
5.4560275222973305,0.03086226846434208,101.01009780972574,0.8628004463852335,55.164007539240956
5.039335797402544,0.0695823189130401,99.87761990824502,0.9772490297882913,76.75972292383265
5.265452774840347,0.050052646753705174,108.06689935357082,0.9192467208745796,64.1431809786579
5.615374082980839,0.08933903286426056,117.24571433603185,0.857444473448983,35.10101812688704
4.791858674629453,0.014137142240211741,120.95176844501876,0.9880989168797027,73.0577506348276
4.97020569866239,0.034829191857540145,67.7991480124814,0.9574505140815643,85.35705862149553
4.9182719297207385,0.041328395589183886,98.83587893733839,0.9471076992299896,77.95562253573269
4.413622098655018,0.054763375012611845,140.21881769120108,0.9776854240013406,42.134646378315985
4.906880958873209,0.07636405617160348,102.38201136995414,0.9539559889417232,71.79916774849109
5.2643186562142,0.01586319529221736,83.37303719397373,0.8573476706397726,70.57105102671349
5.162176862543673,0.014291486611975962,98.40597747121328,0.9167772151051216,76.62061181056436
5.185724950816403,0.010507487279007258,92.32668119371877,0.9684572335523927,77.41685641084072
4.8873473058081505,0.017369406332181217,76.47083685735691,0.8361696213445671,79.71173613981748
4.803170829198308,0.05492163910314876,117.38208376414016,0.8326046559002407,64.86588862801696
5.380776701569586,0.06270177501303512,111.68705116550724,0.831795249514176,53.21533152760234
4.850804856092699,0.07546857847296427,73.30981855775744,0.8388510549325042,69.17404383749167
5.088224611637965,0.03695910621318749,98.13450832366196,0.8206461631226436,75.76212979983067
5.0490004042032615,0.004631484015138427,88.67072701635755,0.9675258039928333,86.84869652375447
5.438515104877135,0.08219709624830623,67.96814970950066,0.9636636440794968,53.83598718076582
5.291423707301708,0.03640048589917026,71.70361085048029,0.830273798371819,66.48961955941034
4.611422413799864,0.03697649741318299,74.68080352399336,0.9411074353420692,62.49293857045644
4.643734049967488,0.03903130226475554,98.83140493114406,0.92539511184199,61.39410940206136
5.173672945420741,0.032204296791192036,90.84093999593287,0.8552388531224723,72.76966181893292
4.98069870578625,0.06706281983344595,80.81624075808173,0.845473686738664,77.61034903112322
4.863448464813871,0.009457177274219488,92.16233940758097,0.8501171710550843,78.17444077804292
5.304688365198341,0.004745593664992467,114.95069943690955,0.9461261216213736,68.43431152708716
5.056237814626673,0.06819756255273558,107.13392194544112,0.8638634132680902,72.95997281030697
5.015737216066833,0.03249567726847637,120.03737615243806,0.8555918555234947,79.28951494094463
5.233948592226515,0.033461756644312904,95.43374270561502,0.8044962199737298,67.49037109867527
4.8874673015169305,0.02214536630838457,132.05114381363288,0.9816472987553043,76.35406473850095
5.4705556956417665,0.01986571370683789,106.96159767396983,0.9505408288957928,57.101458015987205
4.763585713030098,0.005921781593875193,90.22165153317219,0.8945567351613442,73.79584509263427
5.197078719902627,0.00899275907316642,101.85903619380738,0.9885853840701144,76.41216700688899
5.430149851597953,0.03391820818974327,75.03848094820366,0.8587064423550845,58.77355842794265
4.58681135321837,0.04413325130206533,93.87629727504462,0.9349410086366297,57.89988394302055
4.896999447244265,0.013407459575836809,108.59948460453215,0.861030075535745,78.16950094854205
5.3426622178656675,0.06843723105836258,112.23339016197178,0.8629144851037897,55.209632955184176
5.347173364319308,0.008772247920467355,91.79675554337607,0.968941833343054,68.05292206529491
4.948551319883528,0.03292252447105189,154.6778085504527,0.9574043906911661,75.65500748113195
4.7795986718969425,0.008109305892578966,96.55584513689422,0.8588214861314698,73.08036963886968
5.286780746699229,0.0005428599568237241,66.43211915713692,0.8162779031333188,72.39407235147539
5.355064730774481,0.07045517058640263,124.26534384016996,0.8715168279182397,53.131642739918526
4.650600995446282,0.0015499905374233847,112.14254607699354,0.9520115070970631,66.6295366804053
4.638825905310086,0.00618948093998371,104.633776419105,0.8201088722370014,63.33993198043715
5.06757700459508,0.09057733527462178,90.70158217816444,0.9344201729446505,71.97702467417851
5.188808190028667,0.045413366073167455,107.86693032052882,0.977952651982781,70.63186369490757
4.910279274430984,0.10313530080017484,132.3803249199526,0.8358454311210095,62.62533747625773
5.203788145994705,0.08295225020319526,104.03265874680292,0.9724408648572408,64.37542513230295
4.786959017948785,0.02435812941814273,70.59932826378147,0.8102727764913783,72.7093443676551
4.365591920277879,0.0694975427200054,30.93291833624467,0.9333760516181127,47.08511300740972
4.872829678300221,0.09626516460372958,107.6911912127677,0.9582077840751746,66.32504256768053
5.01896964395393,0.096640656616171,80.28172917479785,0.8889532235318665,74.11661442349606
4.917248012031063,0.06940479917883437,98.00574565208392,0.8407457389627028,71.63850105908429
4.652419020902155,0.06837614974545879,83.81844753973202,0.9849458997807011,60.20579203395129
4.455305307236355,0.004866947816222513,82.38182031606804,0.8039937737206339,54.42996970455377
4.84577335868963,0.02186910421747874,84.69451733427465,0.9110142458459065,77.21686907224668
5.269296731494923,0.002389134055127161,86.50249280166868,0.8745698817410065,72.3249743566888
5.376859231824104,0.06323945007163814,115.52471976965671,0.8922114390962091,54.19428538476653
5.356314015241536,0.08713976577108527,111.4728758627317,0.9073130112557792,52.54916685868744
4.755227139455434,0.005835352029114397,75.84022354377653,0.9069497244533018,74.9932976976473
4.653888102910891,0.08456653645324799,78.56530547265983,0.8407247327512865,55.50626981442599
5.148990384493969,0.041574978861079984,107.58243808938745,0.9359404645800087,72.78489558386131
5.1905300034793775,0.07413124605011052,121.05004730871043,0.8038296582384292,61.42010131761831
5.120050881560149,0.004744032908965981,120.74282719828251,0.8042368188425714,76.09579582706932
4.395781017728671,0.044218470415458705,79.94182318439536,0.895697468255662,47.03385754807518
4.73993462453496,0.1013559026079879,119.7862286380045,0.9083805760540552,55.38168073818005
4.9910933629142065,0.07536558346703871,64.474607313623,0.8549778963400521,78.81286145023532
5.146165458389128,0.030589621009289213,95.94231165979922,0.9103351067253668,75.25410031378634
5.230192208780746,0.021696894256748155,109.74052885217306,0.903221846597118,70.02431738136806
5.043276056684612,0.04197550094095591,58.42389973916697,0.869844110954529,82.66160370295376
5.099235141961471,0.029731428895870556,141.85713848170923,0.9303549273090234,74.00756184594069
5.025459637508331,0.019613797708573567,126.53390365953231,0.9915874433093539,82.70871059344795
5.2056858122655445,0.0006026134892460969,112.94007944721179,0.8981605388850271,74.23766207365978
5.093859695447273,0.11803589160193516,80.69943584870157,0.957210151854996,67.73729398510311
5.019721298014186,0.1536078371314007,98.63792750845734,0.8495193127145979,62.90214005288494
4.919489360258786,0.09813342526153417,115.80840339526044,0.9523901187014963,67.91630986080092
5.024387427512744,0.043911197008131175,77.54676866000372,0.9297811909003989,82.79102175002328
5.145377413651782,0.0031125483649032497,96.39051537523966,0.9279395559856608,79.73021250834684
5.080242616669419,0.0199092946948483,118.20767699621965,0.9786070680884456,79.95042245775458
5.114247925503576,0.016614120521510126,70.10809996453901,0.8466700509904503,80.57559741491404
5.402816558405355,0.007663382934338034,106.6484942204091,0.8736900234181885,61.49045010185083
5.079549176823976,0.12755820207128848,64.90460740757639,0.8166134914021972,65.93512816715447
4.805300443858052,0.11031411481912994,81.12306488842694,0.9452239953538424,62.56308282684782
5.265082035798251,0.0573139194967697,89.90814788647812,0.9687734570599223,65.88264428014013
4.590140498699324,0.02803065882064131,110.27111225437557,0.8811667007263606,57.80005388795293
4.675575985778214,0.06465279633555182,85.98421794987593,0.8713653636936519,59.665525175245506
5.100754179416021,0.00806914857446974,102.51096782658303,0.9317303711713055,81.12788758963609
5.1549190003359735,0.08765047193220607,86.25543724383535,0.8151180921578675,65.2341073087845
4.626484632948801,0.03435503187006297,89.38766455769695,0.8587683792272628,60.6724243251942
4.885154755703975,0.022095652041702763,125.01323015572298,0.8732425597070368,74.75846571455152
4.818174850334103,0.02040267145450186,76.99543643515523,0.9037180568061505,76.40490779447836
4.853997103135521,0.007479600321599623,115.1830794789437,0.8953138438938019,76.50585506987298
5.283079332881884,0.004916148647120647,99.97872229050036,0.8417360845549254,69.11466719206734
5.211951639064176,0.0182871590447996,88.48892622184019,0.9081575747726666,73.85408667269883
4.994263346043888,0.015883472499139736,75.64954335179763,0.985173738177354,89.41180031612963
4.836211421865522,0.07379045464238157,77.07527385801818,0.805417578059426,67.50494129096076
4.595105098933958,0.09601389944414167,85.22709950484106,0.9360613144809345,51.50273735855082
5.4260554816345845,0.029168836147433996,96.99891185557716,0.9249418054524617,58.860290603301344
5.177634170085476,0.027619919256523653,112.07019272312803,0.9848853909423325,73.68965045292674
4.787999268778058,0.003572337410485127,93.99521480155275,0.9290689880814164,75.92596379658374
5.215879849287467,0.014583257631535292,95.33378296235563,0.9249685424962086,73.82571295171027
4.978932913827612,0.09294899084159194,98.3201955335539,0.953961132019648,74.0408292904555
4.913867148541297,0.033471172602745056,109.53555382877457,0.8535611897639321,75.92902143446726
5.130563458486881,0.04832327420547672,112.8960563839302,0.9191464524864474,72.01102477130156
4.777550525026182,0.033726809379164086,72.26069048856304,0.9038842218723692,72.4456254832874
4.896873044146967,0.03157307912493865,94.35850580513376,0.8876945013309947,77.39446022618375
5.036438319259863,0.03548647515435044,124.54808034695843,0.8158974334738922,76.35387020603763
4.850164642134436,0.07663670712844693,73.67760092560091,0.8585257716025683,69.31712779829039
5.200725563080257,0.007504075758023568,101.48625780897918,0.8559963427980339,73.80215592654379
5.560719951103478,0.07811305552855786,96.58311992406439,0.9448501914328002,43.87853644075719
4.773710560217857,0.21711655054033427,88.66648820126777,0.984131227042087,44.67112675273627
4.500462411108787,0.0402154466269755,131.81565302086716,0.8461574445753698,47.737011261901564
4.399477949757122,0.04115399801621764,100.7367161773575,0.8149247877782653,44.02040142082422
4.954859557551505,0.008552328893717084,130.22290143888628,0.9999913908737541,82.9862617926192
4.801050622962145,0.12238259519484249,100.1125441048882,0.938241066026811,58.459215008549734
5.062358150320124,0.04768913803957407,109.20511778635463,0.9772941693980515,77.73051188418201
5.0397793016078305,0.05124697451579399,88.45556982146039,0.8287758831727593,77.65615640747022
4.519034946015771,0.0503605549752095,88.67812649404493,0.9601536082234737,53.92327302972982
4.455534851155578,0.004071666596958373,108.1869506049772,0.96266474919762,55.155941003245616
5.088779972103828,0.01828433346250955,108.55394915267182,0.8302977851981219,77.68111244308913
5.040628650415987,0.0734845840869804,111.9597413318371,0.8322808360188192,71.98923594918641
4.8722546004900344,0.03385834130792639,107.53356573909151,0.8590902432243602,73.68497312379115
4.502856924460309,0.05316915244236928,73.27158145991831,0.843357489527148,51.73603424581425
5.141417378829497,0.020938886169397347,83.8726264657517,0.9950819816113188,79.88850133047177
5.381569863627183,0.03363966931429898,116.9988577229739,0.8725887667272869,57.81174734747252
5.083394732065677,0.06791663573425706,60.83069269193325,0.9522612823534414,77.77097709379635
4.74575783283048,0.044127834650264375,105.85214483011207,0.9610101606965346,66.76128350320865
5.0133656496713455,0.06052974865742962,97.76239801861638,0.8771881774309349,77.8861224678619
4.590165775719894,0.008445242654471236,116.99163734944719,0.9365171108564672,61.174338627207604
5.317388214151638,0.0747936727488413,108.3324237214151,0.8215600281791454,55.33561443001693
5.024553300358861,0.03672788172689401,86.72039440583076,0.8793924102963873,81.93342848477889
4.46955292647403,0.009523580924147228,85.81299923396674,0.99346213201898,58.03258116680266
4.9097976918668955,0.00950129845454107,89.54433054006162,0.8337061307827208,80.88235630548081
5.138990453070269,0.061164749717766545,111.60126094741256,0.8771422609401263,68.86857948218015
4.900085713707344,0.08304758427404638,53.95572640889511,0.9581043019784066,75.31451858001228
4.917231283567948,0.006642577043009232,103.14758888714123,0.933084650982092,82.38442458855322
4.632679337885818,0.03665032828906985,82.33930825545265,0.9263037203148797,62.75535461054096
5.169962296124496,0.05471055214726128,103.81670595614514,0.9706514918684845,70.62703865219619
4.805459239994259,0.05242654710168501,106.88995573006738,0.8058187686047396,65.89095213349084
4.35306638689849,0.045275621879148575,66.75346834142626,0.9542328736363984,46.80195057062247
4.888622788798882,0.03313501377639495,95.46267145998738,0.9765098078431637,78.33104427233822
5.294344914671106,0.0007725241519374766,103.11140713600493,0.8032348954992394,67.97698369332733
4.8839211660200155,0.04681659446077224,101.75900190550296,0.9117925902214611,74.07273240596403
5.521395495537056,0.07693999546907888,97.5559809376807,0.8697176970421261,44.81402679448927
5.128690384564555,0.03677220971685616,75.58224960371976,0.8101525417627086,75.40757134348046
5.10162744868411,0.05212372232863094,78.62743938706916,0.8835496238636287,75.89204326822441
4.961480520224717,0.04357720360633836,72.43905354492298,0.9288060282343772,82.48446588272753
4.979514137670713,0.0029865161022914997,111.08091141679508,0.9838027263178785,86.89083422957712
4.920972909464149,0.11733492311827812,97.68858316386797,0.9241060972992143,66.37139972970472
4.909319182375242,0.01754129349864548,98.96493521414574,0.9713486163111974,81.45843572252707
5.159260148620144,0.03712654948647966,65.89013112310212,0.824314301334913,74.77268157420744
4.71925063106283,0.027302000912577663,99.3279440547759,0.8421042335046269,65.96902799149811
4.6772318513827225,0.1281737426850071,112.67274143965366,0.9940585728429135,50.02174699310519
4.663041484737387,0.007064724456921436,63.163208508514415,0.9774801380512887,71.95606232587933
5.613696364303146,0.008594765777424167,89.29187482510059,0.8470453906040052,49.90072360476767
5.159102870501174,0.08585293389836823,68.59301736910389,0.924194776359516,69.20048147545424
5.091347660504043,0.010913287757319054,91.59435850540225,0.8725265517057066,81.17324238973345
4.68274559891197,0.022394439133760748,81.98016204858155,0.8937197017457671,67.2819478947113
5.187002690202449,0.005915583960543518,107.61817667283206,0.9721756298184581,76.5741959228575
4.965028596064001,0.006258381097138636,103.38479126852783,0.9471425220266065,85.56732991294861
5.064250682339525,0.03852510054140459,125.83008811268088,0.8476885123440191,74.73695541403012
4.707013905240933,0.04764715945990528,98.91844301399013,0.8631986149393766,62.645888392858694
5.048080657225273,0.01216242156062836,106.76975604208546,0.8579420919637996,81.77266356745682
4.872849938538055,0.018304022807346488,88.84585036703045,0.9561325556681489,79.86345896784125
4.770316652890943,0.010456804442878161,77.93870697542843,0.8980176842273663,74.81696149402936
5.220231900742174,0.05006270070998842,116.69524869380173,0.9901448614048772,67.41005320768866
4.538687657440999,0.05952151292596487,124.86510107094159,0.9633374354458102,50.17327110938725
5.169432879294245,0.03485835736124538,114.11311398476505,0.8422388861709162,70.03873996310031
5.205345840065899,0.0669297901587556,102.62456246259065,0.9571885590709099,66.52109600739186
4.736106897334627,0.06355226465726087,80.51812891029448,0.9012158694427854,64.60607863931477
4.75390146166026,0.09909956365683292,122.83256346853892,0.8507420252361411,55.100737308959594
4.93309229562008,0.0077467456478369605,111.59018631274024,0.872666348563578,81.11783423002677
5.084610863138666,0.03510459777962795,140.4975721865889,0.9944252233486672,75.4964057930503
4.954143502455732,0.027186871891042845,76.91152099520187,0.896792288516825,83.41527303450383
5.130068738057564,0.0008911759404690613,117.2513300249476,0.9439211699221326,79.2154897214237
5.52889389576122,0.049595595312229415,110.98213009749597,0.8954170590325544,47.637155128393886
4.847684969255086,0.019042345479932932,93.15945599503888,0.8743114547692239,76.17502982919581
4.485446008788974,0.07480009474589445,127.27669760406208,0.9592840036518717,44.36475662808548
5.247777074909196,0.028354293639977036,108.04690296849095,0.9696648703550126,69.46883856970283
5.504994372778259,0.02028925574133268,81.26213943076692,0.8143778331331741,54.81829199169136
5.117830508915337,0.024505521461554318,97.6332196745118,0.8557955178263332,76.60692963492211
4.673675397393899,0.05028384038520009,81.02282385793775,0.9015742095261762,62.8071495905837
4.962832291029439,0.05682298517730609,90.62968569228973,0.8632995494888867,77.44951210571921
4.6644429547365105,0.022812266878658942,114.07652307079465,0.9567166009921507,64.17141696515533
5.192856648188885,0.05018336530252637,119.78548090468432,0.8229466721497738,65.38148166581502
4.5946128791904695,0.06343147132503929,104.4242466757873,0.9595596572573146,54.91082053023983
4.90996136395154,0.002257025631567086,84.99850246820935,0.9235772834389747,84.2308234143159
4.698698652111828,0.004422304566932548,107.63216840790714,0.8578735437074967,67.65282747502901
5.038047405540489,0.023920023866965057,114.46799275915274,0.8688909376882359,80.06017156537536
4.890097496858672,0.01518684783624814,60.557765095205646,0.8365798310186403,81.80364274693537
5.05302863097508,0.020691786161119732,102.32957550061835,0.8505146800596276,80.49185026845798
5.00670516648991,0.016008145183990966,96.19620403201338,0.9434537737964993,86.44592330573539
4.704002291682767,0.023534851083241968,119.07422510819144,0.8751768281082386,64.30602388982534
5.1880631190587065,0.0009765731941332768,107.71378329722998,0.9374968277374098,76.5482851023828
4.985370304447065,0.028382507769332793,109.68703402945572,0.9028215082203497,81.95256886288543
4.70344129764023,0.06391027827183225,90.36178067238076,0.8290595499287852,60.16494904897657
5.672277966861738,0.061962392269529765,100.03303434264872,0.8998141295599384,38.36194230480018
5.1429290500151374,0.08441052355330417,118.87369939607777,0.9512939691685266,65.90118790985888
4.9540218339802085,0.06190734484485802,98.70240534059447,0.8595351009448648,75.27566979692165
5.424561358010547,0.03192787657709022,103.49339111463148,0.9296163329373857,57.98012458008821
5.552544682815983,0.0016715818820072295,69.28085403115868,0.8398065309083417,56.464626963790934
4.956395173305834,0.0006119538591887949,98.62919927345568,0.8271397915833503,83.97179322379318
5.1042192459304285,0.023888865321790517,59.76000063787781,0.8720452261247914,81.62841990461376
4.703599154599118,0.020226464552577903,89.67710261283487,0.8778407187399341,67.77108370657558
4.955842174769597,0.05486937393559674,101.27031115453798,0.9522019260734205,78.03713180185092
4.940281233872039,0.016283380144151028,115.3406158896914,0.892015750253565,80.28062042680183
5.0554481100864965,0.018139107066811305,80.01680113096049,0.816246979066164,82.27550680301576
5.099828143591103,0.01386811143608847,107.47368286940204,0.9267998996710791,79.71872437560194
5.167948534648418,0.030467716509380738,129.36986808724257,0.8938506519732095,70.29295667542775
5.0712927968899875,0.007469169197497513,87.18512268568756,0.8663286401130632,83.21011734066863
4.636777212011251,0.016975528564702632,69.05894156554686,0.9604437617221973,67.9632845138589
4.718459868277675,0.013998334746601265,105.79679914114178,0.830876958045517,67.04570113146647
4.836077714160898,0.045166438692278335,76.16005986927414,0.9826424687955927,75.42654043479656
4.9153278224230315,0.015162529733482255,83.62002853052961,0.8668122980634223,81.61953299357504
5.315232287141634,0.001421086500001792,118.46673883404972,0.8921882889685255,66.86999169246724
4.651118303944126,0.033070225127360534,137.53798550753362,0.9858465991120383,60.06969789903089
4.89277548554879,0.0007258108733825229,79.9861976731703,0.9522479663475415,84.50399706155382
5.285902849464215,0.07632589468428516,85.25160519969174,0.814860486760964,59.168994044754456
4.910036757651016,0.02869330768466283,91.20262075182362,0.9156593717510741,79.49113466620068
5.138124694952848,0.010651424359135915,89.04383892949147,0.862072574334639,78.4518722427024
4.958137387121629,0.05023826108335004,138.6658502762407,0.901697649968144,74.11987203653403
5.077034977197417,0.002656280405495308,89.38864340624427,0.9485938083268323,85.01247113324293
4.931458236857138,0.0639817748853315,92.24496170947742,0.89923458278373,75.05042346335539
5.200119641818506,0.05731582612795631,132.3235494634965,0.814204375389009,62.447180133126736
4.53648307777807,0.058325188350278945,111.53352623078602,0.9059961037219367,50.40677586550248
4.891006397483436,0.05920850868622382,119.71798465898489,0.8048259333120288,68.70382774641469
5.088971803008293,0.02144362400872339,81.87774253955217,0.8696818714719883,80.65101139367847
5.160108574401858,0.023993520235504603,89.39640633648528,0.8956061045846864,75.76693895860804
5.4478857868261485,0.02001703160179748,79.2056328464208,0.9289347126753256,60.7824290190259
4.882692599940327,0.09650860276102606,116.02523092071631,0.9012413575243361,64.90756964068082
5.4438445285582615,0.09178385518998984,124.50486415566887,0.8303893621094338,43.75905083462762
4.802292852002099,0.026127757847538575,88.00451261636974,0.9864435127922084,75.14682643720234
5.398593923463393,0.005781701704016359,92.71517354191448,0.9300599345502284,64.54679067340709
5.245240138009512,0.08843117113492553,93.59019869922685,0.8633935570249816,59.92976731976739
4.725962426110333,0.0147251580692405,69.05552013443648,0.9931879390262083,74.30717862331441
5.092111771175547,0.031442460404795376,86.52355844480692,0.976515521821798,80.63487926070316
4.984629249340342,0.08759786526992293,115.46532429527203,0.8286980177356328,70.96550309511754
5.1876753781025,0.02181692498323139,82.49162991109812,0.9310858190213127,75.83949195568174
4.9330185234700075,0.06146117928185561,101.85963724409976,0.9120138904173097,74.81624859985833
4.907826132301481,0.0460280397921935,73.83962051071687,0.8385617845772388,76.95263560973291
5.410728374828856,0.01802417288842195,97.11998177742264,0.8466950280978058,59.87457396121923
4.970383731663298,0.029671679956655785,88.73357690827984,0.912754754710194,83.1540093096754
5.24792669725753,0.01622198800516379,75.56657032432466,0.8642576568667955,72.4195960686771
4.9323945544867405,0.03447255364253293,115.80772192310224,0.966966286219031,78.53134375489488
5.499998977768257,0.051166839744069326,116.93254722402037,0.8195478470612548,47.02273759111723
4.796499611199352,0.02653719295091249,80.6092257552805,0.9828061546404225,75.40459824660466
4.815756940625844,0.04705254920308316,95.67633071612545,0.968110509813658,71.68211118174881
5.4573551543347705,0.06926100864045504,100.88637366144899,0.9477246966227494,51.03539601015561
4.866516082731424,0.04991785372301112,63.70476425744301,0.8525134501870327,75.18307948343013
5.480322291849317,0.08581236485806369,72.05814547211936,0.9429915712084238,49.96282463728795
5.267552173878443,0.10476817470899678,125.72568872733562,0.8877539559237265,53.41415360668484
4.95360508803175,0.0405075783856797,78.69746206994859,0.9267515794458332,81.80545390597487
4.4560119583948525,0.03190242907123303,125.16366216503391,0.862510883440671,47.309204595316224
4.9942045087184495,0.003594535581987947,73.09172651233338,0.9671715707616058,91.14734894980755
5.030489016060027,0.01762013774407465,113.17655554280806,0.8081152198637757,80.37228721778187
5.350165319991312,0.03352317543652784,93.7739378497933,0.9382919493391834,63.35004968684643
5.476534152872033,0.02109907763218012,96.58467461691266,0.9657262480766629,57.89914668269298
4.794503846256876,0.03405825714473085,137.11871827067927,0.9292856230327798,67.4353328372906
5.240354529196455,0.01546266213304386,74.91626731362636,0.8383983564258626,72.53566932541075
5.229620646804005,0.033255354725612155,111.89596392522142,0.8569961559560526,67.18478470951679
5.322023810723134,0.0030261710580656923,111.06979327115644,0.9029810589005501,67.17728754879748
5.1496069736406636,0.003090664150876575,167.09146778332754,0.8658898138544486,71.16863145768491
4.417250692711469,0.00880125852383339,78.45738359536227,0.8009832843414397,51.88878011140569
4.953373270241672,0.1158629767252036,87.48030412993127,0.8081356224889096,67.23763174250483
4.653287727524925,0.09319503930871614,116.31844571665108,0.9535536862020018,52.65723690756302
4.939218268124578,0.04776470950068079,95.99472281596273,0.8167414363362729,75.92374610750174
5.294001270840168,0.08626544986338694,90.73898086536501,0.9856043711276463,60.05829560609832
5.091545250762492,0.05992306694889413,119.15022976646331,0.8885472891792662,71.37474771885537
5.34442725991923,0.02906355797570276,94.66863127392558,0.9516373276728735,64.54071413455571
5.102526176214062,0.055278567050984176,82.16281859237165,0.8251009192137214,73.84238089454591
4.610502218099329,0.006891803993742996,114.52420309523963,0.9853014840154076,63.8499718576825
4.2437458980281795,0.003248105399082407,107.50576016055722,0.806761765968431,39.52219737514131
5.044642628503877,0.03665375865460785,93.74306808788047,0.8084274321459113,78.61762032570637
4.93582206009465,0.0543081137303308,92.79396962479957,0.8109171560426047,74.94205270450152
4.706916278185435,0.04463596732835126,81.70186790118873,0.8206816321926965,63.96302744560849
4.489811825104587,0.03622521611854065,114.50193710230684,0.8973663287771823,50.45205995380707
4.779577035958187,0.0383698490033806,92.7978436549125,0.9576552884229936,70.89246620995277
4.941652554540568,0.017293925321809466,84.6030819285266,0.8569895662912662,82.58454760713529
5.199763347111917,0.07806111365770818,74.2888966561629,0.9491553643387192,67.85924974578684
5.056589324470394,0.023884825675828027,107.84308715817671,0.9548121949537046,81.33385186365855
5.482420174151819,0.02853994519669012,89.82834042174005,0.9816554659703514,57.424073048620386
4.689318783186382,0.010511085021600948,59.746493720218574,0.8298703840295536,70.40522254651196
5.26431766761723,0.04531817355310314,75.93462420711907,0.8271069018068686,66.29188952542619
5.014189622938618,0.02280538263282152,95.32806128682034,0.8244190111068236,82.68338932221413
5.208400737235575,0.02450417387700535,95.88924670165665,0.8718621218108248,71.66864745036553
4.869045541020337,0.02843612886729386,95.12915499258699,0.8978825328383959,76.32204828863534
5.321504112167177,0.031509040311460984,92.34487776864877,0.8923218710031234,64.59534686644783
5.088567427503573,0.02395369289813066,70.48292554527177,0.8514097462799589,81.07280278613801
4.796166504524675,0.037230466029705506,82.50902951701897,0.9243959250927,72.42243591717677
4.996392791326044,0.12958851660254053,123.67553972968203,0.8676547261401089,65.33083053901554
4.92813324231887,0.1480648888385553,120.72456253706132,0.873216597615904,58.870136911960834
5.146753505191338,0.01196080703933609,111.55903564688103,0.8211060125605186,74.66688531914157
4.646066975187647,0.09591214901762495,109.79005208081337,0.9184462670182152,51.76711629089807
4.9911944893652915,0.04977476503609868,118.09511816130983,0.9310560750456582,78.81706429128486
5.1185921757948,0.029312622995063313,77.58410525015799,0.9515900440923185,79.7609663598831
5.00990699215791,0.07305209295917903,100.65856733513898,0.9808018426254355,77.99794664564338
5.404082373316698,0.034244294985765866,77.5946569870608,0.9532008911314033,61.9229654770552
5.2322068322213156,0.022930196976285955,77.94171060469453,0.8471487332300137,71.77686412440899
4.997755760977776,0.07644532979386115,107.36129875493883,0.847131031892874,74.60503695195095
5.065006729249302,0.0834390294206921,118.9350087827175,0.9830174391123794,71.35058973591389
5.0886996654446,0.04932800293904992,96.12301731154923,0.9580267138830345,76.8270521789723
5.120989881250047,0.020830309356979177,132.98000864419004,0.9564492860621809,75.44704557827492
4.452302601300618,0.014720352035566087,104.23568654091073,0.9439427320221072,53.38538925905322
4.909542111269196,0.024921881196229186,84.46428935166978,0.8534403982507563,79.45662352656552
4.554668279541972,0.008700839832387564,78.26542896252656,0.9694820684814092,63.538069271035724
5.383484284237846,0.041710358893094296,120.36262968369432,0.8285769356160253,55.26966485571619
4.981745143999122,0.06980523946585501,102.56918231479631,0.8700035218595807,75.57707492578106
4.941997715096113,0.10613548553603641,113.52094756338964,0.8692949079872859,66.63334347876805
5.269039199609971,0.04894565118864498,46.840734790935166,0.912026428341607,70.07225543284363
5.126697439234962,0.022616683922655496,104.89344068693876,0.8926887111991155,76.37008121279237
4.661409645686238,0.012631188740109087,89.76451623007526,0.8919616266199741,66.65268133954986
4.9787283912417895,0.016232387937022152,72.12480928166272,0.9107144862559183,87.29065408090614
4.899449908032085,0.04573201199905795,98.74635314103149,0.8830836909824258,74.89423118761177
4.476640133418184,0.03940840167169711,121.83627067308912,0.8499966462635471,47.50345361229849
4.7929171300288385,0.1225198325555755,145.32456572839436,0.9328241435534674,53.3210792166239
4.9449379033950605,0.003075656762745422,104.8430481464502,0.9581266757676805,84.91315439000039
4.965514720552447,0.03923752668834016,85.81706820076955,0.8957991757689179,81.37953092519719
4.555330572896807,0.1377355698872046,84.60994886963066,0.9298966373429014,42.79643675062269
5.345499674914243,0.009260344845180065,119.26264724130398,0.9070726563646072,64.09615618153016
4.969369082332569,0.02725743480851776,80.06251761694216,0.8117992877074205,82.30326371113065
5.011265922998169,0.027244025056200775,112.44854759055525,0.8846169323128272,81.68492474888073
5.120192491501951,0.024104344981371578,105.87362379919236,0.8019704999043475,74.62484638084489
4.763577123828899,0.01901085740688208,103.66202783765759,0.9323758556329516,71.24431314759488
5.136906791939809,0.07234004517456732,68.63762820238415,0.9016322939769204,72.10346876672638
4.8898776061945455,0.027365942951569768,92.8608359554735,0.8253663070359394,76.5090074741087
4.7310243378058425,0.026769862999114675,70.83684417284775,0.9084383064157676,70.93106252951392
5.17203424800662,0.06202838488958358,88.23505197366468,0.9796852006055978,71.14388620091077
5.4475021576405425,0.028983301943579367,118.34277323041024,0.8680981529555236,54.330060986099994
5.21744881204575,0.06764093886117274,124.62115806711131,0.9964737532465933,64.27428970629984
5.276893269542129,0.03738313139738743,104.2789729898177,0.9918759813484335,67.18855644585102
4.843810818031311,0.038441220612433075,88.5931897513203,0.9570619684912978,75.1443863847076
4.520714081249463,0.05866708473223543,131.76198664720837,0.9627599955637911,48.52178341168745
5.447041256629952,0.001168874511786825,88.3281873248764,0.8821090720399685,61.811556133746556
5.616354466821428,0.04295013634840755,77.28627016381992,0.880508219059418,46.45774890325956
5.462842032130904,0.017919625231480305,113.92965935833567,0.9908794716533985,57.9661577846581
4.899264218306075,0.08140576468904644,109.15468085139413,0.8732392499107284,68.2943053080827
4.653609698381347,0.07629651653170283,89.14848178148318,0.8193745778146087,55.24474780126924
4.68029519065413,0.0014214217377788371,102.00450459139134,0.830540217638253,67.01485207220689
4.494880229715785,0.04415427181882213,108.84319977703547,0.9420797930385845,51.026948893191935
4.967786414476986,0.001558986017478628,104.07357682103633,0.8765961870179289,84.95790302425232
5.481703387424736,0.0034238825365956217,109.17877909929162,0.8398685679424386,56.4637078229461
4.957501210438327,0.04232233916523887,89.88570276880051,0.9627572257366128,81.36829598936599
5.090696870104482,0.014749924854793924,110.52490088479198,0.8977346981346584,79.24790293972596
5.412679089291262,0.0176632105868571,100.35115675166564,0.9135282409539569,60.82522219840828
4.87877140645028,0.0752131533630334,90.56378956927293,0.8307898709300213,69.00372984423493
5.610659437015879,0.02702129337224171,95.0823047553345,0.8385508402831878,46.57002610334133
5.597628322249236,0.041770782636547044,98.04196328151164,0.8251712073947612,44.57591108930787
4.960666598395855,0.06624927170656336,71.09243325877442,0.9029085598468862,78.6515330188271
4.826739720794236,0.10121324353486429,87.26681506860143,0.9551314023454509,64.79834325747338
5.209171413917094,0.0518772890722204,101.29811031185572,0.9464570487762949,68.46745174848164
4.895742517244343,0.0040271712803387864,72.98017929222296,0.8522461641044424,82.88738069547631
4.6530334348797995,0.04881780088069044,87.60152676370839,0.9703100375811275,62.50538403593612
5.384371596056894,0.09711234352036491,147.69289956743745,0.8211321696280828,44.024206144349506
5.364934216183124,0.09964260321859937,77.41483270357612,0.8228099940166222,51.872273156197515
5.046653481129068,0.028528301338506312,92.32372174699141,0.9698608565208366,83.08639088719755
4.621140573881546,0.08801474964749552,83.32565442942538,0.8488839122351794,52.71133478752951
4.631142124634784,0.024298504123706436,97.66259992093326,0.941623168928019,63.28995524599812
5.032168786525745,0.04519299670862454,83.7016331373004,0.8018159183843352,78.95707835611827
4.85003868964849,0.024259796498539377,95.13513753415134,0.8187202177238306,74.22424250518998
4.897672120357518,0.060884315652727714,85.62905929700214,0.9218577417444567,74.60192877873084
5.306588946518001,0.008310431620014146,121.1025563273965,0.836483190975581,64.97750665268975
5.219953795226767,0.043660760450379435,101.63274075439094,0.8056427372625525,66.203238888649
5.413442804149284,0.07510976593856002,79.9405468607356,0.8933893513366646,53.8006992009187
4.702813032986823,0.012558814694588766,116.81593047665386,0.8661040998557038,65.92544872446975
4.897042529393986,0.03211221162448249,80.83466767939774,0.9604513856166288,80.1312809643596
5.2276945086380335,0.07439311186111743,68.71839622176698,0.9637657982206609,67.58283904478691
5.134423502303868,0.05512515095316789,99.93915025134385,0.9228846242418398,72.12959467849515
5.459714114776286,0.1177331271731245,138.1452884867996,0.8586067492692906,38.11479017416001
5.126161011771221,0.04222180238743477,63.44671742168225,0.8923253302524902,77.5989037984931
5.554432731231666,0.01543093697860284,73.38024156861806,0.9404512054209219,55.890395530866265
5.162005340516942,0.06402406504570568,115.05051326321689,0.8138617106310604,65.44825269842713
5.318650234276598,0.021570873673327523,87.1535720077608,0.8664994176656251,66.25998604494141
4.902945515964663,0.02825497757466129,112.23897134493086,0.9644739401818344,78.00406599082419
5.0042861635651965,0.00045002792381806586,83.25022186116107,0.8812057084494036,88.97441798038747
5.273283321151842,0.001407612654395731,102.83924354818353,0.9249336022630932,71.60660652317362
5.4838934511779165,0.015665292320731113,134.88947850770978,0.8192668738270541,51.51298870698545
5.218771084793226,0.022083571106967792,76.10820705956257,0.9554091950368104,75.05856244114122
4.975048468419614,0.03907206307886549,120.47521620274608,0.8200930979874484,76.9964389828214
5.413200508858503,0.01669890070269856,113.59413593264173,0.9723050509005514,60.78982178783191
4.342406403116036,0.09842669693546634,70.21511497802183,0.8213202089779377,35.18527232839879
4.573329649547938,0.0009566896794452363,111.17801047483546,0.9781785526339354,62.70204552615467
5.204490267100517,0.04186274914373139,101.45612257725212,0.8727539748454297,68.76063884159268
5.004232506875938,0.01242919660067867,101.82188019827458,0.9249061463548618,86.19760500461172
5.181654095337249,0.01573064060621483,106.73035132903405,0.9693101103276915,75.45432526248325
5.019322256729582,0.04691709126609697,92.9926831116839,0.8020482841981134,78.54479827910438
5.171283708381162,0.026958423086631045,101.40197917884795,0.853138632281261,72.60178876187608
4.755679153702043,0.015514101857553902,104.82904850080577,0.9816676642585052,72.16408237857901
5.171145825823907,0.011235708342663749,114.92115877771057,0.8776352121169624,74.1064825637342
5.298324358462275,0.027671369019269452,69.45677933243837,0.9412751851595249,69.82965890931973
5.36616518117937,0.05665872976811673,125.8177179298221,0.8280024112307005,53.50955609565211
5.60406628839461,0.06707848251255624,76.89419313881574,0.9356743202822526,44.718317411203444
5.073229533050716,0.053543609725096586,115.23256928292774,0.8146321991052087,72.34407361200394
5.0821733260541535,0.07654168003620415,101.58890198545559,0.9434650279529334,72.29875879183328
4.543048260747845,0.028833884765367735,74.37687314402605,0.8647609908773558,58.11534543321007
4.840576579658473,0.06999197676942188,110.5629093940801,0.8931695311906533,66.74289794850014
4.942075377798016,0.004306823342441618,81.09186721609657,0.8332520361934111,84.43435316877328
5.315095865682906,0.04140293738255828,121.3759111031528,0.9255698035468422,61.25761241226345
4.816699662773111,0.025616897436618834,85.78330322997512,0.8675135257561948,73.93138534302022
5.23890200592465,0.1395936694728642,70.10027804789246,0.8766750012098713,55.25030144299957
4.999513484910986,0.07434578088945004,130.6769021007259,0.9304385849908272,74.36002345098562
4.9468495654655715,0.026557892507830066,103.62647342473818,0.8357723322445102,79.18008935417616
5.074668190739977,0.039852750241320525,117.34382251522631,0.9704017787144488,77.21564934216967
4.8826530883241475,0.15533439704877505,82.97056242493265,0.9478572811152441,60.31911512194421
4.871288825572201,0.07312860028666814,62.16378926583599,0.9155460006276326,73.40258057730087
4.488564228262966,0.0494684803634786,133.50404848175555,0.8256666134164898,45.056509061410424
4.925613737801633,0.023742590610780896,99.87146375642102,0.9374219388800492,80.73672807843974
4.856009556155382,0.03367607837375086,109.82703788327093,0.8036198744179053,71.39885531329134
4.845205703195276,0.054103663774121305,113.13191561196538,0.9608791603067888,70.50118427053762
5.125061918777012,0.027851958509838393,93.29217893968621,0.8607595393612184,76.20446399015925
5.197589585837153,0.023561569872950727,104.52459095231033,0.8234423101060693,70.62677647571857
5.0696583513926985,0.02520694215507401,131.87905185010888,0.8328977908112394,75.50950822439088
5.2986245571348425,0.00692632267842393,99.35117542241339,0.9926268797016802,70.96099822193813
5.17266857774911,0.0957588196721778,118.8420263283915,0.9547660835701661,62.48718142279092
4.911483143058307,0.01374125398525688,60.17506039938757,0.84757439466728,83.56178233911673
4.861143114285686,0.12355856512665554,122.47521260638429,0.9926932486925889,60.741145801356176
5.093846671030054,0.06703397182436917,69.55991403988052,0.8280235341325087,73.91858324320351
5.172130132970571,0.006106509311287391,120.18817648067001,0.9467054423802883,75.67150682461143
5.41935329210945,0.05736392756234594,107.81262440902542,0.9313479253704694,54.079909405587976
5.357351913482029,0.040471122694591716,98.08158647852244,0.9642953544771153,61.965965228579556
4.837558098047849,0.021410285282964864,98.00823557584141,0.8763397441346412,74.76791441553492
4.9693981159618215,0.03576548133852956,94.9453781328533,0.8803670916621553,80.91186877688763
5.201305341475331,0.03334130855401936,83.58660961112874,0.924913403688558,73.06009034103552
5.320399333417692,0.013964515981380276,95.88047442739908,0.8796411513930443,66.68613818285243
5.281690840611438,0.09138997786682909,144.16118155018177,0.8082701785404424,51.13933829908005
4.980836650150596,0.09388464365160765,126.0461342156946,0.9459416063623481,71.08172116697209
4.623793204271445,0.0057117641981821905,82.57993642955132,0.9281892126110254,66.87661823582475
4.7003190871263225,0.035814508515056964,105.35374804654576,0.8847425625511962,63.80644539669015
5.0817900542958245,0.03374653905350437,101.91958326472863,0.860565912176024,77.04997580127248
5.102667673827304,0.030222258526158705,97.15413113980657,0.8641451676654737,76.8740910307668
4.6703961879696845,0.00386617675000174,79.94444886725041,0.9482057247423593,70.61351437380294
5.013370883266782,0.02742655078207524,108.91795969613304,0.9458321757959085,83.10861193298669
5.189367307091535,0.037751492020400915,116.92143259829274,0.96378368406825,70.55876819298348
4.6546320027478565,0.05799564215882419,83.3220262986644,0.9524360856472218,61.29509292412576
5.331499160541324,0.029843354737843514,139.11082834578414,0.9515888404212131,60.754241130689856
4.886740655432052,0.010278482765171595,130.44006498471109,0.8503546468110863,75.625753348898
5.377283933772995,0.05244009080757876,110.96331117902464,0.8203225109197528,54.807069452976066
4.83996426626723,0.0801979482505117,75.36560594662373,0.9523504532072035,69.87861220793873
4.692012355134747,0.09928872840231694,108.02817251969124,0.8197236039311506,52.21908687439114
4.862558903047484,0.07278991192332859,105.6395600312893,0.996422281058996,70.19953701240074
4.971455563076804,0.0037963908099109094,110.26310552436993,0.9750178534900014,86.19192168048461
4.883456027968556,0.05705165345502314,131.80928544579473,0.9066923203842374,69.40253152296518
4.935199573528066,0.09025277928014468,96.48051890766759,0.8704367130204324,70.33473988930415
5.100189544902857,0.08853479944524881,140.95653159311487,0.9053686071894859,64.72012637351948
4.94864618906108,0.013598807667674784,108.130086919875,0.9468603666206742,83.00314883393955
4.980166281814398,0.06605945189122801,94.1907364867747,0.9512659957121229,78.50730539074468
4.487232080239221,0.00339111030346307,147.98754413412823,0.8147331997299836,50.22116785002066
5.117509404803142,0.09506384417558644,116.5978380004018,0.9609708189789634,66.2494916650126
4.9732390106925,0.005743233120189102,90.90532226085054,0.9282994163410311,87.0083117742572
5.4830878941448615,0.11893256437742518,101.68433177892885,0.8081159227810406,39.16872697242246
4.718130449823812,0.05930602737991229,112.70466043709068,0.862632241162758,60.17410166198799
4.457511401450145,0.10987724223429934,96.98277946429316,0.9021282737388632,39.31338528021177
5.185420548179013,0.003189863482493966,102.67815738089901,0.837690298441095,74.88227781761712
5.1039581054939,0.04025148022220965,83.65592792674558,0.831048105774911,75.9801609598582
4.697470093840656,0.028463959917218267,66.29610938384184,0.8028562329194658,67.00612536286177
4.541075313498773,0.062199462605959835,102.12838645489424,0.9823101266902518,52.56796330734801
5.461219019205287,0.06495207664185623,102.80055644451775,0.8112215910060375,48.52842352707333
5.424233117182035,0.13985119591005932,110.54239183115709,0.8732022842928058,39.97814008530942
4.253762972388161,0.04410198986098246,88.47620585787607,0.8411543274542981,36.58594582744066
4.8625330912230496,0.05620471012530466,73.1889141091867,0.9482066204414723,74.96651995249806
5.49925761643517,0.0035415188251890876,80.69351060505304,0.9414369314963069,60.272702759532294
4.85718123266664,0.04706896863176192,121.1126751367965,0.9612444823923962,71.4841507994024
4.852816329792004,0.0010054395656208144,86.66777375584857,0.9233616602489969,80.8186196820722
4.915172201711189,0.025793037942099993,91.15838028392476,0.918330632066667,80.29215102429723
4.663730907869552,0.028725783077289756,93.75172872337777,0.8814221430943769,63.768257000129424
4.488567276731587,0.0023847563325414788,87.61447661426419,0.9272717400217736,58.74031029302304
5.315764193220424,0.023147254827099676,86.13578344934334,0.8230411169933507,65.42930417764228
4.447118928125697,0.0012352415143289698,82.5775287073238,0.936902569840437,57.12214798646883
5.074181435632627,0.0010134437483080398,128.013131491364,0.8207795515726176,79.01137518211212
5.265973847827295,0.07383323257511358,113.6020136668586,0.9723479805065333,61.05334248754005
4.5646321103296525,0.028770682091320568,124.95641546300476,0.9011365611654111,55.08941398308881
4.722719479221478,0.03735331361001386,128.98679512921677,0.9060713809071281,62.9829198170075
5.363953756517477,0.05286523844927679,53.00240405134038,0.9169715204410472,63.272178845246785
5.159867516068112,0.0411729165915195,106.86909284056154,0.9552104997957714,72.64931225904463
4.814814287936334,0.046521173198761895,88.27642732203363,0.8956941241744335,70.99692104765104
5.360674701008351,8.306886556236348e-05,122.33619288706697,0.8855176147294644,63.82379061554716
5.361960717036291,0.12425148381303458,85.17057593514878,0.8576666913545805,48.28091063944411
5.0807158079047126,0.09446136320920326,78.91700487272581,0.8256078701435183,69.60830395993453
4.729951931637901,0.05921835678852731,71.31908278693795,0.8380685082152066,64.5438242656053
4.875965388958462,0.05564024024774311,93.94650178042396,0.8001055687371665,70.81934849704717
5.085916023186617,0.047079146599970596,118.29890525056622,0.9738843295571334,75.43096268489343
4.943421551255754,0.028810635281931153,105.12334433722623,0.9529916789797763,80.83119692892846
5.281687153470456,0.04753396613125188,75.94703469727712,0.8437364857637913,65.24870211763299
4.541067775967199,0.0634087739777947,143.05318180723782,0.8004780181191011,44.65699264302098
4.551720941280128,0.016294379191599703,112.99077278983135,0.8984232609724079,57.32848753853275
5.05426133344473,0.03495978110900448,115.54820231515373,0.8825146398630141,77.59582539271042
4.8525366758579285,0.010834157898834804,125.70057654695316,0.9552013242684118,76.06104569732341
4.811885415590678,0.034688420011275437,67.19568822748441,0.8805791013395036,74.40187513779097
4.469582984247681,0.05585849873066448,81.77131722824235,0.9728225615047517,51.07552375253197
5.0058637534394546,0.008218021234201667,116.46022713848545,0.8191676458130506,83.15280181091495
4.984173467599771,0.05489293373897336,83.78523343957046,0.8731716172505096,79.90137699619338
5.196043694585522,0.006955533035082447,94.49973055489903,0.9867881797337461,77.47983890879134
5.020671839936291,0.019944944904656526,98.445186943374,0.8023459244653758,81.97034766309416
4.960218776527851,0.07142395045950552,74.45189222740166,0.8781578848013849,77.01750249603278
5.353100191037101,0.027659657027903885,92.7836563573272,0.8519406520133062,62.425487388121745
4.606259808965435,0.08911913728449701,118.29006434703665,0.9063721444886157,49.30615440032018
5.160916765654273,0.013327811561652293,114.58907779635682,0.8557533600557257,74.00198174797464
4.498655850561395,0.06370849359482497,122.26029323934935,0.9739816090922945,47.6166798523709
4.748491435999758,0.16198114574039563,120.19751747581593,0.9874276505706548,48.34111556275762
4.636202860213006,0.03780162335635701,108.11747851405168,0.9698268594147881,61.08671744621738
5.2345827606355755,0.06308244311615764,106.533569966194,0.87971356904559,63.40358227873423
4.980376929921381,0.054675883211270315,105.06661520213235,0.9979867531072397,80.07430685552389
4.995949026622107,0.051103766371291326,87.45905665492079,0.9470072633248383,82.28561624263739
4.667980103681165,0.04929086487337254,79.40110552558772,0.8711217873257239,62.16750168381972
4.910091951220133,0.035322816032478443,86.20805307760199,0.8187385642397591,77.06106064537121
4.770960409007267,0.007012630830084538,93.47941366885063,0.9334092832763458,74.52597421456517
5.115036504456265,0.024201818710244034,86.88348110514448,0.945713488846367,79.69345859250038
4.702672659400516,0.05469916201635186,108.27663476967831,0.8244918265776923,59.61765831616421
5.398938309561522,0.02862018698053107,104.03790432128503,0.9099472703592516,59.56582835428552
4.497325865112772,0.12668228023409486,106.18646997440436,0.9974175968107641,40.166914810426924
4.758044050263032,0.02570845417440642,107.0281613183156,0.8652484204998274,68.22852716778594
5.503160152989829,0.041165352389325185,123.91327875569065,0.8603790044865728,48.45184017637387
4.86945837561139,0.005699813916416944,99.828542152258,0.9806604332185929,80.94288489836691
4.605536400678677,0.006093283085509136,120.16738867669223,0.8234832089330112,59.87111688888525
5.065721468761301,0.1406188326961923,110.33170715958335,0.9867055006750467,63.664826267435714
4.857382327335637,0.02422944734047482,122.59267073270172,0.9558974120546979,74.6672037068908
4.7492389233145085,0.01418913683743064,132.29259668773145,0.878168081786584,67.16006684021444
4.671238756760385,0.006891418493251124,111.53299159958141,0.8167095240704304,64.42150395308589
5.8305120816877825,0.044962924279083216,102.07536499343998,0.803834908250757,29.293998122541716
4.924534429944759,0.006094170685252229,101.94615634886617,0.8751662392875562,81.86664934476224
4.422329791900137,0.036952833306985525,90.59667840876322,0.9410707168953689,49.55860901499145
5.4481129277016604,0.010235271010190065,89.92455706847888,0.8975058426937804,60.535594833399585
5.183321271533171,0.005030307833387844,118.0423432662307,0.9477303785621181,75.39655077762085
4.770060070694064,0.009612218881200677,80.72659415104889,0.9341141697452219,75.37139538926328
4.720064273394158,0.006940517944855874,132.29545271124454,0.9145814378736733,67.2248621982701
5.202041838847469,0.07923478989405015,96.9655349419196,0.9934998161449708,66.16571401375178
4.925924501753164,0.0040129892866247845,157.2415578624563,0.945676886870694,78.14290366336435
4.4222066544664695,0.03670638312392163,86.13769146340766,0.9829226898362884,50.87112644978493
5.5361719893814,0.0031057981899928096,105.00377839960669,0.8484321128640058,53.8320753259365
4.869802861335213,0.02271678297326963,92.96301459503162,0.9427279253554403,78.33891128172797
5.448671520944728,0.0468134818275677,84.13831816913456,0.9195605726830318,56.03506610592833
5.383530487389715,0.10129889800031994,121.27600701757437,0.9848592193677707,49.36291974216711
4.699697136655156,0.06337897387531362,77.88891611204387,0.9020906035248747,62.727902577305436
5.309956959308944,0.09150863718093898,86.4785098605153,0.8559282758058304,56.147001394387594
4.804567235040896,0.03960640627438414,111.72639417829822,0.8769677920757084,68.69978958498048
4.439989823958817,0.08468487250650503,114.8992162189881,0.8437659610852523,39.082056161359525
4.872620550193357,0.09676668583192569,72.16229157544959,0.8439945998776374,67.50589297682035
5.119291250532884,0.023178417985494634,111.63353770430749,0.8940843172053322,76.08409484387867
4.861179005601099,0.019109337200104947,102.57799826832678,0.9785137670585943,78.11681527038941
4.90788549772247,0.02781625719777218,81.6455328427694,0.8383738685722513,78.90361537085045
5.343069813478584,0.08891149233350748,84.22236929328892,0.8575740024248232,54.80833046042641
5.031948194087027,0.07266435669761999,59.33097144103198,0.9705976256103077,80.66231021823833
4.747010506614514,0.06531405600880104,134.34888855595156,0.8678512555121031,58.94565825019761
5.210609097100198,0.0044086473562723345,120.30840829954013,0.9924826803979429,74.52096984855213
5.059302670086273,0.003619623695394411,74.21709979643562,0.8537840552927083,85.55286736672505
4.243518559561387,0.03729718339900333,115.97815345583592,0.8884286843397156,35.18729440504346
5.128505874131434,0.013496457935823367,88.51955312100667,0.8191219878385482,77.79566330641072
5.11754861231483,0.06446589536646766,118.29621072699399,0.9984351590597204,71.41628106463504
5.006036338874258,0.06150588322476133,90.07852861681835,0.9780284089751239,80.96465250165093
5.267510174320872,0.049567066058635284,92.73291809784084,0.9635124505752249,66.5112868336728
4.798281924702049,0.10629806408846894,94.2330546448467,0.8314684941121882,59.15827028661171
5.10094993664627,0.026399418183863203,86.85289316677374,0.9938716115695827,81.17523398835861
4.529912188649794,0.014557305963364943,127.98542750466609,0.9858302571359849,56.52919781673599
5.12212711501965,0.02840128008797657,117.97053986162958,0.8871342883995039,74.35781286745164
5.585917908661969,0.017716231927320348,102.19897076666558,0.9363274059402813,50.69414173332287
4.701543094259738,0.046239295519961254,120.49136327971621,0.9984916855384094,63.07738871038665
4.772059360403667,0.04315692399875201,67.45856569509081,0.8819490438999164,70.74314733289648
4.786995367132534,0.0021849341133969025,75.43082442897935,0.8226091378108167,75.80108222426092
5.038999467740479,0.04873464968537997,109.49109524715925,0.9735558069637994,78.87184109732435
4.681089118143885,0.013545718884238559,114.71073111615777,0.8952970236884994,65.26835661815153
5.126374213607294,0.09079553202463383,105.58815092511503,0.9973938910118537,68.18728010759287
5.25405198364075,0.07005324212853817,62.34610649843363,0.9101785720809615,66.21785545405015
5.160304164036135,0.03484135542729402,78.75330951324504,0.8058955207178405,73.39812630677012
4.469475372308578,0.00933557933070264,108.33183733008337,0.8983453927208761,53.90190956031846
5.298550299547582,0.06262044388990985,148.52944578482536,0.9436124258657921,56.71321938249192
5.281210224276104,0.0396273907618703,124.35825330116856,0.805206005640616,60.85157271184867
5.249048411703892,0.03192920939653024,131.54608596941546,0.8826897428724858,64.76690014879513
5.111852674596747,0.07214327047798043,106.79450844380598,0.8311120400903153,68.41013890992382
5.06605679426154,0.09132680772033201,106.64981961578755,0.9286193642042717,70.2449765087645
5.309716819437919,0.042620559224277224,79.33029065487848,0.9914691697556083,66.92026127970759
5.577054046281036,0.032519205367490325,119.03644106103235,0.9249169809110586,47.093571930132214
4.714087860990545,0.0190130362739399,98.53636594917994,0.9389755412771779,68.91919044896726
5.323437618738431,0.05512122988217759,113.85464750927439,0.8793125800851219,58.52634524414248
4.974134870597764,0.016862573721542443,100.6137270576187,0.9126281737903833,84.10989694768027
4.96109808439142,0.050005822762225316,105.58236849501479,0.908771541937172,77.78220563839335
4.539040792885388,0.018929085252383168,98.24543767402756,0.9519212690535888,58.71696639893486
4.914563177145381,0.006706082080644785,104.49249395645786,0.9713823294040591,82.84627550906156
4.700820512609475,0.07632288785645791,120.00153115090461,0.93257718885662,57.252188240141756
4.860843671148216,0.027027820160337484,74.67540941861552,0.9959617603848092,80.04814151067698
4.670544084866555,0.03714914836831592,70.1415514736978,0.9656576785048999,66.95927125947414
4.865327483806098,0.077711740244988,108.51729155277798,0.8249293497833851,65.90974583200759
4.878166892892979,0.013837903057443313,128.81148595815233,0.9014950796772343,75.76308111269171
5.02902647553164,0.12301070363123405,133.85489233602163,0.980647215738754,66.03426100458942
4.515575041312601,0.002390750193588302,75.51179564579857,0.9887869737462427,62.80044986006279
4.566344555676403,0.119897410225645,91.94252329195253,0.8760411876864796,44.322633231271745
5.108574281219158,0.02873675909562103,70.41569491110181,0.9451408123033049,81.03627601746327
4.76076856487897,0.04587424514402208,88.9877674722576,0.8821090967284757,67.50838230847863
5.322358937068979,0.012126608440311857,122.45696190098724,0.8247319444358864,63.08841520843347
5.067580916604514,0.07597830584905463,99.742164328832,0.9769222609844836,74.11262791317745
5.182028645061922,0.003911630392921424,92.52251840752425,0.9863906245424616,78.96709738744327
5.423207696126268,0.034543559532204296,110.9017151282242,0.9009501062531613,56.354834914834065
4.907086756458028,0.012527099802078483,84.09895820381058,0.8036614861640288,80.20947432006945
4.8276539883751175,0.06686125868333072,131.85956729763714,0.9632072501392519,65.70823877302875
5.261510775679644,0.01278756303195697,100.14569944482948,0.8953920732461582,70.284490524868
5.152854069178906,0.10417074223713343,91.96411514080202,0.8150056715083137,62.3068464297817
4.9438009070536095,0.02979985534806952,111.73698469591223,0.837878296574299,77.7419435829009
5.417437390086783,0.04728139591640734,118.78572320422093,0.8304238680460857,52.59145224783155
4.936326707048021,0.06757760390395431,131.91950480298516,0.9372557732639428,71.59612682226847
5.009832091266734,0.009582182013176083,95.80062187483671,0.8598818985734956,85.5903230060058
5.006366795250278,0.01963813432752322,121.72113045387434,0.8255381034622887,81.01092115971318
4.719621831530459,0.0038879423082139597,102.02423223799994,0.9835297652471687,72.06229062673881
5.023275616845917,0.045630413357634514,87.7723995805261,0.9913062118031606,82.80778526361038
5.419028053219547,0.0161503167930831,84.46376941991531,0.8277151745533945,60.54369583694108
5.133490494612853,0.08324579474861511,78.06033112733992,0.846047170661975,68.61861141144206
5.0093190279196795,0.07015685016527828,85.16612002221771,0.9184241439212832,78.76920167623138
4.9514698156503,0.03158963813129624,122.31413243520169,0.8301015698996949,76.72036137379726
5.099260108521905,0.07561341465175536,114.13419203572074,0.8317183385807224,67.92332885896475
5.224929988546756,0.03297592923470884,75.17576688116101,0.867315208347478,71.38653878082178
5.182771649266926,0.003727283554749685,65.0721815957013,0.989834066573601,81.76407168267387
4.900440541453406,0.03979024703651041,77.75413688407178,0.9924884392712536,80.13225052874571
5.097434478233034,0.013479258659144415,84.46527583505703,0.968357649965074,83.05266792294205
5.143981922344484,0.007658833476172137,93.93468578845983,0.9391425835858102,79.6016427307754
4.697841503741906,0.04003218661605476,123.45727046017429,0.9441346731713506,62.402628649515755
5.050469162355109,0.08406706943213557,89.04566282200666,0.8939145686174802,73.3355149340221
4.351608834109292,0.06089332124748181,133.60999920354547,0.9060309256311098,36.72215045170287
5.144760112946355,0.032161078662611295,66.39600215357265,0.9268905320011976,78.3884418484937
5.198102916368804,0.06509991891050465,93.02734958475388,0.9462573274989179,67.97124877279902
5.224263837735938,0.001861797107918721,115.71097338272803,0.8193692345021103,71.08118752142532
4.88148594434913,0.015638894241379698,116.94410504732868,0.8449774019359111,75.74846005872621
5.092714050507211,0.020327398331831722,93.28572087223215,0.9925886382605358,81.91124789778009
5.42718615366235,0.06270998243064083,120.03506867568393,0.8670284530921158,50.29939560993678
5.424130894487377,0.008427389250617288,116.24392885013766,0.8536948421616406,58.73754190138381
4.991248190232032,0.06008925921642429,86.35770681374979,0.8843822624248646,79.51337709858056
5.041795889218868,0.030315400279654344,106.29856936888844,0.8581841500866525,79.47876266976398
5.33327334342033,0.01192764334150664,114.0722656815369,0.8182360385103711,63.17194709560796
4.549759395421347,0.016494292796098445,87.7893046485435,0.8415922263808406,58.564333868628516
4.903077277196893,0.081319497196096,133.88650900538326,0.9280319595164667,67.15870034219017
5.4006711366610265,0.030381369900795416,83.29276106764715,0.8446365114105465,59.96598043666531
5.2925601625054295,0.10730387591470976,102.88185766589025,0.9295334393389671,54.65329188265808
5.1107791332949715,0.04738423999737412,75.00445367160984,0.820016178980694,75.1454942151485
4.548250278400814,0.026495945220563984,102.06720397325121,0.8083752699184952,54.88140992200902
4.985026930087652,0.02896990195902229,78.65853567858356,0.9723135365318385,86.33654767418417
4.82302538112502,0.05100465987934336,94.11741717341475,0.9520052391083387,71.35918695042498
5.0993116708451645,0.02066799682244456,68.26804877357807,0.9332055365692746,82.77840607995115
4.757195994561536,0.10422231697054181,115.99626800651444,0.8061798465873731,54.32238225920689
4.692282981507618,0.02064819707358796,107.12560099483215,0.8478707870307479,64.68460497055062
4.380540416694908,0.03435337564674591,121.74821107273398,0.9624628654304521,44.75385485601823
5.3665414054930105,0.019198750479319075,93.04389670720329,0.8289335330117089,62.40198408803537
4.880068846567083,0.004341923855994322,122.67694733761996,0.9625706879787528,79.13656124143887
5.04714373511076,0.15916175711236644,100.78559290789671,0.916846709941836,61.55548723454648
4.999328565057746,0.07249717997625067,102.26334918857474,0.9480736735593959,77.82027545935757
4.67976982011185,0.02248306778541087,142.28106650703876,0.9289014156902347,61.763650702000184
4.622280526565542,0.014404165740039769,90.30648070122793,0.8833979160167509,63.8135169831388
4.69840546220083,0.06755284312407325,124.549180623097,0.858395469779385,56.4843925967168
4.783049468351182,0.06994310801641072,109.59369881095226,0.9345458357181694,64.22304873187747
5.109981874104141,0.12557749596603246,88.56190215509034,0.9613825763609789,64.9359244705572
4.761284700943817,0.05214965773666669,73.68618219073053,0.8089465272323724,66.66494572170339
5.5239471894783865,0.021398327198931335,79.3382989908902,0.8759817867447661,54.93922538726341
5.308145310767945,0.0455571910893488,122.61349595709022,0.8701459568359726,59.81927223153139
5.2425078648997125,0.06401070698120885,134.68799053673914,0.9118941680916905,60.61700636699582
4.964102329258055,0.13230940067791327,101.82879806420452,0.82278501127756,64.27255007292706
5.454284220716145,0.047839797341389045,102.87763525242246,0.9866838820278558,55.012891271137796
4.934598310663663,0.07502142211284321,115.52906866312973,0.9097020536867645,71.4638195303156
4.9906215757537264,0.11020595459822019,101.4660405870637,0.9847505608567558,72.45480851391932
5.050992361924781,0.02151310753600259,121.99400075940645,0.9633881846923301,80.78185577201873
5.210546912163003,0.07287857225834586,105.8324450132637,0.8383277724630362,62.61871037940231
5.191072423700896,0.052843303165475086,102.71082627304885,0.8264678024585915,66.86743252499193
4.857462416466619,0.007619423177927447,86.01574305011763,0.9722500480001857,81.1482581663
4.840101884172213,0.04870867261857714,81.09465841053435,0.9072200445168438,73.13474720682967
5.191970887145625,0.01609150319321034,36.81823972909514,0.8039485495795797,78.46516831096304
5.21457097516737,0.05637736868953101,124.68233599883743,0.986845349687872,65.93780958040185
4.881994662553138,0.012551416761782003,97.06785889555348,0.894605679878613,79.2222949469379
4.5238435790964635,0.019341381536751873,91.99205310528437,0.8601872603504792,56.533947411756166
4.937805171197526,0.008824646985174486,60.965854072291336,0.9033195742341295,86.91441930152885
5.1870577396477575,0.019026176734932725,87.19774468455296,0.9645836780868311,76.49450820417597
5.541625053925934,0.0764741131313041,84.56627083434209,0.8220585470071581,44.015923651457314
4.640612611297802,0.012861252341465339,84.10453825538451,0.8717865806475065,65.53284661405998
4.872028624150828,0.047217023607244585,106.65672286305255,0.8637733346491117,71.84895831463997
4.883178931542387,0.05295129760105481,102.44497106392006,0.9679299040056295,74.1621422261056
5.4067416018294505,0.05805212877933891,72.7740813276059,0.9556934551954425,58.7241455444804
4.98951754986241,0.07063461022754682,74.04317800185335,0.8800208069153864,78.97195979573497
4.72780203218832,0.000458253460697073,74.00642895339269,0.932897661932912,74.85669425551362
5.167608584876546,0.007148785338600607,136.21052175134355,0.8788890964589564,72.82789686066194
4.878608443987716,0.034722729865098605,129.8544525738326,0.9142627676632468,72.80790725537983
4.632683817992613,0.0233017222611696,82.95402001800804,0.9982430589250239,66.13522991708103
4.732168007817155,0.03393728770650321,60.46811360008539,0.9071148934471149,70.93497382198755
5.520212586326785,0.016605438734418537,102.5608848602504,0.9977149465661014,55.99463945552709
5.115262766494839,0.00783672561623847,100.93880232475342,0.9494398212529487,80.80364136045753
5.032328016635763,0.04026770846645677,106.33833973976796,0.824144458052628,77.86921791896148
4.9250318792563865,0.03692903668671914,114.82747784954667,0.9591932337200694,77.66367414182204
5.08764465263564,0.04321686508811784,109.03407906791884,0.832257128293963,74.00052573773131
5.084070783800748,0.03241127537051709,77.67120936999493,0.9064657216773225,80.45625516292448
5.087650648462198,0.01865500737553077,105.88082174328035,0.9226490468931238,79.80760874947296
5.0344535270833255,0.0284346372404696,117.07647150671309,0.978446091043872,81.52886745913615
5.2606395014916645,0.036381961836071036,85.51996553993254,0.842084842051423,67.19403592212468
5.0069313038002194,0.022868777690349066,105.99912937511718,0.9751884144727725,85.0576604703782
4.706618349334208,0.05040463119835345,88.94438565064384,0.9868987551916603,65.67994281906832
4.81627313272974,0.024871814348932923,139.92339441882459,0.8178974702519137,67.61122577460027
4.406294391953086,0.08036519498376515,73.4634572226596,0.9770570236024045,44.517679019402514
5.608045134812718,0.06739422973309278,123.11897873057202,0.8518360097215494,38.132979772646785
5.258826377585806,0.11639745901210415,66.58374477149462,0.8162001898764275,56.676427813415096
4.750978851461229,0.02000359335294315,135.86105370433216,0.9917148711836649,68.30638413797232
4.91544654518087,0.06751208258585485,77.1690186515118,0.8784406974499182,74.65189240682119
4.80893705773807,0.002714804718646203,103.79343087978671,0.9245967010273939,76.24159368905646
5.462764163412235,0.01709924528030348,67.4161362660639,0.9105746239590631,61.139142255795264
4.574036850718722,0.0026682327135421798,73.00037765956579,0.8426363849319665,63.59466606877473
5.0343428176456335,0.14329636657306824,117.95494095249244,0.9339131456334131,63.32774477272077
4.967441647230546,0.03266212111820712,120.56324622938942,0.809222997801453,77.27531599919179
5.248051589212734,0.006742895275309874,104.78717864735293,0.8406189852623986,70.43913219645216
4.968797231682592,0.06257698567150954,114.82163330980482,0.9889327501867888,77.03777772298437
4.472537337003369,0.11868667213679261,120.89757485307945,0.9907015049181533,38.27351201273839
4.9246646496072675,0.011836080738584833,86.31646272401372,0.8965310383626908,83.00344136050076
4.708351334617003,0.05721145597807986,72.02077131366372,0.8338143477827558,63.39357150459695
5.023873863966968,0.0627998645153273,99.7259322759441,0.8843240122069906,76.86147550122821
5.430253110956098,0.0031415261715185307,88.45597628205583,0.9754141666583799,64.37627012186834
4.478172426730317,0.0536226387693078,107.7724296040199,0.8140548108872083,46.15080304576501
4.759933179380029,0.010206914337580877,110.96057224175853,0.8255737154327027,69.48037069664281
4.834192113864951,0.029521318101970794,86.36698418861438,0.9791305691712122,76.56924208116425
4.885510671376037,0.07822323462561062,114.08217085932887,0.883076680138549,67.6504716055587
5.222037699231573,0.012090531008890033,113.08276751902616,0.8166917210284753,69.88971606343898
4.947936674731584,0.04592564168013277,114.46635157778039,0.8278418154347964,75.09755538279302
5.124740817716134,0.04054604969408855,91.84415245978813,0.9764896355921587,76.77902094878304
4.812268086880467,0.051896598002764444,115.5984432965715,0.8980206743249024,67.35216466925425
5.068977303625381,0.057826846710081245,110.40004561350386,0.8325988615722489,72.79930744605954
5.233339289263315,0.009264526565818495,112.80369289513122,0.9788119509856231,72.90583338952769
4.7803101350788735,0.003776242125178752,133.55577126177053,0.9690557778357515,72.27771021649357
5.234407435941955,0.02157393364507453,106.55548379850823,0.8046046701576608,68.13600882002395
5.015711830618271,0.04145034240081939,87.86075552005066,0.9161980215498944,82.37762368177368
5.313638072144676,0.07934465387979488,77.79090938001072,0.8488673300761416,58.47827325287197
4.9395740299769075,0.0872592327673149,122.55872319987644,0.9066271623961129,69.16222781145184
5.11437339654863,0.0030397617395058196,107.14615352070896,0.8558536664410662,79.08408992290677
4.987818130496441,0.034598293122895356,133.40043976640447,0.8631752561783943,78.0028050082796
4.971136321387826,0.04228217522450496,59.4089561759906,0.9203705064865161,84.3923675117251
5.0776791284677065,0.05106280471017647,118.21334175572883,0.9077718355535455,74.01393412090917
5.161042240767471,0.023906753653632196,94.77725329158744,0.8790384795561614,74.8544967678714
4.625130526422798,0.11102901341324832,92.92958010237658,0.8215135943658032,47.99079345045906
5.430090082645363,0.06632600921732223,84.70384319702818,0.9938847797159232,55.65300493329551
4.44210108783506,0.06763246718462206,117.99142027770286,0.8349211100940103,41.28047536652022
4.794556367078331,0.08017300284501984,112.2707235456645,0.926623448991278,62.952828223206026
4.9717192787705295,0.046706797113299225,77.15235949921119,0.816548952540813,79.91288026013204
5.123706790725785,0.031365671152548624,103.29842875850143,0.9376625665091237,76.29615033790296
5.472851758322413,0.013051363422244663,114.1222866136094,0.8189679566767806,54.63832045949319
4.442512553532468,0.06255266975309577,103.56021051851813,0.8459016683011964,43.72986506315581
4.847691761483087,0.04075362548495422,122.15680600053878,0.9293970398756076,71.12072206370034
4.36194995366022,0.011539317091722663,94.19922912221635,0.8565870383888707,47.697917511410594
5.009486592173074,0.017973880823653414,54.91284653791051,0.9065701630295847,89.3748409528682
5.081505075350009,0.08020005650428257,103.73435121536474,0.8249010786674819,69.20427345517025
5.477238722651376,0.0028497019278229674,103.6125153881016,0.8404801078532407,57.386571969998656
5.0361904282680365,0.007393842061396181,106.22372993408709,0.9467551816509233,85.03222863431814
5.313207538832714,0.021098664798160815,122.13958195935402,0.8070277720564466,61.969345195506584
5.175151124461718,0.07199961247068162,60.95073493413387,0.8223600419714103,69.04311800770951
4.869425540898449,0.00669681721189984,95.2303339133468,0.842991203722128,78.49780055522986
4.5773117759623885,0.10428974561430916,81.54684383996897,0.8040381118208563,46.92132256801717
5.082500689487543,0.009276078094786963,75.8393922376303,0.8190757397012371,82.45612248679109
4.552369394856391,0.06275945266964138,98.55402000874214,0.856278295527246,50.99840970060795
5.388562121800893,0.042363327912553456,114.0364406056135,0.8185834903166285,55.2997992508346
4.951381369388953,0.009741015522703806,106.01893209718318,0.9732238860059733,84.48431434533273
5.358553223453425,0.02203991091119062,86.24955155008479,0.813214758102231,62.82015996315204
4.85593566976028,0.03374947835652027,97.09056800912563,0.9721967398356479,76.02859642793914
5.080655235920298,0.019882829842523993,118.59792889259232,0.9645720172120532,79.60990882338537
5.062804657200407,0.1665160142746255,113.66258490120045,0.8201523189126775,56.291106314915275
4.986486764596723,0.11229006601859658,88.9445997354674,0.8050382628543823,69.5520012565548
4.870202145981023,0.022631106500863057,87.65007248672045,0.8099984029790628,76.25242359464112
5.117736805541156,0.028007208245768724,65.67031678802005,0.9180756129147514,80.52919101015834
4.722151020955038,0.028978265731727553,91.41177332835272,0.9340707248977149,68.52255856266216
4.637169401312282,0.02008945539755252,65.28422139122966,0.9241306782492462,67.17093719496602
5.372848067998048,0.038109216105234704,141.3413937477223,0.9082953703983796,55.94450153752726
5.21815039666763,0.00624462828182425,82.89763686266579,0.8349368181258978,74.38325463391995
5.019767482580672,0.06520747974257911,122.17961710626435,0.9681907789270543,76.17868295168745
5.499542714763134,0.09848428404888786,136.36212415783982,0.8655109872720498,38.9288018365358
4.9196703443825465,0.03663103923905194,104.32402817055977,0.9972356392225771,79.19787474449056
5.396810965996694,0.025086860291996336,97.99971487226188,0.8769715595788381,60.16777270074951
5.052672225477747,0.06403898124553259,73.55269487889835,0.8526009687948731,76.93056917251293
4.692574774977083,0.057380512263602496,89.9079975670245,0.9788501627563475,63.53361315750911
5.5544120575312546,0.03718356507695292,132.07930095738053,0.9134828326382066,46.219468343607865
5.297213253987225,0.000900456431670988,107.02505259244538,0.9443700880349479,70.21703279747027
4.963693690697131,0.06797879461925675,100.56696414917675,0.881679756665449,75.20170096733064
5.218151377860185,0.0714879082154516,126.24246418351325,0.9773831011887181,63.111146701494214
4.878888969800628,0.0033253763675058605,113.92581096911432,0.9835450425968655,80.5128514879377
5.248744710517863,0.0004457767459993163,97.04253704440474,0.887353786223383,73.05127287705552
4.282676430414812,0.014965943662833592,104.32511671347194,0.8481447670737521,41.246077945591516
4.694059599891622,0.03989268726629554,84.63869925137385,0.9295342768866977,65.78648851614955
5.293777923286089,0.011739774105212094,88.77918707272828,0.9909168667641031,71.5527771150621
4.925103338534324,0.06065650094573444,95.87402741482683,0.9244892919145883,75.31010826700837
5.062262688466623,0.05415312907541325,111.1494212474738,0.9908444876815473,76.8432169595742
4.5959643013653695,0.03972618025809379,75.05274054619909,0.8687615929945229,59.66888884847865
5.554360098710631,0.048026464243525635,101.52480660845457,0.983015814159975,49.04226006318735
5.357158893115303,0.027720202528757138,92.20275679873872,0.8225133664833189,61.642427683560776
4.939794434487401,0.03975352817575281,81.98141563067591,0.8717668837875365,79.66183295556426
4.8785912429410025,0.022675713715678013,92.31016901016692,0.8988942468981088,78.06098555605394
5.308881308425908,0.023205128247511267,53.57193473899556,0.9306220676504584,71.24160013642842
5.594741135050678,0.012636508624352734,84.84822651943242,0.8588278489897453,51.11178993115807
5.286128076743406,0.005525836540607527,78.01026235848087,0.9848478600867457,73.89937088019134
5.651540800218981,0.10553878888471933,94.40167914798471,0.980699241838832,35.25055057613143
4.723294601281425,0.041301250589648925,54.40420354072134,0.9598673225931125,70.95941458622826
4.754183950850363,0.11853391957332456,103.81785487018938,0.8228725049983465,53.546613727971106
4.6433176645839955,0.08344825127158166,118.18846592813726,0.815658190227657,50.576139396041896
5.132528194894844,0.10516354630086726,97.65407255540202,0.8996262910238684,64.50089492611643
5.052681064941311,0.033723138317800105,109.97583746808753,0.9530687511391834,79.84445663182626
4.9544146629584045,0.049658549549901496,89.74538887197514,0.8246471785822523,77.33450202946658
5.242777588436989,0.0015882744496686536,68.90757752448252,0.9282874933872037,76.87009564162618
5.369698581564399,0.06316933556797664,100.03382642571306,0.9055710782204615,56.45072369277748
4.542301277213947,0.0948001584777763,113.60756753970438,0.9451978839468744,45.86125378613743
4.820908391629666,0.005315373714718543,73.51223748784685,0.8870750452332536,78.84747459645256
5.246043078236918,0.03275508151333423,90.69545447356329,0.9386593194440018,70.02779402030852
4.859678394842425,0.0007281931624346719,95.05767198191167,0.8319217342968128,78.60414220392539
4.7605381770925534,0.019811206138690963,157.0281529056989,0.8429188546463258,63.81617150710619
5.305561228295119,0.014684898380833363,104.46742389439784,0.9806668127628009,68.63018541098411
4.613149979082806,0.008919830490867527,61.888528422724455,0.8658750150594913,66.5796716302556
4.909526057662669,0.10654075965223715,56.9429819631558,0.9971011629673101,72.83817457495519
5.098593207741443,0.013315860827231286,114.609976605275,0.8092409195300186,76.81084914150162
4.827854025826964,0.10296353321095954,149.70063951993058,0.8991751629905814,57.24015087579248
5.234946696803952,0.06244183979897608,94.38051030798562,0.8649974328892706,64.39881984890332
4.82933690744079,0.03981357817930431,93.18360815882981,0.9991930074101845,74.45367705187245
5.422585848033775,0.05740600161259375,108.61548352395192,0.9980069512729239,55.132539549147694
4.962276110751268,0.020682783191872875,84.03407183309783,0.8470486583705865,83.17171515039709
5.201381041011606,0.08430250519317131,49.11690759142654,0.8534513759364273,67.42909851991384
5.223807185894845,0.04834901316335505,120.74528778551372,0.9499344437434094,66.24337696812285
4.811737999176779,0.06323329925127565,87.73635743196341,0.9779348862788582,70.00434704529619
4.383954035403233,0.03481259659449826,121.00235731642742,0.9327393975709837,44.3699048547962
5.108226726399151,0.059198657149630754,84.7802641937864,0.9729417910122726,75.60740724447315
5.0216865041374605,0.005549939069939138,102.43558254921076,0.8126584910791457,83.87593045792335
5.166747808272538,0.026312793635696635,117.09663894977389,0.9281056962793187,72.90066248890223
4.932041758285148,0.01064289973372035,121.40701902143743,0.9400341778341392,80.98605219158989
4.8708716903597855,0.04888128280317802,104.65977334962848,0.8380638126129425,71.21540791840643
5.60254190329451,0.057518843546562004,103.66478191598,0.9555940418649211,43.96506191604553
4.558293781546767,0.056853399353443176,112.39412360358223,0.9888530339402712,53.507265308236725
5.220185143509272,0.053452237123526605,109.28339068788304,0.9795932984556132,67.43458272123866
4.827619442544982,0.10451408541881643,74.17638931657373,0.8489934835826678,63.54228447987246
4.899266414677873,0.01332399634817406,74.55835291392316,0.8647985275944372,81.79752068894273
4.90486915022781,0.018282664262268895,57.81881793958241,0.8999222737892493,83.76631305615503
4.758969717748623,0.005892023200626774,115.33016001679293,0.831672236856114,69.75480832026633
5.171367263070872,0.07282157749681013,92.08540452577999,0.9907906326232552,69.40199979111328
5.417193078784988,0.04019440473703094,116.40394490752604,0.8323193259421655,53.94524659043681
5.141004098373998,0.04365806970799495,108.07421146908982,0.9522845915980672,73.2293143264132
5.031014598863629,0.07662027703546345,79.95146636858061,0.8682856302341857,76.0166484806884
4.704067850270226,0.011088284379441617,97.59555132930443,0.9147441595393194,69.11615641715326
5.155047579747335,0.015219348829403984,90.90355896671815,0.8094347648788723,75.51258229165492
5.646904889518789,0.020188692827760313,87.81553039472875,0.8410023715074648,46.19589709538501
4.885791612861472,0.0322120526430286,118.30574650986563,0.8888782476642425,74.26267917753232
4.88720492619444,0.021850718874807114,150.21486941095344,0.9354382434481006,73.641965668312
4.831673260705701,0.0013555274366315942,122.32407283487096,0.955512385242176,76.57490694820373
4.8531757296516735,0.03715242653470216,99.46087265285192,0.8060281035526605,71.79215460466311
4.176410133898285,0.04330735652474771,125.19015519912249,0.8304980432157579,28.179449899587862
5.121510615756714,0.01825673335548102,134.25805300621607,0.9459583477378508,75.46421470541041
4.746334347093616,0.041318390948677855,72.15258435379405,0.9626110851624032,70.61926545118395
4.51692106436246,0.0795860151200848,124.49709522725061,0.8473143054571572,43.57393818015298
5.2259569849197645,0.05529470980522763,115.3936403748641,0.8459306094012161,63.5276225845679
4.67539466448742,0.06661876208235935,123.76238113312999,0.8176058878946332,54.50674520147094
4.898399283834872,0.028596042445372272,116.26574912033801,0.8300587951194014,74.58915165364074
5.439932717356574,0.026807522303743964,95.44541984931719,0.8016031783764492,56.070430195641244
4.577235260592646,0.020482222985182253,140.65741288365535,0.9179662479555789,55.85536585852747
4.5402205296206715,0.03599439839272058,106.79197217164298,0.9807782688178863,55.95044017752563
5.080791856868702,0.06713818625761551,91.31345958611493,0.8299152199076358,72.54871908877679
5.34484620920311,0.15929559569970278,110.11956030080748,0.9502887326882087,43.40870671654138
4.527697484680411,0.06909109722193019,119.4479180345572,0.9147317372644993,47.648027439369415
5.122306921051153,0.038521787874875105,101.89522151723992,0.9879843785226344,76.45348197442827
5.174299861988508,0.01836362861799912,107.8627276704445,0.9596245044940516,75.19368131082625
4.382251854892304,0.13392586579779994,101.76734164207302,0.9705458045518257,32.08041335069745
5.239550401372166,0.009280553401161084,86.79848533798713,0.9278284304745134,74.11161298318743
5.262981763952654,0.022375731738064425,83.56351082744459,0.962267223907174,71.75372779753012
4.906464328023192,0.028020846020461444,71.94367426856826,0.8701739006959722,80.39384336538494
5.3757039086894025,0.09825517027871221,130.3604006809349,0.841803518967444,46.51952024808441
5.340936672297453,0.045016660366031275,95.53165503740678,0.9825039942465928,62.88821498843929
5.030935377715162,0.018730067394265585,31.448497964894216,0.9468671756144841,91.12686094375071
4.86456638290252,0.029691264442863564,107.93066158559017,0.8181405793876181,72.99003873691503
4.708151632225113,0.035360197294893606,107.51654209014605,0.9733819055502908,65.90105224126395
4.988730947190143,0.022210308744022626,62.66864634339209,0.8697807879956946,87.12106164537984
5.170927675911254,0.06160551086105637,83.35207583333475,0.8596555581083554,69.36141639499994
4.902746941687807,0.047348423656359995,82.47421930878141,0.9246627134572776,77.30838529108185
4.340749698421391,0.006775982561568871,85.15464618415447,0.9137197272212927,49.187514447058525
5.380614168372971,0.007190079773068323,124.2555172340714,0.9076513442330977,61.8121130929163
5.057066966553468,0.012002892585058302,97.02244903866327,0.8509754366804054,82.09281194877495
4.8861126509969495,0.007534042332838126,91.45530230367697,0.991954750251244,82.73021748454843
5.257147516526986,0.01349022335976191,122.44779884441186,0.9900241847659066,70.10331931529348
5.457391578944827,0.020822046430969084,109.9069549036741,0.8008324379845,54.45915156798763
4.159426529153633,0.024896544669002856,65.18043484046902,0.8675655258335417,36.66437708149147
5.130279094976621,0.05153399310489401,87.66752721664194,0.8091097328124094,71.86859727025264
4.572005236756896,0.001478614276516483,106.43924174267892,0.9700497532619815,62.85559295490801
5.1497331520396825,0.022094217514267173,81.32219731975934,0.9773036476593233,79.1157314716895
5.038378160712374,0.0024196285859065976,140.59109576842263,0.9036596567372488,81.34844962727429
5.190717957932165,0.032112907831014316,102.25757527305167,0.9679356068921431,72.87294095995564
4.850225715651604,0.024151909990665174,84.9324732084495,0.9406720631707584,77.71095038306667
4.438027966454254,0.041105905745223104,77.541127133279,0.8999147885856849,50.3599751838576
4.864889542623,0.06491730625377645,118.55055176071406,0.8727622797978055,67.75596703919823
5.122054290541935,0.08524701020040167,87.04276126012087,0.853245005065312,68.2503150127178
5.304617698602567,0.03427430813440266,107.59848356583414,0.8518858274846104,62.859660056794354
4.6484506098582425,0.03347011936177484,76.96961286251134,0.9124128768475183,64.43781493792756
5.308118128061905,0.006544459873484964,101.40395583049006,0.8333617652980692,67.0580830581753
4.805638313106043,0.03021591921915041,87.28228204233078,0.8349583752345913,71.7768502039488
5.108734964478358,0.10484270368561409,93.69211173049892,0.8020786680654064,64.42185876671466
4.84703181414031,0.11937004412635818,84.07438399229086,0.9226656119118247,62.96227606847229
5.05465118831363,0.05251555987481714,120.51252555616541,0.9988688371320105,76.76971890698329
5.267563290371083,0.06292294213195153,90.17992049751348,0.9778438750855847,65.04664670990266
4.6318957768134394,0.032547159661832956,97.13085610160596,0.9411379608854202,62.141346267079236
4.796028230975951,0.038302795773039564,98.09715438402512,0.9571050595533146,71.34866024526491
5.055488776202626,0.05987271091645613,132.24540243267256,0.8833705432527492,72.13263741216174
5.720475098309105,0.016303381737154485,117.80617174782799,0.8596159109832138,39.73768788576199
4.7410430863499515,0.024057653117312994,115.81361516555918,0.8737256563769368,66.74708882438296
5.612040165799075,0.03406782687691851,68.44226753947396,0.8162844163460097,47.648877593490504
5.601326991102551,0.01701950773057329,86.87215224794922,0.9267590396059265,51.21541994158454
4.970806654789523,0.11734109811730573,123.77237431657831,0.8349730044425347,64.96945722696836
4.91055424214003,0.06583138443614207,76.581383691567,0.9525756422320077,76.15192133846395
4.792380440400592,0.034225599126082244,101.68027096243459,0.8379952924527626,69.00086530793497
4.979539240900199,0.0066530156430187025,78.69476991478422,0.8456248050534674,86.81742121715008
4.577984170232132,0.1038010729379965,80.70185489181186,0.9914611278752337,50.86792634155195
4.977128294803821,0.01850226769367351,133.61571305728407,0.8210791824047455,78.91236987654473
5.449064082155257,0.03658369808176389,114.38541283152777,0.899768507849206,54.12542923225136
4.816674481256984,0.02211248022134175,119.66280455589174,0.8125373014803194,69.96806241623501
4.927782708803285,0.0002076952853661343,115.67482960327558,0.8180781984164414,80.42988924339346
4.489657857719828,0.021825311119276006,97.21423275540995,0.9267000724276854,54.91825296831097
5.112218626439313,0.0780983425339158,86.16806584192206,0.9261454526117171,71.45823350159597
5.0793445054854125,0.057385320062059375,91.95819481165013,0.8386240562648318,74.20819330569796
5.019110707929731,0.037481527083481375,96.16347091226507,0.9744973030516786,83.10472743150098
4.934951884933357,0.09840998452637433,135.52572138655833,0.9404373991365955,66.59179126112133
4.912172624368264,0.03741105520720844,73.27287137940941,0.860122116574233,78.99385437455827
5.150570070110201,0.0160184427448327,88.92677102762411,0.8496773116017857,76.66389851093632
4.991355019523413,0.052142687703366775,81.74073267389235,0.9508570506261658,82.50296576103382
5.0944915614666,0.05922636302378194,121.1324639504096,0.9467247848265208,72.26780115992617
5.064494845236364,0.008359757550755052,137.07576518678195,0.8297663823062876,77.76409678065245
5.3370281861287285,0.052161770927628,106.17572719652792,0.8698375697340537,58.73322186816037
5.203098229212516,0.03949325790328587,107.82031669687169,0.8433354493316881,67.97479487870272
5.057858552945057,0.043915019612734474,101.82641846083871,0.8588288392171747,76.93516881964601
5.455526609195654,0.021680085367677796,108.7495797856225,0.8575127924989745,55.69168851452634
5.126080558716969,0.039182219248482066,115.46310324715255,0.9952047399926593,74.91561806484751
5.391488806637126,0.014027279937183244,108.51281025773643,0.9500422746221138,62.55614407786359
5.182082782515991,0.011765326718410182,109.9766865655659,0.956010409787175,75.43277358046593
4.447424276320537,0.028174953025802574,115.5082872698775,0.8554846330531243,48.178077559436566
5.391450428995799,0.09925043989854894,64.43443797489866,0.8001054170092737,51.18407281816535
5.040552872402801,0.010944521879774523,100.04017860291451,0.8116314009843979,82.15375953326229
4.984413568729766,0.09596890914759766,106.10418084169035,0.9105999533313591,72.27105873410449
5.084404504246873,0.05650400462687988,108.32296361038583,0.8570962277796773,72.76975724571061
4.89650505141288,0.03138545592379792,96.58227476432093,0.8385909201296378,76.19607562236375
5.068108658116683,0.016700249714457552,103.21502999594304,0.8099281843232637,79.28550374270132
4.822437180097072,0.06986696128795386,85.60187190638464,0.9751763478859475,69.80952637971176
5.382281677620311,0.014034534409848755,64.50310528604541,0.9200254694115952,66.9081180409314
4.965923565913685,0.09874671568945294,119.66274202611314,0.8214746428896516,67.60662525658488
4.88522484718327,0.02905436316473407,77.31256793360993,0.9532808032193187,80.0896956273115
4.722522255284217,0.017498476398632817,96.79092273772477,0.9511651182153598,70.07077394779284
5.080632736744592,0.02236349721098142,85.01740734195988,0.8578807282030512,80.46338504354229
5.056132130037527,0.05410591852170066,131.7401855975216,0.8376853783113489,72.09587342596808
5.116527384103252,0.026852234259588128,98.4071057098257,0.9627963752278752,78.3957387484416
4.691824433748462,0.02516081298829588,93.79087074235868,0.8659129465302271,65.67451593303198
4.519645640356528,0.01561005124253138,114.95731737451965,0.9694856162161913,56.731211321883855
5.1876773907519675,0.17281876646202987,143.12948335216373,0.8087303226095569,44.678199702552234
5.445392558562952,0.07371366487100608,108.11379054116176,0.89985778978231,49.40517349710197
4.692093913283031,0.06420468646737028,92.45161076736329,0.835919056279924,59.3681518757385
5.4768323850685094,0.049461414244331856,113.93187962709379,0.9344089626456272,51.26583604944281
5.085173317620915,0.021560729483478237,68.54641862836868,0.9994427522938094,84.7897047032627
4.997881128634751,0.12586864082101712,100.92858520128794,0.8825022064053869,68.54975720291145
4.880735391036267,0.069847874076131,139.87915309912825,0.8200621093783915,64.78026922841138
4.584644594172501,0.005230229774248713,103.15494793371543,0.8635346238945737,61.24933886873271
5.29631855477738,0.015103178117765601,102.15555312315297,0.9783012999130164,69.3058806816374
4.767318091568719,0.09513638403996427,100.41273080715011,0.9531522048207842,60.79039890382918
4.76605799727872,0.05379355485507059,92.09047439147601,0.8464423323784516,65.61424581688404
5.297577892966086,0.029543996795935404,106.2898134472974,0.990719743873065,66.89914043537607
4.435104965998482,0.0134439768375164,115.50546023320607,0.924437586938621,51.027907149733274
4.54292065679955,0.0028386965647662077,93.3635989501845,0.8336098800635048,59.48527262950974
4.994559726947576,0.03767569922242127,50.18496523398358,0.9144644284892479,87.29302077987793
5.087985328701456,0.029477993025433784,109.31235010557508,0.8902553735327988,77.17305378419603
5.145420394390677,0.042870037139587217,142.66252153040207,0.9639395349547129,69.85680931167533
4.909460451981124,0.026948782618164194,92.47477183887739,0.8688320059223824,78.65447266070271
5.759110900592507,0.04088407025086238,70.57673234486793,0.9749956639673893,40.76297547168122
4.93163223237025,0.024668259646579736,113.54825969464959,0.9623940772876622,80.0907505715163
4.930764154369183,0.012971344360815724,134.87664528368006,0.934920690232,79.11089688430062
4.760903999355837,0.02020006301182977,110.58747139430471,0.8517214444692347,68.59991225952997
5.037172044956321,0.015719327985201,134.4940010833302,0.9940659152559557,81.84369630162665
5.184488369614033,0.01901883023654252,115.87337091251426,0.9097333560604307,72.68520331763385
5.361073416360038,0.003192499864112408,114.13701971355385,0.9815027956726059,66.07307398087757
4.553214720667935,0.014028841963207878,89.63998634515775,0.8431459798500393,58.98747790807991
4.92620139849329,0.021761265317390543,105.70813781506433,0.9966756604171118,81.6705935388246
5.1340110832427435,0.06581894136816653,99.41058086564446,0.963211845788953,71.40967262942503
5.17611726037836,0.004923204127042172,98.72528558866696,0.9898453766854229,78.61886273308383
5.001964597341361,0.029842596323741026,94.92269744097865,0.8424731464549975,82.76292789595925
5.162727190859631,0.025901385697190943,104.51226934917108,0.8861316157165097,73.6225660732566
4.7573108321222595,0.010431414373303256,74.07310031726547,0.8195267843667216,72.85716342694796
5.467371629695507,0.023687039310327247,116.2343679856315,0.8273939213118242,53.3290879493938
5.297788430893829,0.07013607075886569,82.44509414439608,0.8567917327174004,60.50360877244883
4.5965216638804485,0.029325310844170005,94.99457549990584,0.9903251320946513,61.69954829810385
4.677469085564973,0.03132919645136541,106.6111978607033,0.9334383362239955,63.956412604603166
4.685923474967928,0.015266416547133368,81.45453163208975,0.8629264614133777,67.97852208106426
5.203390991268958,0.11844294256024382,60.670738753894945,0.990914663767595,63.781318539788344
4.6145816700747595,0.012417818516125053,92.33906644604986,0.9479462813234196,64.73724640893022
4.900692699737576,0.06338917302737389,71.378050148326,0.9813958026488623,77.0232970682931
5.136411318925032,0.06300920601090383,114.24621865340941,0.9854441587678197,70.64820127287797
4.980150219636069,0.014259148017578702,76.92992854915748,0.9501539499824163,87.98022712025994
5.077666254713812,0.004847908952646245,129.70311127418324,0.8486266859583173,78.61506096602238
4.680259186595372,0.007277689020576357,99.8841422152955,0.9993177910237948,69.72183944158223
5.178456312019174,0.11358573121579191,101.18348389188459,0.8650181680123273,59.43677656753887
4.816036432257201,0.03772951393023413,60.387373429106724,0.9343411499135437,75.95084450125715
4.902614097680617,0.04748756108225424,102.89725257701046,0.9689623389915603,76.12323322062905
5.071319518371796,0.028130781179113367,98.39640166253494,0.8350301988849314,78.36217553227036
5.030923466459255,0.03350248067225981,74.0182193014906,0.9218083359889617,84.15356470123591
5.007194005704678,0.08993123052797072,101.74536677593618,0.8750345553856516,73.40482950864313
4.7748119534069735,0.007457266938615249,92.04153978385152,0.8488578139278328,73.14312946379764
4.910135176640242,0.052846877276036486,95.66424364209281,0.8023543625512625,73.16174189382504
5.0006550772511105,0.06340273271138884,100.51763524388092,0.9743948127595943,79.88641818902883
4.587474430049874,0.044835080612119604,90.57091573683597,0.8271763094453711,56.00963832639834
4.861240110105986,0.025398990644252134,104.92913253897736,0.9756234321369709,76.88411339856303
5.1163039637098535,0.04353766207738932,98.26889035298073,0.9201381197616896,75.06698622573612
4.616769018846397,0.001462788985291296,109.4553693677315,0.9242111109030082,64.32540806427714
5.346974495478272,0.021034629142712986,89.42650812056017,0.965730358851509,66.39829226487089
5.380883978779953,0.013414987307004503,78.70160494132081,0.9018882293349562,65.3023172697192
4.626454827211974,0.009574412853545846,85.82262943123723,0.8714569136268685,64.99800303410022
5.407285889915042,0.07945863915525013,128.85313537703558,0.827761336798504,47.31396393007648
4.95692552338636,0.05061293137089001,119.11933052413494,0.9140830762416224,76.19332016996705
5.1255543677471165,0.13804410859064833,124.26758265198218,0.9106334108502158,57.546031598381866
4.851004684361526,0.06386811046032377,125.6542791634044,0.8587792971334571,66.09022251897171
5.276913448168028,0.06889877673511755,90.67363885653596,0.9200113851306962,62.38324041661099
5.1218282056546,0.008791683525453526,105.91623870816926,0.8878733771936727,78.53739880496249
4.755754023020719,0.011572704204822109,101.51678005695925,0.9611060307826942,72.67977836047778
4.650439400010414,0.03959433144710561,113.19077051182843,0.9118972515253023,60.006082262882174
4.561909269437233,0.029468913536986014,94.21663509538065,0.9867357172693658,59.60726997153536
5.056382532929827,0.02160126716841087,101.85948314182008,0.9035965936769956,81.26284150830668
5.171741423533921,0.013944030093867653,101.4454295523937,0.9774990606314473,77.00934833127417
5.195289703633833,0.01688091812867194,110.64524799831395,0.9041050276028204,72.76805581489427
4.964605671617787,0.0238376115735616,113.11434442143198,0.9116069607280667,81.22140333345111
4.652901063300691,0.06594023233511785,101.87342064680401,0.8733615990911174,56.56291886491574
4.795377560592865,0.06482912700212969,102.47981568131615,0.8800338246921124,65.35097951096307
5.345704591688578,0.043893946804802575,104.51796041497408,0.9866202974583225,61.954242385634
4.8546114306199755,0.05987551534390621,132.93102841246085,0.8446564803961075,65.89538530228867
5.043025289204443,0.009072083083079179,65.40004417366137,0.8242915443345651,86.00349665459672
4.677304854927534,0.022618641986249802,80.60640677564385,0.9660421823607882,68.50569796736592
5.10097491363771,0.07817474998486908,113.47359192891884,0.915382159948976,69.17557669009466
4.862694631496277,0.01524257553620285,105.39568797678183,0.8569294628922945,76.07431201951388
5.314013814132729,0.010082621444456197,105.25499100301754,0.8864800440579386,66.85087971622482
5.232067311862044,0.0047741840549654115,113.34990997426712,0.9049810453554534,72.12446358971488
4.85128821602753,0.07826627996116407,104.27985786247527,0.918428051367287,67.27792620857542
4.962000791795701,0.08461468734423538,88.81435043101553,0.9642102045876947,75.43061345475908
4.834665127987812,0.049794511723180945,112.57618280216518,0.8788704654912032,68.93052195039911
4.574170041036497,0.07031203736558185,100.41774325998156,0.9353006226452864,52.56763498426014
4.742767271135835,0.06094541531736421,91.04845642220893,0.9669533947528282,65.65844622338116
5.059465198316246,0.09767974052249138,113.80721249155823,0.9687546911916058,69.7744995973278
5.097577849468874,0.039255401606318976,113.02067716564,0.8508490410072849,73.97193189450141
5.044564371077792,0.017786993986071167,104.29532983201584,0.8700346088500246,81.62924783122072
4.909480083812409,0.07726083432858295,134.34238307989114,0.9189812068524429,67.92506570851683
5.279919981716295,0.054945189575088274,126.53653469540569,0.9771544782493893,61.852458756206254
5.0190625713682815,0.13224492070743632,120.03714388107603,0.9580892173383792,66.17757757044764
5.210976148428784,0.0679353922480914,151.32731145617495,0.9167925802832443,60.35424271710661
4.467867460339244,0.02767739882119577,97.07073196004568,0.9967467261247688,54.148299123666085
3.8232799245144973,0.038705219018808565,90.70399341367812,0.8877974458846883,12.27656219437451
5.085136408351424,0.009045858859705921,117.20726198606718,0.9684901142372494,81.18401275609693
4.572570303883553,0.051797748901400806,94.94731404011438,0.9636840759945893,56.3635060136834
4.936264489186083,0.00924689819695684,100.23855431295645,0.9816076623340564,84.39713243700695
4.909370887692618,0.06630337966164228,80.2816006849939,0.9975356710050425,76.5392996639122
5.476220180724661,0.01981644557597422,112.13318915426255,0.8991393395159658,55.22379019501729
5.119998965883082,0.07108626343800363,70.5798550892478,0.8391259297406786,71.86165561720334
5.049757708039602,0.03687868667195067,98.07123557681261,0.8921790713656302,79.51919238646265
5.251097346390102,0.000154614487700485,99.69288524968486,0.9707769753970864,74.35721802641204
5.110549276051712,0.024381257758498195,91.27922315160338,0.9672213268510863,79.92635899498394
4.86269690210347,0.04360483455275481,64.85570482677,0.8671939815173619,76.07939809096521
5.321442779076368,0.026961169923180796,64.707378124511,0.8094613613917347,66.38774718232439
4.667074961633518,0.0275342114425957,85.076551866564,0.9019684195652488,65.42607918627031
5.096974156260068,0.018452505379335325,110.78100657524128,0.8948201858157624,78.2319778762867
4.535729061759107,0.0016488132621108008,105.77849722883887,0.8171527955554264,57.66162790445445
5.061183157254798,0.1329230398077322,99.67129282337717,0.9589779911447189,65.60298513410893
5.057896892531879,0.08142332452117713,82.30823027965045,0.8567180547877102,73.21622583769984
5.502936488574399,0.053692044840485786,106.82264442522215,0.9291504184348228,49.670747885637454
4.5305078319674665,0.09834844787531809,64.01941443922163,0.820297572531,47.08221274344812
4.819733847243857,0.023809621072436116,52.06901035256045,0.9721406345819206,79.84849933014834
5.246804727972243,0.06467364472129951,95.13856897569991,0.9478549006310326,64.93391072852113
5.100595176919192,0.005997091871110364,89.07897239805942,0.8776845417957332,81.71051920029062
5.054091515401251,0.0710829364098969,120.26342595294916,0.925897789864647,72.58368181643841
4.713159289112438,0.022982728250354207,103.15967555545669,0.837490778537115,65.77599612438978
4.822754495572571,0.01184693601365126,133.01470619999702,0.997084498191789,74.22844867614266
5.373512302466977,0.057805758808759086,89.0356986260908,0.9592216084187437,59.199260336433326
4.9845472418738215,0.006593789645113448,109.73544583044323,0.9577880006138054,86.26598149489406
5.112607908843342,0.00566468390981734,94.9544574116874,0.8306760435155752,79.51189801206966
4.965443501367056,0.053508363106523155,127.63439448262275,0.8035467049787725,73.20785026735807
4.64507434542507,0.018430203146698788,95.91899105751841,0.9170742735539267,64.68951661882608
5.280143127822499,0.1154388136688868,117.0881356029153,0.8288241223679622,50.74325916738476
5.150969715359749,0.05469127064280091,78.4476207095168,0.956086691297769,74.01509823699861
5.691691051210157,0.05144069141663808,91.6957471373591,0.8832152280356492,39.27716306187197
4.695325586104836,0.017524767696746595,98.31913176145066,0.8677188497974864,66.61328383158285
5.246771876360144,0.06373773383548031,125.26835079925601,0.8147298524923422,59.40078931299053
4.606536810188899,0.003869611359917688,56.056261179839225,0.9992130159889243,70.19040110914088
5.047203970301923,0.03411888755997576,93.34711107108441,0.9912021560773759,82.53926066232734
5.29295197671895,0.025814652350228017,92.67039747145398,0.8263193815613703,65.81003142841082
4.378359465171054,0.07197206961152959,58.46052955211239,0.8665623208362984,43.39095093004855
4.938520257727518,0.03453023486308959,90.71928478506369,0.8781575076049214,79.62290190777969
4.8310370797872135,0.11912565318489383,69.18665737617413,0.8593602156231192,62.261915384343716
4.789412810511464,0.1396149191834879,53.386730439252155,0.986893711930969,60.8217319478588
5.115563795677806,0.058165972571657384,94.75374343009354,0.944268365804417,73.75126934666201
5.3362057119267785,0.02342126556039517,94.07709758392284,0.991183281118813,66.73042331431799
4.960016385431254,0.02730322560627844,95.10092834081335,0.9749010805048196,83.4934280609485
5.061645928268006,0.06523749016294121,105.05716491796703,0.9509083038938346,75.02807036555845
5.034292625917774,0.030514228194761416,82.41206353572602,0.9393934214159757,83.91197029046624
5.000541051906924,0.0469017419577231,135.81712026891842,0.9732324981958963,78.81521352895217
4.673197208686368,0.10648936937281217,99.33411983736994,0.936829979358291,53.22161471868907
5.3325333805168675,0.02122116443316734,125.72860926122968,0.8377439597962302,61.04684077381448
5.088558610447651,0.02621520842406683,66.40201517022575,0.9296253032856197,82.70650665822077
5.118464447000774,0.008178703081465993,83.30940699816252,0.9030003279897146,81.39439357771172
4.758047111292325,0.06106005748759118,113.72629610088461,0.9963789354190653,64.87876715269367
4.8622338806032275,0.047743362010724405,95.46871448644134,0.9019931094131739,73.06551927420432
4.947159740686766,0.024784425584788623,78.53641225254067,0.8076909966302088,81.41209931083779
4.539762591965345,0.05782764503512412,63.22740202711837,0.8528379021531287,54.44562660300281
4.493589702440697,0.04006064094466315,114.6640734448073,0.9834763520909531,51.80940570208067
4.8197756208084295,0.02188708371744288,113.0320450989771,0.9924712660893272,74.44969550277818
5.156756229932717,0.01422713414054053,104.86641382838457,0.9456997153281543,76.88790900668053
4.804058783021018,0.007671562298761005,90.08187618428167,0.8113727797573941,74.31206061316664
4.694358440722786,0.06449297443254674,77.7381994474039,0.8047082775492532,60.307905884729806
4.7555943040286985,0.034318924150054726,98.94036920206597,0.8959190005598201,68.2121627102035
4.863397273056406,0.10827805888136303,73.693627927092,0.999934461312177,68.19145398471424
4.893842311153969,0.007640731732279284,84.9683183887082,0.973859347499881,83.46478402052301
5.649656435661967,0.013889892447962831,125.22501162799098,0.9866215241763996,46.14705931381644
5.316386188546195,0.08051913045308816,62.98328473737162,0.9247083009985839,61.13479666549959
5.307432233684518,0.01545395984381022,113.55055653800734,0.9718249456503003,67.31741526156264
5.3505741092820145,0.09470026238537729,129.88391902898326,0.8639396748794386,49.05091567996298
4.700353739199786,0.047041410519224586,116.32519438765307,0.8054728006902063,59.44194934914226
4.633290615503828,0.09763932349426796,107.96425756852967,0.9836501256445254,52.22811516212702
4.667938912539783,0.07887852070747321,90.72854307657752,0.8436861249297866,56.04542483720396
5.400351840001352,0.06563634065599044,87.08223891131975,0.945697270988246,56.339160030153266
4.835842463335252,0.06756663030552724,55.037382678733586,0.9317934629754308,73.14768424592131
4.624593145328214,0.07554891892726291,100.74013360534629,0.8316327096839314,52.701891713747415
4.870701139934056,0.013149498063552378,91.95519102541813,0.8391557993062293,77.85724057009327
4.928418340485612,0.009435241677838494,86.03931182636187,0.8658144962859592,83.00217292054394
5.080523982108368,0.022056068378019617,99.59837942241974,0.9513861305897169,80.92803548634733
5.075285306213613,0.10709612659469692,101.2473896040931,0.8078488489393134,65.45070065635565
4.751545830837948,0.019411608108818302,87.28885405265893,0.8814137480577136,71.08039818984251
5.205696917754113,0.018171952868541466,132.26161566953573,0.9330226412577133,70.36668326267268
4.808241939874953,0.047600415515788946,114.61205558224849,0.8342941891877267,66.5791322906585
4.953117098988487,0.0484650833944691,117.92557116746556,0.8238834545155278,74.60237540370288
5.206032221151006,0.1467446355312915,97.93394432721182,0.8780424482124427,53.393825932773574
4.807453578816697,0.012317876857468168,110.22471464522286,0.8573118435723405,72.72329860730615
4.829194572925659,0.05063942888956384,82.08590798802874,0.9298191328470198,72.54355190024249
5.177500414907939,0.04001530465774099,113.32517080500612,0.9939137073042559,71.89343647244701
4.742680047018494,0.005555379283297631,95.91194785372521,0.80089378718583,70.15417688695908
4.884562392918779,0.020769378225063435,79.56032929971349,0.9804759824921119,81.61182356123813
5.166722653412868,0.08392598744452615,99.54466657561541,0.8866446072780986,65.18616816654945
5.616227732430793,0.004507388765475094,94.15891939500221,0.9328015458535309,51.59036671690157
5.181621351428824,0.07575651259164076,146.46138654441833,0.9702054065689615,62.49721150246186
5.141791928897003,0.09047247415510838,108.70788496959824,0.9146917322244249,65.34465929044222
5.159240475101819,0.055943170977034995,131.59434934896444,0.8194623654382677,65.28390822120454
4.6780429177798855,0.046773264672405945,122.62574212717453,0.8281190351416402,57.966391856047586
5.0346790216039725,0.08297009014960618,100.75561199594998,0.9578560084639043,74.55530415100381
4.9910700534990795,0.056200112750000794,91.1256159413991,0.8458196462888466,78.83801762908166
5.096475362111827,0.01414054829677307,65.19546837599354,0.9138075232264868,83.84699965570483
5.034952415742762,0.0812518157254872,82.58112898670521,0.885616102495756,75.16929184785582
5.113909903225133,0.06767974753312585,113.25506915508429,0.8607277965618256,68.90249269225122
4.90655984153024,0.009608316499168958,93.95739229758594,0.9573935128244775,82.70447404366999
5.017582675211538,0.03730829105273905,107.51640651476883,0.9462433304449638,81.52202178681924
4.631651430182902,0.023419693031833125,59.39449697305327,0.9292217768943319,67.03111769678047
4.904027816599126,0.09691974922191392,109.07029698194746,0.8745342736846451,66.28736238815864
5.417250064452993,0.013731650700124571,121.92963114398572,0.845294064804257,57.61816670948829
5.095642501888476,0.01924432049570261,64.48483420387493,0.903178990199628,82.9898981959411
4.993723688785077,0.09893076952393151,107.43127812713598,0.963420820065754,73.30909448711638
5.568836982876304,0.01291111218750943,126.87069307216922,0.9151329940768388,49.54870477361519
4.591749506509676,0.06071614257038886,133.60173298678933,0.994027928638999,52.91793427912328
4.667163333366134,0.010069213856076798,89.9300185828408,0.8030874976124796,65.58816601752204
5.5138134233828815,0.03012709810024646,115.59860689223068,0.9996693562777246,53.085656318321575
5.01378828081468,0.020058049336043632,128.5957964001083,0.9382818092717379,82.0700522961366
4.927225089113062,0.054585255680399375,108.02762781560757,0.9665348034381998,75.97365028192705
4.640238702471307,0.08768549199882557,125.70155177993621,0.8669904735534911,50.03115264153079
5.134308879918503,0.09373469926728413,99.28276693323399,0.9016682656173112,65.98635093382
5.163337960858239,0.005261796288723367,107.88628287541594,0.9593978495768662,77.80978160919291
4.671651691749531,0.02936246160161068,87.56781547075596,0.9521298944733974,66.18054860712262
4.957917324334871,0.004063055021126034,96.70799684652482,0.8668068857758552,84.53091923778798
4.8993452503900805,0.039076537666507774,108.67432339752727,0.8648820470047607,74.52944297377115
5.076793143925632,0.009130690029174746,86.06761349908464,0.9325622405824262,84.06729132182595
4.664224927333807,0.0029167358190120805,95.52827253718492,0.9867318362943989,69.59779473934609
5.375584236353947,0.05637451020783826,115.21747361893607,0.887757198134826,55.24216588839036
5.274747134479282,0.09029675899571891,141.051150663522,0.8705883598618432,53.27731021276993
4.891047332380155,0.016680397304331986,59.01123016702853,0.9789374072472363,84.63840547540137
4.9350743865084885,0.01627591522209577,139.53153334647234,0.9366112122913162,78.44214681837404
4.959073354916715,0.07935636262040127,94.80256471154465,0.8776551959412165,73.71379434961256
4.766507434098049,0.03569221887005085,119.2979973805477,0.811455246169559,64.93591840071171
4.866971174529489,0.03133286798244969,123.2218539998348,0.944297854409557,73.88211196260954
4.9189188896976175,0.013593579279010934,131.28993547881095,0.870577298138076,77.37864890488585
5.483860511212138,0.0721521263418191,85.44076270540418,0.814113239554472,47.883738896547854
5.283985492499131,0.04979159322552737,95.49457383764403,0.9224578174492754,64.39183043144415
5.280396412200987,0.026062186591018974,98.92807802094192,0.8646013740987688,66.66610695916914
5.110977683901317,0.007733343729403416,92.8513231500531,0.867691301662106,80.25003112474727
4.66480189732063,0.0726171251554938,126.37521949678279,0.8958340261495785,54.27470363922702
4.987552668626786,0.03235428278437027,98.46344597977068,0.943494953465691,83.42357217128836
5.291146537884014,0.04652448992649364,67.62904670383261,0.8552660955272589,65.89495147814702
4.622520611189814,0.05874338062373265,87.33972355372472,0.8161891831557803,56.129540885572084
5.19096596206198,0.04168470821642746,68.4319994660624,0.8848851442879012,73.14383898296887
5.69678276757883,0.03261649866858379,95.43322426613318,0.8109850846232789,39.97693841083492
5.31854499379692,0.036957084310393504,113.45099349135873,0.9394537019784432,62.787712416058795
5.424208740668596,0.029532365504602965,86.91046655392623,0.9918486935845148,61.26354795049148
5.065501625132648,0.008703235678401908,91.93934070730846,0.9317517615296264,84.20551830014251
5.2903795846294965,0.07182444192852133,94.50469415323612,0.8550780899501708,59.45465101663181
4.784644035693789,0.08886319519066169,102.8148498767049,0.8363404775075207,60.194487425508036
5.238759143702368,0.04499372036842261,110.32165557271048,0.846556714260018,64.82436205052382
5.196316440218229,0.04711296956242754,116.14510855870736,0.8443220006336243,66.42599730934387
5.086973352211299,0.018251965192330983,145.11033965873042,0.8627661012089032,74.78809214677746
5.39480222591555,0.08447968098123795,102.46991862000145,0.8194693356256291,49.78230914839376
4.838364548645783,0.019612704638737825,114.71586107959429,0.9791438115292871,75.47125734556265
4.943882745057901,0.02306263551701936,68.2488650464345,0.9770240990659016,85.88916485259574
5.028638612407489,0.06492134546186751,92.41634028868933,0.923047250713639,77.76279242167438
4.69111670867318,0.07692634184698768,94.59166213075854,0.812384073374605,56.71656649775889
5.068079583140074,0.04981667919327369,79.65370222025791,0.9608001481443532,79.69335587346579
4.484320876113846,0.0692512919534851,89.28014537264929,0.8123577167476491,45.99069857149603
5.314086360328463,0.008589123278273459,97.85030564688745,0.8212842447526264,66.507104218915
5.01399120996979,0.07056477239864599,89.90673251670384,0.865059278528854,76.88632386092242
4.843732128828871,0.05733424280473397,152.0366837567632,0.886294063533112,64.5460042040081
4.749687916311464,0.013229274397429689,110.2455068315546,0.8707777913430639,69.38788896277919
4.929626291114244,0.05942515682040862,140.02045477718673,0.8330459561956728,69.5226775899881
5.2064779132317245,0.045474743082776437,129.8530235766801,0.8224259435363549,64.25333025673916
5.164321693621268,0.08711283914300905,87.21507733099229,0.9718830453408833,67.78992568499099
4.788338615816461,0.013111903933281172,100.75120934839623,0.8726362451903856,72.71113532796359
4.74618809821171,0.020165642920355827,91.30350757850846,0.8437198756223018,69.49048620924441
5.197069611895894,0.0062450981434499266,96.76354481427336,0.8973982713246751,75.51066950979505
4.783295778615491,0.04858043554035578,80.47132661622538,0.8073646801075904,67.81084232640538
5.017972932223851,0.08142588032074564,91.16929341659554,0.9200562364664501,75.99193740612652
5.037126392757283,0.04198034056902612,107.19037763066477,0.8496979173699196,77.750285933541
5.093618639518022,0.05491409046623265,106.66244113884407,0.919639282826265,73.87230960162469
5.257481129054561,0.1369998160966224,105.06807330432534,0.9228250328891738,51.95085316958392
4.621111118939803,0.011133860605498069,98.80650350232882,0.9618448382717293,64.95283446076516
4.426652202421854,0.032644639784515476,117.21484850473881,0.8459809511218948,45.90057034959795
4.829765815631495,0.01459654203088195,94.85913947842924,0.8926929277238561,75.9644122398916
5.540458522349656,0.0444981154726358,127.83104679523231,0.9923774676383575,47.96221601136918
5.606652230026214,0.06800304373507612,63.04804885964876,0.9454249688169241,46.00410412853937
5.5493531406697665,0.03498980857864649,113.13622047951512,0.9950687616035117,50.378093457135755
4.942105589671793,0.10704290385072175,109.76742224494714,0.9854731426154208,69.20262043051302
4.4653654754045515,0.0036627705029454033,86.508668854969,0.9221497193612864,57.164640450560114
4.297088269504448,0.006855876348231189,92.89537946289447,0.8527860711764287,44.56309819527131
4.815788551535177,0.031570317563870784,109.29581878218073,0.9513848313324833,72.3098802059616
4.940577910955192,0.043248082275304855,118.31870494297499,0.9396238491624586,76.90806880496748
5.390187620316787,0.03139736310313046,65.01073663337787,0.9177780240714796,63.733625133615
5.260341637862734,0.04422075134775455,112.56492135308511,0.9395658456982602,65.28121380472949
5.068221523697487,0.03562575830977807,90.84697628884886,0.9227172829090502,79.9324928609802
4.733046568717658,0.001291320759828133,122.50579548597106,0.9038758046145693,69.61603255277952
4.711766132526533,0.009048850703732281,63.21449572367646,0.8831910963366687,72.69101270039783
5.0762383061214305,0.021624102737662184,148.90597930242416,0.8089416749154882,73.47032179013219
5.209115293651918,0.028076134366460715,82.27720133971805,0.9731375838206362,74.47669376835677
5.117564378673675,0.036769566193661576,128.59922373579354,0.9731081165199491,74.03294230734987
4.689620612118004,0.1107734480001925,98.61630760534334,0.9188094639937845,53.275778046392716
5.195200288637626,0.10736186642549457,83.6266652559974,0.8535768610316309,60.89257341295116
5.127773290130423,0.047786565955150115,105.30228010762822,0.8056262088077786,70.74791386429486
4.678800078142946,0.014161793934684743,120.58250889912736,0.8002857608333949,62.55119992512922
4.764703708909924,0.013361161844332402,68.94590398510475,0.8145814779445079,73.27508741832523
5.20654879236847,0.12380161410232084,114.03177698574018,0.871977265270233,55.07319794937431
4.929647739456232,0.016426443811074217,99.7564300268582,0.8376791891994155,80.0928385770153
5.476744190490937,0.05579331685820381,111.54088165132669,0.8530116171275047,48.932495219230645
5.1503387828193725,0.06710871517969344,100.2195071467796,0.9399320754609864,69.6900565484254
4.854010643543219,0.052114599680165075,88.56262322490691,0.9918299548718315,74.40378543551434
4.99693831988272,0.027919597787623422,77.73753497256243,0.8413551686040065,84.6817093996436
5.0190150177913155,0.08519370729656896,113.4529022409405,0.8931287868272979,72.59732835048763
4.781482906027487,0.0035731388955729804,113.34543984397669,0.998295880299882,74.98437714891327
4.726223540546712,0.07425944580671807,113.24544495381616,0.9863348796468357,60.836648659350125
5.21041696814285,0.0007708778139893513,108.55192638881147,0.8704632606058462,73.81342281256637
5.253581989112629,0.02405706544388812,118.8939774367894,0.8639378093596166,66.56587928017245
5.181134440865888,0.03028564902112606,128.12138559539284,0.8484341280674497,68.74563019668753
5.45459542829714,0.033224821058647644,62.47164305186964,0.8310805699658178,58.11499823750383
4.837468029196519,0.05295340144012427,53.16405112261823,0.8920104158257557,74.82887474002582
5.502281229821339,0.01713727855485393,134.3589471975929,0.8682241026813495,51.22112176135929
4.729723664433754,0.031651442251747194,73.17906970829623,0.948967518774079,70.69714693291513
4.696194330989452,0.055686760983068004,78.27513426420761,0.8473733007661023,62.53859830080821
4.472012335355225,0.036398519523611644,94.24771376250152,0.9472664478040098,52.38151977260179
4.866261405851955,0.06812959914229011,66.92056842573795,0.8576293171963949,72.2167739811279
4.848883298951164,0.04562997556363993,92.36826605384725,0.9185457569295119,73.22259013572938
5.157781184076395,0.01765557900986559,81.0378931175467,0.9276860192789462,78.33472317776071
5.073167282486136,0.023805120823429372,95.33318260605985,0.9343562851000666,81.19300236871281
4.642107988694259,0.02625664953848386,105.59682609814203,0.8350677972074524,60.729655225217805
4.882182128472254,0.025957932923700123,93.1292354914087,0.8565422739443389,76.85515969952615
4.888561393673695,0.03523124870469964,92.11905429205706,0.8492231370810467,75.80155362713195
4.467205325911432,0.014036080455885228,105.15991593583293,0.915232082203096,53.71555753678175
4.705715981895989,0.12182911783360403,120.88583595899897,0.8151492804542734,48.28299325190431
4.7687559108157735,0.0006372047110774458,132.05928693843333,0.90365128999217,70.89687104828486
5.430087505946284,0.08164333956933573,95.62923491995569,0.8174934111286084,48.73519343839918
5.057435214787206,0.0034330254739898987,136.49778303846475,0.8674111979866228,79.73737894755514
5.19865062618425,0.06444194097699961,117.53413669522493,0.9373412185902231,65.40808198467703
4.550409350855237,0.06512458277789236,75.35983092053647,0.8825128110023538,53.37014676262377
5.358264344904198,0.06762952539760224,74.7758348877265,0.8560683678764456,58.00349436486406
5.390330618907228,0.03939136710044793,88.4542429879466,0.9231714351798069,60.2894622053006
4.4004965098566124,0.08886832893905758,128.89207966719454,0.9480538224964223,36.771409733747106
4.788404982825246,0.038917698467636395,89.97265368868926,0.8509169869545192,69.48771856959075
5.148729671904653,0.10567648646701398,62.152863509874535,0.8598799802191754,66.20705996906477
5.193316536061455,0.06099599015942167,95.42231582224579,0.9280587833902172,68.27055339797921
